0,1,0,0,6.26
0.000999001,1,-0.039439,0.00625375,6.26
0.001998,0.999961,-0.078878,0.0125075,6.25975
0.002997,0.999882,-0.118315,0.018761,6.25926
0.003996,0.999764,-0.15775,0.025014,6.25852
0.004995,0.999606,-0.197179,0.0312663,6.25753
0.00599401,0.999409,-0.236603,0.0375175,6.2563
0.00699301,0.999173,-0.276018,0.0437676,6.25482
0.00799201,0.998897,-0.315425,0.0500162,6.25309
0.00899101,0.998582,-0.35482,0.056263,6.25112
0.00999001,0.998227,-0.394203,0.0625079,6.2489
0.010989,0.997834,-0.433572,0.0687506,6.24644
0.011988,0.9974,-0.472926,0.0749908,6.24373
0.012987,0.996928,-0.512262,0.0812282,6.24077
0.013986,0.996416,-0.55158,0.0874628,6.23757
0.014985,0.995865,-0.590878,0.0936941,6.23412
0.015984,0.995275,-0.630154,0.099922,6.23042
0.016983,0.994645,-0.669406,0.106146,6.22648
0.017982,0.993977,-0.708634,0.112366,6.22229
0.018981,0.993269,-0.747836,0.118583,6.21786
0.01998,0.992522,-0.787009,0.124794,6.21319
0.020979,0.991735,-0.826153,0.131001,6.20826
0.021978,0.99091,-0.865266,0.137203,6.2031
0.022977,0.990046,-0.904347,0.1434,6.19769
0.023976,0.989142,-0.943393,0.149592,6.19203
0.024975,0.9882,-0.982404,0.155777,6.18613
0.025974,0.987218,-1.02138,0.161957,6.17999
0.026973,0.986198,-1.06031,0.168131,6.1736
0.027972,0.985139,-1.09921,0.174299,6.16697
0.028971,0.984041,-1.13806,0.180459,6.16009
0.02997,0.982904,-1.17687,0.186613,6.15298
0.030969,0.981728,-1.21563,0.19276,6.14562
0.031968,0.980514,-1.25435,0.1989,6.13801
0.032967,0.97926,-1.29302,0.205032,6.13017
0.033966,0.977969,-1.33164,0.211156,6.12208
0.034965,0.976638,-1.37021,0.217272,6.11376
0.035964,0.97527,-1.40873,0.223379,6.10519
0.036963,0.973862,-1.4472,0.229478,6.09638
0.037962,0.972417,-1.4856,0.235569,6.08733
0.038961,0.970932,-1.52395,0.24165,6.07804
0.03996,0.96941,-1.56225,0.247722,6.06851
0.040959,0.967849,-1.60048,0.253784,6.05874
0.041958,0.96625,-1.63865,0.259837,6.04873
0.042957,0.964613,-1.67676,0.26588,6.03848
0.043956,0.962938,-1.7148,0.271912,6.02799
0.044955,0.961225,-1.75278,0.277934,6.01727
0.045954,0.959474,-1.79069,0.283945,6.00631
0.046953,0.957685,-1.82853,0.289946,5.99511
0.047952,0.955859,-1.8663,0.295935,5.98367
0.048951,0.953994,-1.904,0.301912,5.972
0.04995,0.952092,-1.94162,0.307879,5.9601
0.0509491,0.950152,-1.97917,0.313833,5.94795
0.0519481,0.948175,-2.01664,0.319775,5.93558
0.0529471,0.946161,-2.05404,0.325704,5.92296
0.0539461,0.944109,-2.09136,0.331621,5.91012
0.0549451,0.942019,-2.12859,0.337526,5.89704
0.0559441,0.939893,-2.16574,0.343417,5.88373
0.0569431,0.937729,-2.20281,0.349295,5.87019
0.0579421,0.935529,-2.23979,0.355159,5.85641
0.0589411,0.933291,-2.27669,0.361009,5.8424
0.0599401,0.931017,-2.3135,0.366846,5.82816
0.0609391,0.928705,-2.35022,0.372668,5.8137
0.0619381,0.926358,-2.38684,0.378476,5.799
0.0629371,0.923973,-2.42338,0.384269,5.78407
0.0639361,0.921552,-2.45982,0.390048,5.76892
0.0649351,0.919095,-2.49616,0.395811,5.75353
0.0659341,0.916601,-2.53241,0.401559,5.73792
0.0669331,0.914071,-2.56856,0.407291,5.72209
0.0679321,0.911505,-2.60461,0.413007,5.70602
0.0689311,0.908903,-2.64056,0.418708,5.68973
0.0699301,0.906265,-2.67641,0.424392,5.67322
0.0709291,0.903592,-2.71215,0.430059,5.65648
0.0719281,0.900882,-2.74779,0.43571,5.63952
0.0729271,0.898137,-2.78332,0.441344,5.62234
0.0739261,0.895357,-2.81874,0.446961,5.60493
0.0749251,0.892541,-2.85405,0.45256,5.5873
0.0759241,0.889689,-2.88925,0.458142,5.56946
0.0769231,0.886803,-2.92434,0.463706,5.55139
0.0779221,0.883882,-2.95931,0.469251,5.5331
0.0789211,0.880925,-2.99417,0.474779,5.51459
0.0799201,0.877934,-3.02892,0.480288,5.49587
0.0809191,0.874908,-3.06354,0.485778,5.47693
0.0819181,0.871848,-3.09805,0.49125,5.45777
0.0829171,0.868753,-3.13243,0.496702,5.43839
0.0839161,0.865624,-3.16669,0.502135,5.4188
0.0849151,0.86246,-3.20083,0.507549,5.399
0.0859141,0.859262,-3.23485,0.512942,5.37898
0.0869131,0.856031,-3.26874,0.518316,5.35875
0.0879121,0.852765,-3.3025,0.523669,5.33831
0.0889111,0.849466,-3.33613,0.529002,5.31766
0.0899101,0.846133,-3.36963,0.534314,5.29679
0.0909091,0.842767,-3.403,0.539606,5.27572
0.0919081,0.839367,-3.43624,0.544876,5.25444
0.0929071,0.835935,-3.46934,0.550126,5.23295
0.0939061,0.832469,-3.50231,0.555353,5.21125
0.0949051,0.82897,-3.53514,0.560559,5.18935
0.0959041,0.825438,-3.56784,0.565744,5.16724
0.0969031,0.821874,-3.60039,0.570906,5.14493
0.0979021,0.818277,-3.63281,0.576045,5.12242
0.0989011,0.814648,-3.66508,0.581163,5.0997
0.0999001,0.810987,-3.69721,0.586257,5.07678
0.100899,0.807293,-3.72919,0.591329,5.05366
0.101898,0.803568,-3.76103,0.596378,5.03033
0.102897,0.79981,-3.79272,0.601403,5.00681
0.103896,0.796021,-3.82427,0.606405,4.98309
0.104895,0.792201,-3.85566,0.611383,4.95918
0.105894,0.788349,-3.8869,0.616337,4.93507
0.106893,0.784466,-3.91799,0.621267,4.91076
0.107892,0.780552,-3.94893,0.626173,4.88626
0.108891,0.776607,-3.97972,0.631054,4.86156
0.10989,0.772631,-4.01035,0.635911,4.83667
0.110889,0.768625,-4.04082,0.640743,4.81159
0.111888,0.764588,-4.07113,0.64555,4.78632
0.112887,0.760521,-4.10129,0.650331,4.76086
0.113886,0.756424,-4.13128,0.655087,4.73521
0.114885,0.752297,-4.16111,0.659818,4.70938
0.115884,0.74814,-4.19078,0.664523,4.68336
0.116883,0.743953,-4.22029,0.669201,4.65715
0.117882,0.739737,-4.24963,0.673854,4.63076
0.118881,0.735492,-4.2788,0.67848,4.60418
0.11988,0.731217,-4.30781,0.683079,4.57742
0.120879,0.726914,-4.33665,0.687652,4.55048
0.121878,0.722581,-4.36532,0.692198,4.52336
0.122877,0.718221,-4.39382,0.696717,4.49606
0.123876,0.713831,-4.42214,0.701209,4.46858
0.124875,0.709413,-4.45029,0.705673,4.44093
0.125874,0.704968,-4.47827,0.710109,4.4131
0.126873,0.700494,-4.50608,0.714518,4.38509
0.127872,0.695992,-4.5337,0.718899,4.35691
0.128871,0.691463,-4.56115,0.723251,4.32856
0.12987,0.686906,-4.58842,0.727575,4.30003
0.130869,0.682323,-4.61551,0.731871,4.27134
0.131868,0.677712,-4.64242,0.736138,4.24247
0.132867,0.673074,-4.66915,0.740377,4.21344
0.133866,0.668409,-4.6957,0.744586,4.18424
0.134865,0.663718,-4.72206,0.748766,4.15488
0.135864,0.659001,-4.74824,0.752917,4.12535
0.136863,0.654258,-4.77423,0.757038,4.09565
0.137862,0.649488,-4.80003,0.761129,4.0658
0.138861,0.644693,-4.82564,0.765191,4.03578
0.13986,0.639872,-4.85107,0.769223,4.0056
0.140859,0.635026,-4.87631,0.773224,3.97526
0.141858,0.630154,-4.90135,0.777196,3.94477
0.142857,0.625258,-4.9262,0.781137,3.91411
0.143856,0.620337,-4.95086,0.785047,3.88331
0.144855,0.615391,-4.97533,0.788926,3.85235
0.145854,0.61042,-4.9996,0.792775,3.82123
0.146853,0.605426,-5.02367,0.796592,3.78997
0.147852,0.600407,-5.04755,0.800378,3.75855
0.148851,0.595365,-5.07123,0.804133,3.72698
0.14985,0.590298,-5.09471,0.807856,3.69527
0.150849,0.585209,-5.11799,0.811548,3.66341
0.151848,0.580096,-5.14107,0.815208,3.6314
0.152847,0.57496,-5.16395,0.818835,3.59925
0.153846,0.569801,-5.18663,0.822431,3.56696
0.154845,0.56462,-5.2091,0.825994,3.53452
0.155844,0.559416,-5.23137,0.829525,3.50194
0.156843,0.55419,-5.25343,0.833024,3.46923
0.157842,0.548942,-5.27529,0.83649,3.43637
0.158841,0.543672,-5.29694,0.839923,3.40338
0.15984,0.53838,-5.31838,0.843323,3.37026
0.160839,0.533067,-5.33961,0.846689,3.337
0.161838,0.527733,-5.36063,0.850023,3.30361
0.162837,0.522377,-5.38145,0.853323,3.27008
0.163836,0.517001,-5.40205,0.85659,3.23643
0.164835,0.511605,-5.42244,0.859823,3.20264
0.165834,0.506188,-5.44262,0.863023,3.16873
0.166833,0.50075,-5.46258,0.866188,3.1347
0.167832,0.495293,-5.48233,0.86932,3.10054
0.168831,0.489816,-5.50186,0.872417,3.06625
0.16983,0.48432,-5.52118,0.875481,3.03184
0.170829,0.478804,-5.54028,0.878509,2.99732
0.171828,0.47327,-5.55917,0.881504,2.96267
0.172827,0.467716,-5.57783,0.884463,2.9279
0.173826,0.462144,-5.59628,0.887388,2.89302
0.174825,0.456553,-5.6145,0.890279,2.85802
0.175824,0.450944,-5.63251,0.893134,2.82291
0.176823,0.445317,-5.65029,0.895954,2.78769
0.177822,0.439673,-5.66786,0.898739,2.75235
0.178821,0.43401,-5.6852,0.901488,2.71691
0.17982,0.428331,-5.70231,0.904203,2.68135
0.180819,0.422634,-5.71921,0.906881,2.64569
0.181818,0.416921,-5.73588,0.909524,2.60992
0.182817,0.411191,-5.75232,0.912132,2.57405
0.183816,0.405444,-5.76854,0.914703,2.53808
0.184815,0.399681,-5.78453,0.917239,2.502
0.185814,0.393903,-5.80029,0.919738,2.46583
0.186813,0.388108,-5.81582,0.922201,2.42956
0.187812,0.382298,-5.83113,0.924629,2.39319
0.188811,0.376473,-5.84621,0.927019,2.35672
0.18981,0.370632,-5.86106,0.929374,2.32016
0.190809,0.364777,-5.87567,0.931692,2.2835
0.191808,0.358907,-5.89006,0.933973,2.24676
0.192807,0.353023,-5.90421,0.936217,2.20993
0.193806,0.347125,-5.91814,0.938425,2.173
0.194805,0.341213,-5.93183,0.940596,2.13599
0.195804,0.335287,-5.94528,0.94273,2.09889
0.196803,0.329347,-5.95851,0.944827,2.06171
0.197802,0.323395,-5.9715,0.946886,2.02445
0.198801,0.317429,-5.98425,0.948909,1.98711
0.1998,0.311451,-5.99677,0.950894,1.94968
0.200799,0.30546,-6.00905,0.952841,1.91218
0.201798,0.299457,-6.0211,0.954752,1.8746
0.202797,0.293442,-6.03291,0.956624,1.83695
0.203796,0.287415,-6.04448,0.95846,1.79922
0.204795,0.281377,-6.05582,0.960257,1.76142
0.205794,0.275327,-6.06692,0.962017,1.72355
0.206793,0.269266,-6.07777,0.963739,1.68561
0.207792,0.263194,-6.08839,0.965422,1.6476
0.208791,0.257112,-6.09877,0.967068,1.60952
0.20979,0.251019,-6.10891,0.968676,1.57138
0.210789,0.244917,-6.11881,0.970246,1.53318
0.211788,0.238804,-6.12847,0.971778,1.49491
0.212787,0.232682,-6.13789,0.973271,1.45659
0.213786,0.22655,-6.14707,0.974726,1.4182
0.214785,0.220409,-6.156,0.976143,1.37976
0.215784,0.214259,-6.1647,0.977521,1.34126
0.216783,0.208101,-6.17315,0.978861,1.30271
0.217782,0.201934,-6.18135,0.980163,1.2641
0.218781,0.195758,-6.18932,0.981426,1.22545
0.21978,0.189575,-6.19704,0.98265,1.18674
0.220779,0.183384,-6.20452,0.983835,1.14799
0.221778,0.177186,-6.21175,0.984982,1.10918
0.222777,0.170981,-6.21874,0.98609,1.07034
0.223776,0.164768,-6.22548,0.98716,1.03145
0.224775,0.158549,-6.23198,0.98819,0.992515
0.225774,0.152323,-6.23823,0.989182,0.953542
0.226773,0.146091,-6.24424,0.990134,0.91453
0.227772,0.139853,-6.25,0.991048,0.87548
0.228771,0.133609,-6.25552,0.991922,0.836394
0.22977,0.12736,-6.26078,0.992758,0.797273
0.230769,0.121105,-6.26581,0.993554,0.75812
0.231768,0.114846,-6.27058,0.994312,0.718935
0.232767,0.108582,-6.27511,0.99503,0.679721
0.233766,0.102313,-6.2794,0.995709,0.640478
0.234765,0.0960396,-6.28343,0.996349,0.601208
0.235764,0.0897624,-6.28722,0.996949,0.561913
0.236763,0.0834815,-6.29076,0.997511,0.522594
0.237762,0.077197,-6.29405,0.998033,0.483253
0.238761,0.0709093,-6.2971,0.998516,0.443892
0.23976,0.0646185,-6.29989,0.998959,0.404512
0.240759,0.0583249,-6.30244,0.999363,0.365114
0.241758,0.0520287,-6.30474,0.999728,0.3257
0.242757,0.0457303,-6.30679,1.00005,0.286272
0.243756,0.0394298,-6.3086,1.00034,0.24683
0.244755,0.0331275,-6.31015,1.00059,0.207378
0.245754,0.0268236,-6.31146,1.00079,0.167916
0.246753,0.0205185,-6.31252,1.00096,0.128446
0.247752,0.0142123,-6.31333,1.00109,0.0889689
0.248751,0.00790526,-6.31389,1.00118,0.0494869
0.24975,0.00159768,-6.3142,1.00123,0.0100015
0.250749,-0.00471021,-6.31426,1.00124,-0.0294859
0.251748,-0.0110182,-6.31407,1.00121,-0.0689737
0.252747,-0.0173259,-6.31364,1.00114,-0.10846
0.253746,-0.0236333,-6.31296,1.00103,-0.147944
0.254745,-0.0299399,-6.31202,1.00088,-0.187424
0.255744,-0.0362456,-6.31084,1.0007,-0.226898
0.256743,-0.0425502,-6.30941,1.00047,-0.266364
0.257742,-0.0488533,-6.30774,1.0002,-0.305822
0.258741,-0.0551547,-6.30581,0.999897,-0.345268
0.25974,-0.0614542,-6.30363,0.999552,-0.384703
0.260739,-0.0677516,-6.30121,0.999168,-0.424125
0.261738,-0.0740465,-6.29854,0.998744,-0.463531
0.262737,-0.0803387,-6.29562,0.998281,-0.50292
0.263736,-0.0866281,-6.29245,0.997779,-0.542292
0.264735,-0.0929142,-6.28903,0.997237,-0.581643
0.265734,-0.099197,-6.28537,0.996656,-0.620973
0.266733,-0.105476,-6.28146,0.996036,-0.66028
0.267732,-0.111751,-6.2773,0.995376,-0.699563
0.268731,-0.118022,-6.27289,0.994677,-0.738819
0.26973,-0.124289,-6.26823,0.993939,-0.778048
0.270729,-0.130551,-6.26333,0.993162,-0.817248
0.271728,-0.136808,-6.25818,0.992346,-0.856418
0.272727,-0.14306,-6.25279,0.99149,-0.895555
0.273726,-0.149306,-6.24715,0.990595,-0.934658
0.274725,-0.155547,-6.24126,0.989662,-0.973726
0.275724,-0.161782,-6.23512,0.988689,-1.01276
0.276723,-0.168011,-6.22874,0.987677,-1.05175
0.277722,-0.174234,-6.22212,0.986626,-1.0907
0.278721,-0.18045,-6.21524,0.985537,-1.12961
0.27972,-0.186659,-6.20813,0.984408,-1.16848
0.280719,-0.192861,-6.20077,0.983241,-1.20731
0.281718,-0.199055,-6.19316,0.982035,-1.24609
0.282717,-0.205242,-6.18531,0.98079,-1.28482
0.283716,-0.211421,-6.17722,0.979507,-1.3235
0.284715,-0.217592,-6.16888,0.978184,-1.36213
0.285714,-0.223755,-6.1603,0.976824,-1.40071
0.286713,-0.229909,-6.15147,0.975424,-1.43923
0.287712,-0.236055,-6.1424,0.973986,-1.4777
0.288711,-0.242191,-6.13309,0.97251,-1.51611
0.28971,-0.248318,-6.12354,0.970996,-1.55447
0.290709,-0.254435,-6.11375,0.969443,-1.59276
0.291708,-0.260543,-6.10371,0.967852,-1.631
0.292707,-0.26664,-6.09344,0.966222,-1.66917
0.293706,-0.272728,-6.08292,0.964555,-1.70728
0.294705,-0.278805,-6.07217,0.962849,-1.74532
0.295704,-0.284871,-6.06117,0.961106,-1.78329
0.296703,-0.290926,-6.04994,0.959324,-1.8212
0.297702,-0.29697,-6.03846,0.957505,-1.85903
0.298701,-0.303002,-6.02675,0.955647,-1.89679
0.2997,-0.309023,-6.0148,0.953753,-1.93448
0.300699,-0.315032,-6.00261,0.95182,-1.9721
0.301698,-0.321028,-5.99019,0.94985,-2.00964
0.302697,-0.327012,-5.97753,0.947842,-2.0471
0.303696,-0.332984,-5.96463,0.945797,-2.08448
0.304695,-0.338943,-5.9515,0.943715,-2.12178
0.305694,-0.344888,-5.93813,0.941595,-2.159
0.306693,-0.35082,-5.92453,0.939438,-2.19614
0.307692,-0.356739,-5.91069,0.937244,-2.23319
0.308691,-0.362644,-5.89662,0.935013,-2.27015
0.30969,-0.368535,-5.88232,0.932746,-2.30703
0.310689,-0.374411,-5.86778,0.930441,-2.34381
0.311688,-0.380273,-5.85302,0.928099,-2.38051
0.312687,-0.38612,-5.83802,0.925721,-2.41711
0.313686,-0.391952,-5.82279,0.923307,-2.45362
0.314685,-0.397769,-5.80733,0.920855,-2.49004
0.315684,-0.403571,-5.79165,0.918368,-2.52635
0.316683,-0.409357,-5.77573,0.915844,-2.56257
0.317682,-0.415127,-5.75959,0.913284,-2.59869
0.318681,-0.42088,-5.74321,0.910688,-2.63471
0.31968,-0.426618,-5.72661,0.908056,-2.67063
0.320679,-0.432339,-5.70979,0.905388,-2.70644
0.321678,-0.438043,-5.69274,0.902684,-2.74215
0.322677,-0.44373,-5.67546,0.899945,-2.77775
0.323676,-0.4494,-5.65796,0.89717,-2.81324
0.324675,-0.455052,-5.64024,0.894359,-2.84863
0.325674,-0.460687,-5.62229,0.891513,-2.8839
0.326673,-0.466303,-5.60412,0.888632,-2.91906
0.327672,-0.471902,-5.58573,0.885716,-2.95411
0.328671,-0.477482,-5.56712,0.882765,-2.98904
0.32967,-0.483044,-5.54829,0.879779,-3.02385
0.330669,-0.488586,-5.52924,0.876758,-3.05855
0.331668,-0.49411,-5.50997,0.873703,-3.09313
0.332667,-0.499615,-5.49048,0.870613,-3.12759
0.333666,-0.5051,-5.47078,0.867488,-3.16192
0.334665,-0.510565,-5.45086,0.86433,-3.19614
0.335664,-0.51601,-5.43072,0.861137,-3.23022
0.336663,-0.521436,-5.41037,0.85791,-3.26419
0.337662,-0.526841,-5.3898,0.854649,-3.29802
0.338661,-0.532225,-5.36903,0.851354,-3.33173
0.33966,-0.537589,-5.34804,0.848026,-3.3653
0.340659,-0.542931,-5.32683,0.844664,-3.39875
0.341658,-0.548253,-5.30542,0.841268,-3.43206
0.342657,-0.553553,-5.2838,0.83784,-3.46524
0.343656,-0.558831,-5.26197,0.834378,-3.49828
0.344655,-0.564088,-5.23993,0.830883,-3.53119
0.345654,-0.569323,-5.21768,0.827355,-3.56396
0.346653,-0.574535,-5.19523,0.823795,-3.59659
0.347652,-0.579725,-5.17257,0.820202,-3.62908
0.348651,-0.584893,-5.1497,0.816577,-3.66143
0.34965,-0.590037,-5.12664,0.812919,-3.69363
0.350649,-0.595159,-5.10337,0.809229,-3.72569
0.351648,-0.600257,-5.07989,0.805507,-3.75761
0.352647,-0.605332,-5.05622,0.801753,-3.78938
0.353646,-0.610383,-5.03235,0.797967,-3.821
0.354645,-0.61541,-5.00827,0.79415,-3.85247
0.355644,-0.620414,-4.984,0.790302,-3.88379
0.356643,-0.625393,-4.95953,0.786422,-3.91496
0.357642,-0.630347,-4.93487,0.782511,-3.94597
0.358641,-0.635277,-4.91001,0.778569,-3.97684
0.35964,-0.640182,-4.88495,0.774596,-4.00754
0.360639,-0.645062,-4.85971,0.770592,-4.03809
0.361638,-0.649917,-4.83427,0.766558,-4.06848
0.362637,-0.654747,-4.80863,0.762494,-4.09871
0.363636,-0.659551,-4.78281,0.758399,-4.12879
0.364635,-0.664329,-4.7568,0.754274,-4.1587
0.365634,-0.669081,-4.7306,0.75012,-4.18844
0.366633,-0.673806,-4.70421,0.745936,-4.21803
0.367632,-0.678506,-4.67764,0.741722,-4.24745
0.368631,-0.683179,-4.65088,0.737479,-4.2767
0.36963,-0.687825,-4.62393,0.733206,-4.30579
0.370629,-0.692444,-4.59681,0.728905,-4.3347
0.371628,-0.697037,-4.5695,0.724574,-4.36345
0.372627,-0.701602,-4.54201,0.720215,-4.39203
0.373626,-0.706139,-4.51434,0.715828,-4.42043
0.374625,-0.710649,-4.48649,0.711412,-4.44866
0.375624,-0.715131,-4.45846,0.706967,-4.47672
0.376623,-0.719585,-4.43025,0.702495,-4.5046
0.377622,-0.724011,-4.40188,0.697995,-4.53231
0.378621,-0.728408,-4.37332,0.693467,-4.55984
0.37962,-0.732777,-4.34459,0.688912,-4.58719
0.380619,-0.737117,-4.31569,0.684329,-4.61436
0.381618,-0.741429,-4.28662,0.67972,-4.64134
0.382617,-0.745711,-4.25738,0.675083,-4.66815
0.383616,-0.749964,-4.22797,0.670419,-4.69478
0.384615,-0.754188,-4.19839,0.665729,-4.72122
0.385614,-0.758382,-4.16865,0.661013,-4.74747
0.386613,-0.762547,-4.13874,0.65627,-4.77354
0.387612,-0.766681,-4.10866,0.651501,-4.79943
0.388611,-0.770786,-4.07843,0.646707,-4.82512
0.38961,-0.77486,-4.04803,0.641886,-4.85063
0.390609,-0.778904,-4.01747,0.637041,-4.87594
0.391608,-0.782918,-3.98675,0.63217,-4.90106
0.392607,-0.7869,-3.95587,0.627273,-4.926
0.393606,-0.790852,-3.92484,0.622352,-4.95074
0.394605,-0.794773,-3.89365,0.617407,-4.97528
0.395604,-0.798663,-3.8623,0.612436,-4.99963
0.396603,-0.802521,-3.8308,0.607442,-5.02378
0.397602,-0.806348,-3.79915,0.602423,-5.04774
0.398601,-0.810144,-3.76735,0.59738,-5.0715
0.3996,-0.813907,-3.7354,0.592314,-5.09506
0.400599,-0.817639,-3.7033,0.587224,-5.11842
0.401598,-0.821339,-3.67105,0.58211,-5.14158
0.402597,-0.825006,-3.63866,0.576974,-5.16454
0.403596,-0.828641,-3.60612,0.571815,-5.18729
0.404595,-0.832244,-3.57344,0.566632,-5.20984
0.405594,-0.835813,-3.54062,0.561428,-5.23219
0.406593,-0.839351,-3.50766,0.556201,-5.25433
0.407592,-0.842855,-3.47455,0.550952,-5.27627
0.408591,-0.846326,-3.44131,0.545681,-5.298
0.40959,-0.849764,-3.40793,0.540388,-5.31952
0.410589,-0.853168,-3.37442,0.535074,-5.34083
0.411588,-0.856539,-3.34077,0.529738,-5.36194
0.412587,-0.859877,-3.30699,0.524382,-5.38283
0.413586,-0.86318,-3.27308,0.519004,-5.40351
0.414585,-0.86645,-3.23904,0.513606,-5.42398
0.415584,-0.869686,-3.20486,0.508188,-5.44423
0.416583,-0.872888,-3.17056,0.502749,-5.46428
0.417582,-0.876055,-3.13614,0.49729,-5.4841
0.418581,-0.879188,-3.10159,0.491811,-5.50372
0.41958,-0.882287,-3.06691,0.486313,-5.52311
0.420579,-0.88535,-3.03212,0.480796,-5.54229
0.421578,-0.888379,-2.9972,0.475259,-5.56126
0.422577,-0.891374,-2.96216,0.469703,-5.58
0.423576,-0.894333,-2.92701,0.464129,-5.59852
0.424575,-0.897257,-2.89174,0.458536,-5.61683
0.425574,-0.900146,-2.85635,0.452925,-5.63491
0.426573,-0.902999,-2.82085,0.447295,-5.65278
0.427572,-0.905817,-2.78523,0.441648,-5.67042
0.428571,-0.9086,-2.74951,0.435983,-5.68783
0.42957,-0.911347,-2.71368,0.430301,-5.70503
0.430569,-0.914058,-2.67773,0.424602,-5.722
0.431568,-0.916733,-2.64168,0.418886,-5.73875
0.432567,-0.919372,-2.60553,0.413153,-5.75527
0.433566,-0.921975,-2.56927,0.407403,-5.77156
0.434565,-0.924541,-2.53291,0.401637,-5.78763
0.435564,-0.927072,-2.49645,0.395855,-5.80347
0.436563,-0.929566,-2.45988,0.390058,-5.81908
0.437562,-0.932023,-2.42322,0.384245,-5.83446
0.438561,-0.934444,-2.38646,0.378416,-5.84962
0.43956,-0.936828,-2.34961,0.372572,-5.86454
0.440559,-0.939175,-2.31266,0.366713,-5.87924
0.441558,-0.941485,-2.27562,0.36084,-5.8937
0.442557,-0.943759,-2.23849,0.354952,-5.90793
0.443556,-0.945995,-2.20127,0.34905,-5.92193
0.444555,-0.948194,-2.16396,0.343134,-5.9357
0.445554,-0.950356,-2.12657,0.337204,-5.94923
0.446553,-0.95248,-2.08908,0.331261,-5.96253
0.447552,-0.954567,-2.05152,0.325305,-5.97559
0.448551,-0.956617,-2.01387,0.319335,-5.98842
0.44955,-0.958629,-1.97614,0.313353,-6.00102
0.450549,-0.960603,-1.93834,0.307358,-6.01337
0.451548,-0.962539,-1.90045,0.30135,-6.0255
0.452547,-0.964438,-1.86249,0.295331,-6.03738
0.453546,-0.966298,-1.82445,0.289299,-6.04903
0.454545,-0.968121,-1.78634,0.283256,-6.06044
0.455544,-0.969906,-1.74816,0.277202,-6.07161
0.456543,-0.971652,-1.70991,0.271136,-6.08254
0.457542,-0.97336,-1.67159,0.26506,-6.09324
0.458541,-0.97503,-1.6332,0.258973,-6.10369
0.45954,-0.976662,-1.59475,0.252875,-6.1139
0.460539,-0.978255,-1.55623,0.246767,-6.12388
0.461538,-0.97981,-1.51765,0.24065,-6.13361
0.462537,-0.981326,-1.479,0.234522,-6.1431
0.463536,-0.982803,-1.4403,0.228385,-6.15235
0.464535,-0.984242,-1.40154,0.222239,-6.16136
0.465534,-0.985642,-1.36272,0.216084,-6.17012
0.466533,-0.987004,-1.32385,0.20992,-6.17864
0.467532,-0.988326,-1.28492,0.203747,-6.18692
0.468531,-0.98961,-1.24595,0.197567,-6.19496
0.46953,-0.990855,-1.20692,0.191378,-6.20275
0.470529,-0.99206,-1.16784,0.185181,-6.2103
0.471528,-0.993227,-1.12871,0.178977,-6.2176
0.472527,-0.994354,-1.08954,0.172766,-6.22466
0.473526,-0.995443,-1.05032,0.166547,-6.23147
0.474525,-0.996492,-1.01106,0.160322,-6.23804
0.475524,-0.997502,-0.971764,0.15409,-6.24436
0.476523,-0.998473,-0.932424,0.147852,-6.25044
0.477522,-0.999405,-0.893045,0.141608,-6.25627
0.478521,-1.0003,-0.853629,0.135358,-6.26186
0.47952,-1.00115,-0.814179,0.129102,-6.2672
0.480519,-1.00196,-0.774694,0.122841,-6.27229
0.481518,-1.00274,-0.735178,0.116575,-6.27713
0.482517,-1.00347,-0.695631,0.110305,-6.28173
0.483516,-1.00417,-0.656055,0.104029,-6.28608
0.484515,-1.00482,-0.616452,0.0977493,-6.29018
0.485514,-1.00544,-0.576823,0.0914654,-6.29404
0.486513,-1.00601,-0.537169,0.0851777,-6.29765
0.487512,-1.00655,-0.497493,0.0788863,-6.301
0.488511,-1.00705,-0.457796,0.0725916,-6.30412
0.48951,-1.0075,-0.418079,0.0662938,-6.30698
0.490509,-1.00792,-0.378344,0.0599931,-6.30959
0.491508,-1.0083,-0.338593,0.0536898,-6.31196
0.492507,-1.00864,-0.298826,0.0473842,-6.31408
0.493506,-1.00894,-0.259047,0.0410764,-6.31595
0.494505,-1.0092,-0.219255,0.0347668,-6.31757
0.495504,-1.00941,-0.179453,0.0284555,-6.31894
0.496503,-1.00959,-0.139643,0.0221429,-6.32006
0.497502,-1.00973,-0.0998258,0.0158291,-6.32093
0.498501,-1.00983,-0.060003,0.00951453,-6.32156
0.4995,-1.00989,-0.0201762,0.00319929,-6.32193
0.5005,-1.00991,0.019653,-0.00311633,-6.32206
0.501499,-1.00989,0.0594829,-0.00943207,-6.32194
0.502498,-1.00983,0.0993121,-0.0157477,-6.32156
0.503497,-1.00974,0.139139,-0.0220629,-6.32094
0.504496,-1.0096,0.178962,-0.0283776,-6.32007
0.505495,-1.00942,0.218779,-0.0346913,-6.31895
0.506494,-1.0092,0.25859,-0.041004,-6.31758
0.507493,-1.00894,0.298391,-0.0473152,-6.31597
0.508492,-1.00864,0.338183,-0.0536249,-6.3141
0.509491,-1.0083,0.377963,-0.0599327,-6.31199
0.51049,-1.00793,0.417729,-0.0662384,-6.30962
0.511489,-1.00751,0.457481,-0.0725417,-6.30701
0.512488,-1.00705,0.497216,-0.0788424,-6.30415
0.513487,-1.00656,0.536933,-0.0851402,-6.30104
0.514486,-1.00602,0.576631,-0.091435,-6.29768
0.515485,-1.00544,0.616307,-0.0977264,-6.29408
0.516484,-1.00483,0.655961,-0.104014,-6.29022
0.517483,-1.00417,0.69559,-0.110298,-6.28612
0.518482,-1.00348,0.735194,-0.116578,-6.28177
0.519481,-1.00274,0.77477,-0.122853,-6.27717
0.52048,-1.00197,0.814317,-0.129124,-6.27233
0.521479,-1.00116,0.853834,-0.13539,-6.26723
0.522478,-1.0003,0.893318,-0.141651,-6.26189
0.523477,-0.99941,0.932769,-0.147907,-6.25631
0.524476,-0.998478,0.972185,-0.154157,-6.25047
0.525475,-0.997507,1.01156,-0.160401,-6.24439
0.526474,-0.996497,1.0509,-0.166639,-6.23807
0.527473,-0.995447,1.09021,-0.172871,-6.2315
0.528472,-0.994358,1.12946,-0.179097,-6.22468
0.529471,-0.993229,1.16868,-0.185315,-6.21762
0.53047,-0.992062,1.20785,-0.191526,-6.21031
0.531469,-0.990855,1.24698,-0.197731,-6.20275
0.532468,-0.989609,1.28606,-0.203927,-6.19495
0.533467,-0.988325,1.32509,-0.210116,-6.18691
0.534466,-0.987001,1.36407,-0.216297,-6.17863
0.535465,-0.985638,1.40299,-0.222469,-6.17009
0.536464,-0.984237,1.44186,-0.228633,-6.16132
0.537463,-0.982796,1.48068,-0.234788,-6.1523
0.538462,-0.981317,1.51944,-0.240934,-6.14304
0.539461,-0.979799,1.55814,-0.247071,-6.13354
0.54046,-0.978242,1.59679,-0.253199,-6.1238
0.541459,-0.976647,1.63537,-0.259316,-6.11381
0.542458,-0.975013,1.67388,-0.265424,-6.10358
0.543457,-0.973341,1.71234,-0.271521,-6.09312
0.544456,-0.971631,1.75073,-0.277609,-6.08241
0.545455,-0.969882,1.78905,-0.283685,-6.07146
0.546454,-0.968094,1.8273,-0.28975,-6.06027
0.547453,-0.966269,1.86548,-0.295804,-6.04884
0.548452,-0.964405,1.90359,-0.301847,-6.03718
0.549451,-0.962504,1.94162,-0.307878,-6.02527
0.55045,-0.960564,1.97958,-0.313898,-6.01313
0.551449,-0.958586,2.01747,-0.319905,-6.00075
0.552448,-0.956571,2.05527,-0.3259,-5.98813
0.553447,-0.954518,2.093,-0.331882,-5.97528
0.554446,-0.952427,2.13064,-0.337851,-5.96219
0.555445,-0.950298,2.16821,-0.343807,-5.94887
0.556444,-0.948132,2.20568,-0.34975,-5.93531
0.557443,-0.945929,2.24308,-0.35568,-5.92151
0.558442,-0.943688,2.28038,-0.361595,-5.90749
0.559441,-0.94141,2.3176,-0.367497,-5.89323
0.56044,-0.939095,2.35473,-0.373384,-5.87873
0.561439,-0.936742,2.39177,-0.379257,-5.86401
0.562438,-0.934353,2.42871,-0.385115,-5.84905
0.563437,-0.931926,2.46556,-0.390958,-5.83386
0.564436,-0.929463,2.50232,-0.396786,-5.81844
0.565435,-0.926964,2.53897,-0.402599,-5.80279
0.566434,-0.924427,2.57553,-0.408396,-5.78691
0.567433,-0.921854,2.61199,-0.414177,-5.77081
0.568432,-0.919245,2.64835,-0.419942,-5.75447
0.569431,-0.916599,2.6846,-0.425691,-5.73791
0.57043,-0.913917,2.72075,-0.431423,-5.72112
0.571429,-0.911199,2.75679,-0.437138,-5.70411
0.572428,-0.908445,2.79273,-0.442837,-5.68687
0.573427,-0.905655,2.82856,-0.448518,-5.6694
0.574426,-0.902829,2.86428,-0.454182,-5.65171
0.575425,-0.899968,2.89988,-0.459828,-5.6338
0.576424,-0.897071,2.93538,-0.465456,-5.61566
0.577423,-0.894139,2.97076,-0.471066,-5.59731
0.578422,-0.891171,3.00602,-0.476658,-5.57873
0.579421,-0.888168,3.04117,-0.482231,-5.55993
0.58042,-0.88513,3.0762,-0.487785,-5.54091
0.581419,-0.882057,3.11111,-0.493321,-5.52167
0.582418,-0.878949,3.14589,-0.498837,-5.50222
0.583417,-0.875806,3.18056,-0.504334,-5.48254
0.584416,-0.872628,3.2151,-0.509811,-5.46265
0.585415,-0.869417,3.24951,-0.515268,-5.44255
0.586414,-0.86617,3.2838,-0.520705,-5.42223
0.587413,-0.86289,3.31796,-0.526122,-5.40169
0.588412,-0.859575,3.352,-0.531518,-5.38094
0.589411,-0.856226,3.3859,-0.536894,-5.35998
0.59041,-0.852844,3.41966,-0.542248,-5.3388
0.591409,-0.849428,3.4533,-0.547582,-5.31742
0.592408,-0.845978,3.4868,-0.552894,-5.29582
0.593407,-0.842494,3.52017,-0.558184,-5.27402
0.594406,-0.838978,3.55339,-0.563453,-5.252
0.595405,-0.835428,3.58648,-0.5687,-5.22978
0.596404,-0.831845,3.61943,-0.573924,-5.20735
0.597403,-0.828229,3.65224,-0.579127,-5.18472
0.598402,-0.824581,3.6849,-0.584306,-5.16188
0.599401,-0.820899,3.71742,-0.589463,-5.13883
0.6004,-0.817186,3.7498,-0.594596,-5.11558
0.601399,-0.81344,3.78203,-0.599707,-5.09213
0.602398,-0.809661,3.81411,-0.604794,-5.06848
0.603397,-0.805851,3.84604,-0.609857,-5.04463
0.604396,-0.802009,3.87782,-0.614897,-5.02058
0.605395,-0.798135,3.90945,-0.619913,-4.99633
0.606394,-0.794229,3.94093,-0.624904,-4.97188
0.607393,-0.790292,3.97225,-0.629871,-4.94723
0.608392,-0.786324,4.00342,-0.634813,-4.92239
0.609391,-0.782325,4.03443,-0.639731,-4.89735
0.61039,-0.778294,4.06529,-0.644623,-4.87212
0.611389,-0.774233,4.09598,-0.64949,-4.8467
0.612388,-0.770141,4.12652,-0.654332,-4.82108
0.613387,-0.766019,4.15689,-0.659148,-4.79528
0.614386,-0.761866,4.1871,-0.663939,-4.76928
0.615385,-0.757683,4.21715,-0.668703,-4.7431
0.616384,-0.75347,4.24703,-0.673442,-4.71672
0.617383,-0.749227,4.27675,-0.678154,-4.69016
0.618382,-0.744955,4.3063,-0.682839,-4.66342
0.619381,-0.740653,4.33568,-0.687498,-4.63649
0.62038,-0.736322,4.36489,-0.69213,-4.60937
0.621379,-0.731961,4.39393,-0.696735,-4.58208
0.622378,-0.727572,4.42279,-0.701312,-4.5546
0.623377,-0.723153,4.45149,-0.705862,-4.52694
0.624376,-0.718706,4.48001,-0.710385,-4.4991
0.625375,-0.714231,4.50835,-0.714879,-4.47108
0.626374,-0.709727,4.53652,-0.719346,-4.44289
0.627373,-0.705195,4.56451,-0.723784,-4.41452
0.628372,-0.700635,4.59233,-0.728194,-4.38597
0.629371,-0.696047,4.61996,-0.732576,-4.35726
0.63037,-0.691432,4.64741,-0.736929,-4.32836
0.631369,-0.686789,4.67468,-0.741253,-4.2993
0.632368,-0.682119,4.70177,-0.745548,-4.27007
0.633367,-0.677422,4.72867,-0.749814,-4.24066
0.634366,-0.672698,4.75538,-0.75405,-4.21109
0.635365,-0.667947,4.78191,-0.758257,-4.18135
0.636364,-0.66317,4.80826,-0.762434,-4.15145
0.637363,-0.658367,4.83441,-0.766581,-4.12138
0.638362,-0.653537,4.86038,-0.770699,-4.09114
0.639361,-0.648682,4.88615,-0.774786,-4.06075
0.64036,-0.6438,4.91174,-0.778842,-4.03019
0.641359,-0.638894,4.93713,-0.782869,-3.99947
0.642358,-0.633961,4.96232,-0.786864,-3.9686
0.643357,-0.629004,4.98733,-0.790829,-3.93757
0.644356,-0.624022,5.01213,-0.794762,-3.90638
0.645355,-0.619015,5.03675,-0.798665,-3.87503
0.646354,-0.613983,5.06116,-0.802536,-3.84353
0.647353,-0.608927,5.08537,-0.806376,-3.81188
0.648352,-0.603846,5.10939,-0.810184,-3.78008
0.649351,-0.598742,5.1332,-0.81396,-3.74813
0.65035,-0.593614,5.15682,-0.817704,-3.71602
0.651349,-0.588462,5.18023,-0.821417,-3.68377
0.652348,-0.583287,5.20344,-0.825097,-3.65138
0.653347,-0.578089,5.22644,-0.828745,-3.61884
0.654346,-0.572868,5.24924,-0.83236,-3.58615
0.655345,-0.567624,5.27183,-0.835942,-3.55333
0.656344,-0.562357,5.29422,-0.839492,-3.52036
0.657343,-0.557068,5.3164,-0.843009,-3.48725
0.658342,-0.551757,5.33837,-0.846493,-3.454
0.659341,-0.546424,5.36013,-0.849943,-3.42062
0.66034,-0.541069,5.38168,-0.853361,-3.38709
0.661339,-0.535693,5.40302,-0.856744,-3.35344
0.662338,-0.530296,5.42415,-0.860094,-3.31965
0.663337,-0.524877,5.44506,-0.863411,-3.28573
0.664336,-0.519437,5.46576,-0.866693,-3.25168
0.665335,-0.513977,5.48625,-0.869942,-3.2175
0.666334,-0.508496,5.50652,-0.873156,-3.18319
0.667333,-0.502995,5.52657,-0.876336,-3.14875
0.668332,-0.497474,5.54641,-0.879481,-3.11419
0.669331,-0.491933,5.56603,-0.882593,-3.0795
0.67033,-0.486373,5.58543,-0.885669,-3.04469
0.671329,-0.480793,5.60461,-0.888711,-3.00976
0.672328,-0.475194,5.62358,-0.891717,-2.97471
0.673327,-0.469576,5.64232,-0.894689,-2.93955
0.674326,-0.463939,5.66084,-0.897626,-2.90426
0.675325,-0.458284,5.67913,-0.900527,-2.86886
0.676324,-0.452611,5.69721,-0.903393,-2.83334
0.677323,-0.446919,5.71506,-0.906224,-2.79771
0.678322,-0.44121,5.73269,-0.909018,-2.76197
0.679321,-0.435483,5.75009,-0.911778,-2.72612
0.68032,-0.429738,5.76726,-0.914501,-2.69016
0.681319,-0.423977,5.78421,-0.917189,-2.6541
0.682318,-0.418198,5.80093,-0.91984,-2.61792
0.683317,-0.412403,5.81742,-0.922455,-2.58164
0.684316,-0.406592,5.83369,-0.925034,-2.54526
0.685315,-0.400764,5.84972,-0.927577,-2.50878
0.686314,-0.39492,5.86553,-0.930083,-2.4722
0.687313,-0.38906,5.88111,-0.932553,-2.43552
0.688312,-0.383185,5.89645,-0.934986,-2.39874
0.689311,-0.377295,5.91156,-0.937383,-2.36186
0.69031,-0.371389,5.92644,-0.939742,-2.32489
0.691309,-0.365468,5.94109,-0.942065,-2.28783
0.692308,-0.359533,5.9555,-0.94435,-2.25068
0.693307,-0.353584,5.96968,-0.946599,-2.21343
0.694306,-0.34762,5.98363,-0.94881,-2.1761
0.695305,-0.341642,5.99734,-0.950984,-2.13868
0.696304,-0.335651,6.01081,-0.95312,-2.10117
0.697303,-0.329646,6.02405,-0.955219,-2.06358
0.698302,-0.323628,6.03705,-0.957281,-2.02591
0.699301,-0.317597,6.04981,-0.959305,-1.98816
0.7003,-0.311553,6.06234,-0.961291,-1.95032
0.701299,-0.305497,6.07463,-0.963239,-1.91241
0.702298,-0.299428,6.08668,-0.96515,-1.87442
0.703297,-0.293348,6.09848,-0.967022,-1.83636
0.704296,-0.287255,6.11005,-0.968857,-1.79822
0.705295,-0.281152,6.12138,-0.970653,-1.76001
0.706294,-0.275036,6.13247,-0.972412,-1.72173
0.707293,-0.26891,6.14332,-0.974132,-1.68338
0.708292,-0.262773,6.15392,-0.975813,-1.64496
0.709291,-0.256625,6.16429,-0.977457,-1.60647
0.71029,-0.250467,6.17441,-0.979061,-1.56792
0.711289,-0.244299,6.18429,-0.980628,-1.52931
0.712288,-0.23812,6.19392,-0.982156,-1.49063
0.713287,-0.231933,6.20331,-0.983645,-1.4519
0.714286,-0.225736,6.21246,-0.985095,-1.4131
0.715285,-0.219529,6.22136,-0.986507,-1.37425
0.716284,-0.213314,6.23002,-0.98788,-1.33535
0.717283,-0.20709,6.23843,-0.989214,-1.29639
0.718282,-0.200858,6.2466,-0.990509,-1.25737
0.719281,-0.194618,6.25452,-0.991765,-1.21831
0.72028,-0.18837,6.2622,-0.992982,-1.17919
0.721279,-0.182114,6.26963,-0.99416,-1.14003
0.722278,-0.17585,6.27681,-0.995299,-1.10082
0.723277,-0.16958,6.28375,-0.996399,-1.06157
0.724276,-0.163302,6.29043,-0.997459,-1.02227
0.725275,-0.157018,6.29687,-0.99848,-0.982933
0.726274,-0.150728,6.30307,-0.999462,-0.943554
0.727273,-0.144431,6.30901,-1.00041,-0.904137
0.728272,-0.138128,6.31471,-1.00131,-0.864682
0.729271,-0.13182,6.32015,-1.00217,-0.825191
0.73027,-0.125506,6.32535,-1.003,-0.785666
0.731269,-0.119187,6.3303,-1.00378,-0.746109
0.732268,-0.112863,6.335,-1.00453,-0.706521
0.733267,-0.106534,6.33946,-1.00523,-0.666904
0.734266,-0.100201,6.34366,-1.0059,-0.627258
0.735265,-0.0938637,6.34761,-1.00653,-0.587587
0.736264,-0.0875224,6.35131,-1.00711,-0.54789
0.737263,-0.0811775,6.35476,-1.00766,-0.508171
0.738262,-0.074829,6.35796,-1.00817,-0.46843
0.739261,-0.0684774,6.36091,-1.00864,-0.428669
0.74026,-0.0621229,6.36362,-1.00906,-0.388889
0.741259,-0.0557656,6.36607,-1.00945,-0.349093
0.742258,-0.0494059,6.36826,-1.0098,-0.309281
0.743257,-0.043044,6.37021,-1.01011,-0.269455
0.744256,-0.0366802,6.37191,-1.01038,-0.229618
0.745255,-0.0303146,6.37336,-1.01061,-0.189769
0.746254,-0.0239476,6.37455,-1.0108,-0.149912
0.747253,-0.0175794,6.3755,-1.01095,-0.110047
0.748252,-0.0112103,6.37619,-1.01106,-0.0701765
0.749251,-0.00484048,6.37663,-1.01113,-0.0303014
0.75025,0.00152978,6.37682,-1.01116,0.00957645
0.751249,0.00790024,6.37676,-1.01115,0.0494555
0.752248,0.0142706,6.37645,-1.0111,0.0893341
0.753247,0.0206407,6.37589,-1.01101,0.129211
0.754246,0.0270102,6.37508,-1.01088,0.169084
0.755245,0.0333789,6.37401,-1.01071,0.208952
0.756244,0.0397466,6.37269,-1.0105,0.248814
0.757243,0.0461129,6.37113,-1.01025,0.288667
0.758242,0.0524777,6.36931,-1.00997,0.32851
0.759241,0.0588406,6.36724,-1.00964,0.368342
0.76024,0.0652015,6.36492,-1.00927,0.408161
0.761239,0.0715601,6.36235,-1.00886,0.447966
0.762238,0.077916,6.35952,-1.00841,0.487754
0.763237,0.0842692,6.35645,-1.00793,0.527525
0.764236,0.0906193,6.35313,-1.0074,0.567277
0.765235,0.0969661,6.34955,-1.00683,0.607008
0.766234,0.103309,6.34573,-1.00623,0.646716
0.767233,0.109649,6.34165,-1.00558,0.686401
0.768232,0.115984,6.33733,-1.0049,0.72606
0.769231,0.122315,6.33276,-1.00417,0.765692
0.77023,0.128641,6.32793,-1.00341,0.805295
0.771229,0.134963,6.32286,-1.0026,0.844869
0.772228,0.14128,6.31754,-1.00176,0.88441
0.773227,0.147591,6.31196,-1.00087,0.923918
0.774226,0.153896,6.30614,-0.99995,0.963392
0.775225,0.160196,6.30007,-0.998988,1.00283
0.776224,0.16649,6.29376,-0.997986,1.04223
0.777223,0.172778,6.28719,-0.996945,1.08159
0.778222,0.179058,6.28037,-0.995864,1.12091
0.779221,0.185333,6.27331,-0.994744,1.16018
0.78022,0.1916,6.266,-0.993585,1.19941
0.781219,0.197859,6.25845,-0.992387,1.2386
0.782218,0.204112,6.25064,-0.99115,1.27774
0.783217,0.210356,6.24259,-0.989873,1.31683
0.784216,0.216592,6.2343,-0.988558,1.35587
0.785215,0.22282,6.22576,-0.987203,1.39486
0.786214,0.22904,6.21697,-0.98581,1.43379
0.787213,0.235251,6.20793,-0.984378,1.47267
0.788212,0.241452,6.19866,-0.982906,1.51149
0.789211,0.247645,6.18913,-0.981396,1.55026
0.79021,0.253828,6.17937,-0.979848,1.58896
0.791209,0.260001,6.16936,-0.97826,1.62761
0.792208,0.266164,6.1591,-0.976634,1.66619
0.793207,0.272317,6.1486,-0.97497,1.70471
0.794206,0.27846,6.13786,-0.973267,1.74316
0.795205,0.284591,6.12688,-0.971525,1.78154
0.796204,0.290712,6.11566,-0.969746,1.81986
0.797203,0.296822,6.10419,-0.967928,1.8581
0.798202,0.30292,6.09249,-0.966071,1.89628
0.799201,0.309006,6.08054,-0.964177,1.93438
0.8002,0.315081,6.06835,-0.962245,1.9724
0.801199,0.321143,6.05593,-0.960274,2.01035
0.802198,0.327193,6.04326,-0.958266,2.04823
0.803197,0.33323,6.03036,-0.95622,2.08602
0.804196,0.339254,6.01721,-0.954136,2.12373
0.805195,0.345266,6.00383,-0.952014,2.16136
0.806194,0.351263,5.99022,-0.949855,2.19891
0.807193,0.357248,5.97636,-0.947658,2.23637
0.808192,0.363218,5.96228,-0.945424,2.27374
0.809191,0.369174,5.94795,-0.943152,2.31103
0.81019,0.375116,5.93339,-0.940844,2.34823
0.811189,0.381044,5.9186,-0.938498,2.38533
0.812188,0.386956,5.90357,-0.936115,2.42235
0.813187,0.392854,5.88831,-0.933695,2.45927
0.814186,0.398737,5.87281,-0.931238,2.49609
0.815185,0.404604,5.85709,-0.928745,2.53282
0.816184,0.410455,5.84113,-0.926214,2.56945
0.817183,0.41629,5.82494,-0.923647,2.60598
0.818182,0.422109,5.80852,-0.921044,2.6424
0.819181,0.427912,5.79188,-0.918404,2.67873
0.82018,0.433698,5.775,-0.915728,2.71495
0.821179,0.439467,5.7579,-0.913016,2.75106
0.822178,0.445219,5.74056,-0.910268,2.78707
0.823177,0.450954,5.723,-0.907483,2.82297
0.824176,0.456671,5.70522,-0.904663,2.85876
0.825175,0.462371,5.68721,-0.901807,2.89444
0.826174,0.468053,5.66897,-0.898916,2.93001
0.827173,0.473716,5.65051,-0.895989,2.96546
0.828172,0.479361,5.63183,-0.893026,3.0008
0.829171,0.484987,5.61293,-0.890028,3.03602
0.83017,0.490594,5.5938,-0.886995,3.07112
0.831169,0.496182,5.57445,-0.883927,3.1061
0.832168,0.501751,5.55488,-0.880824,3.14096
0.833167,0.507301,5.53509,-0.877687,3.1757
0.834166,0.51283,5.51508,-0.874514,3.21032
0.835165,0.51834,5.49486,-0.871307,3.24481
0.836164,0.523829,5.47442,-0.868065,3.27917
0.837163,0.529298,5.45376,-0.864789,3.31341
0.838162,0.534746,5.43288,-0.861479,3.34751
0.839161,0.540174,5.41179,-0.858135,3.38149
0.84016,0.54558,5.39049,-0.854757,3.41533
0.841159,0.550965,5.36897,-0.851345,3.44904
0.842158,0.556329,5.34724,-0.8479,3.48262
0.843157,0.561671,5.3253,-0.84442,3.51606
0.844156,0.566991,5.30315,-0.840908,3.54936
0.845155,0.572289,5.28079,-0.837362,3.58253
0.846154,0.577564,5.25822,-0.833783,3.61555
0.847153,0.582817,5.23544,-0.830171,3.64844
0.848152,0.588047,5.21245,-0.826526,3.68118
0.849151,0.593255,5.18926,-0.822849,3.71377
0.85015,0.598439,5.16586,-0.819139,3.74623
0.851149,0.603599,5.14226,-0.815396,3.77853
0.852148,0.608737,5.11846,-0.811622,3.81069
0.853147,0.61385,5.09445,-0.807815,3.8427
0.854146,0.618939,5.07024,-0.803976,3.87456
0.855145,0.624004,5.04583,-0.800105,3.90627
0.856144,0.629045,5.02122,-0.796203,3.93782
0.857143,0.634061,4.99641,-0.792269,3.96922
0.858142,0.639053,4.9714,-0.788304,4.00047
0.859141,0.644019,4.9462,-0.784307,4.03156
0.86014,0.648961,4.9208,-0.78028,4.06249
0.861139,0.653876,4.89521,-0.776221,4.09327
0.862138,0.658767,4.86942,-0.772132,4.12388
0.863137,0.663631,4.84344,-0.768012,4.15433
0.864136,0.66847,4.81726,-0.763862,4.18462
0.865135,0.673282,4.7909,-0.759682,4.21475
0.866134,0.678068,4.76435,-0.755471,4.24471
0.867133,0.682828,4.7376,-0.751231,4.2745
0.868132,0.687561,4.71067,-0.74696,4.30413
0.869131,0.692267,4.68356,-0.742661,4.33359
0.87013,0.696946,4.65625,-0.738331,4.36288
0.871129,0.701597,4.62877,-0.733973,4.392
0.872128,0.706221,4.6011,-0.729585,4.42095
0.873127,0.710818,4.57324,-0.725169,4.44972
0.874126,0.715387,4.54521,-0.720723,4.47832
0.875125,0.719927,4.517,-0.71625,4.50675
0.876124,0.72444,4.4886,-0.711747,4.53499
0.877123,0.728924,4.46003,-0.707217,4.56306
0.878122,0.733379,4.43128,-0.702658,4.59096
0.879121,0.737806,4.40236,-0.698072,4.61867
0.88012,0.742204,4.37326,-0.693458,4.6462
0.881119,0.746573,4.34399,-0.688816,4.67355
0.882118,0.750913,4.31455,-0.684147,4.70071
0.883117,0.755223,4.28493,-0.679451,4.7277
0.884116,0.759504,4.25515,-0.674728,4.75449
0.885115,0.763755,4.22519,-0.669979,4.7811
0.886114,0.767976,4.19507,-0.665202,4.80753
0.887113,0.772166,4.16478,-0.6604,4.83376
0.888112,0.776327,4.13433,-0.655571,4.85981
0.889111,0.780457,4.10371,-0.650716,4.88566
0.89011,0.784557,4.07293,-0.645835,4.91133
0.891109,0.788626,4.04199,-0.640929,4.9368
0.892108,0.792664,4.01089,-0.635997,4.96207
0.893107,0.796671,3.97962,-0.63104,4.98716
0.894106,0.800646,3.9482,-0.626057,5.01205
0.895105,0.804591,3.91663,-0.62105,5.03674
0.896104,0.808503,3.88489,-0.616019,5.06123
0.897103,0.812384,3.85301,-0.610962,5.08553
0.898102,0.816233,3.82097,-0.605882,5.10962
0.899101,0.820051,3.78878,-0.600778,5.13352
0.9001,0.823836,3.75644,-0.595649,5.15721
0.901099,0.827588,3.72394,-0.590497,5.1807
0.902098,0.831308,3.6913,-0.585322,5.20399
0.903097,0.834996,3.65852,-0.580123,5.22708
0.904096,0.838651,3.62559,-0.574901,5.24995
0.905095,0.842273,3.59251,-0.569656,5.27263
0.906094,0.845862,3.55929,-0.564389,5.2951
0.907093,0.849418,3.52593,-0.559099,5.31735
0.908092,0.85294,3.49243,-0.553787,5.3394
0.909091,0.856429,3.45879,-0.548453,5.36125
0.91009,0.859884,3.42502,-0.543097,5.38288
0.911089,0.863306,3.3911,-0.53772,5.40429
0.912088,0.866694,3.35706,-0.532321,5.4255
0.913087,0.870047,3.32288,-0.526901,5.4465
0.914086,0.873367,3.28856,-0.521459,5.46728
0.915085,0.876652,3.25412,-0.515998,5.48784
0.916084,0.879903,3.21954,-0.510515,5.50819
0.917083,0.883119,3.18484,-0.505013,5.52833
0.918082,0.886301,3.15001,-0.49949,5.54824
0.919081,0.889448,3.11506,-0.493947,5.56794
0.92008,0.89256,3.07998,-0.488385,5.58742
0.921079,0.895637,3.04478,-0.482803,5.60669
0.922078,0.898678,3.00945,-0.477202,5.62573
0.923077,0.901685,2.97401,-0.471582,5.64455
0.924076,0.904656,2.93845,-0.465943,5.66315
0.925075,0.907591,2.90277,-0.460285,5.68152
0.926074,0.910491,2.86697,-0.454609,5.69968
0.927073,0.913355,2.83107,-0.448915,5.7176
0.928072,0.916184,2.79504,-0.443204,5.73531
0.929071,0.918976,2.75891,-0.437474,5.75279
0.93007,0.921732,2.72267,-0.431727,5.77004
0.931069,0.924452,2.68632,-0.425963,5.78707
0.932068,0.927136,2.64986,-0.420181,5.80387
0.933067,0.929783,2.61329,-0.414383,5.82044
0.934066,0.932393,2.57662,-0.408569,5.83678
0.935065,0.934968,2.53985,-0.402738,5.8529
0.936064,0.937505,2.50297,-0.396891,5.86878
0.937063,0.940005,2.466,-0.391028,5.88443
0.938062,0.942469,2.42893,-0.385149,5.89986
0.939061,0.944895,2.39176,-0.379255,5.91504
0.94006,0.947285,2.35449,-0.373346,5.93
0.941059,0.949637,2.31713,-0.367422,5.94473
0.942058,0.951952,2.27968,-0.361483,5.95922
0.943057,0.954229,2.24213,-0.35553,5.97347
0.944056,0.956469,2.2045,-0.349562,5.9875
0.945055,0.958671,2.16678,-0.343581,6.00128
0.946054,0.960836,2.12897,-0.337586,6.01483
0.947053,0.962963,2.09108,-0.331577,6.02815
0.948052,0.965052,2.0531,-0.325555,6.04122
0.949051,0.967103,2.01504,-0.31952,6.05406
0.95005,0.969116,1.97689,-0.313472,6.06666
0.951049,0.971091,1.93867,-0.307411,6.07903
0.952048,0.973027,1.90037,-0.301338,6.09115
0.953047,0.974926,1.862,-0.295253,6.10304
0.954046,0.976786,1.82355,-0.289156,6.11468
0.955045,0.978608,1.78503,-0.283047,6.12608
0.956044,0.980391,1.74643,-0.276927,6.13725
0.957043,0.982136,1.70777,-0.270796,6.14817
0.958042,0.983842,1.66903,-0.264654,6.15885
0.959041,0.985509,1.63023,-0.258502,6.16929
0.96004,0.987138,1.59136,-0.252338,6.17948
0.961039,0.988728,1.55243,-0.246165,6.18943
0.962038,0.990278,1.51344,-0.239982,6.19914
0.963037,0.99179,1.47438,-0.233789,6.20861
0.964036,0.993263,1.43526,-0.227587,6.21783
0.965035,0.994697,1.39609,-0.221375,6.2268
0.966034,0.996092,1.35686,-0.215154,6.23553
0.967033,0.997447,1.31758,-0.208925,6.24402
0.968032,0.998764,1.27824,-0.202687,6.25226
0.969031,1.00004,1.23885,-0.196441,6.26025
0.97003,1.00128,1.19941,-0.190187,6.268
0.971029,1.00248,1.15992,-0.183926,6.2755
0.972028,1.00364,1.12038,-0.177656,6.28276
0.973027,1.00475,1.0808,-0.17138,6.28976
0.974026,1.00583,1.04117,-0.165096,6.29652
0.975025,1.00687,1.0015,-0.158806,6.30303
0.976024,1.00787,0.961794,-0.152509,6.3093
0.977023,1.00884,0.922044,-0.146206,6.31531
0.978022,1.00976,0.882257,-0.139897,6.32108
0.979021,1.01064,0.842433,-0.133583,6.32659
0.98002,1.01148,0.802574,-0.127262,6.33186
0.981019,1.01228,0.762683,-0.120937,6.33688
0.982018,1.01304,0.722759,-0.114606,6.34165
0.983017,1.01377,0.682806,-0.108271,6.34617
0.984016,1.01445,0.642824,-0.101931,6.35044
0.985015,1.01509,0.602815,-0.095587,6.35446
0.986014,1.01569,0.562781,-0.0892389,6.35823
0.987013,1.01625,0.522723,-0.082887,6.36175
0.988012,1.01678,0.482643,-0.0765316,6.36502
0.989011,1.01726,0.442543,-0.070173,6.36804
0.99001,1.0177,0.402423,-0.0638113,6.37081
0.991009,1.0181,0.362286,-0.0574468,6.37332
0.992008,1.01846,0.322133,-0.0510799,6.37559
0.993007,1.01879,0.281966,-0.0447107,6.3776
0.994006,1.01907,0.241786,-0.0383394,6.37937
0.995005,1.01931,0.201595,-0.0319664,6.38088
0.996004,1.01951,0.161394,-0.0255919,6.38214
0.997003,1.01967,0.121186,-0.0192162,6.38315
0.998002,1.01979,0.0809712,-0.0128394,6.38391
0.999001,1.01987,0.0407516,-0.00646188,6.38441
