0,1,-0.390861,0.0619802,6.26001
0.00990099,0.99613,-0.779481,0.123961,6.23594
0.019802,0.988412,-1.16441,0.185703,6.18805
0.029703,0.976884,-1.5442,0.24697,6.11671
0.039604,0.961594,-1.91743,0.307532,6.02237
0.049505,0.94261,-2.28269,0.367159,5.90557
0.0594059,0.920009,-2.6386,0.42563,5.76696
0.0693069,0.893884,-2.98382,0.482729,5.60726
0.0792079,0.864341,-3.31706,0.538246,5.42732
0.0891089,0.831499,-3.63708,0.591982,5.22806
0.0990099,0.795489,-3.9427,0.643745,5.01049
0.108911,0.756452,-4.23285,0.693354,4.77572
0.118812,0.714543,-4.5065,0.740638,4.52492
0.128713,0.669924,-4.76274,0.785439,4.25934
0.138614,0.622768,-5.00075,0.827611,3.98031
0.148515,0.573255,-5.21983,0.86702,3.6892
0.158416,0.521574,-5.41938,0.903547,3.38742
0.168317,0.467917,-5.59891,0.937086,3.07643
0.178218,0.412482,-5.75808,0.967545,2.75769
0.188119,0.355471,-5.89665,0.994849,2.43269
0.19802,0.297089,-6.01449,1.01894,2.10291
0.207921,0.237539,-6.11162,1.03976,1.76981
0.217822,0.177028,-6.18815,1.05728,1.43484
0.227723,0.115759,-6.24432,1.07149,1.09939
0.237624,0.0539343,-6.28047,1.08237,0.764811
0.247525,-0.00824859,-6.29703,1.08994,0.432412
0.257426,-0.0705954,-6.29453,1.09422,0.10342
0.267327,-0.132918,-6.2736,1.09525,-0.221005
0.277228,-0.195032,-6.2349,1.09306,-0.53978
0.287129,-0.256764,-6.17919,1.08772,-0.851907
0.29703,-0.317944,-6.10728,1.07928,-1.15647
0.306931,-0.378412,-6.02001,1.06783,-1.45265
0.316832,-0.438016,-5.91827,1.05345,-1.73971
0.326733,-0.496613,-5.80295,1.03622,-2.01699
0.336634,-0.554068,-5.67498,1.01625,-2.28395
0.346535,-0.610256,-5.5353,0.99364,-2.5401
0.356436,-0.665061,-5.38482,0.96849,-2.78505
0.366337,-0.718376,-5.22448,0.940915,-3.01849
0.376238,-0.770103,-5.05519,0.911029,-3.24018
0.386139,-0.820155,-4.87783,0.878948,-3.44994
0.39604,-0.86845,-4.69327,0.844791,-3.64767
0.405941,-0.914918,-4.50236,0.808675,-3.83333
0.415842,-0.959496,-4.3059,0.770721,-4.00693
0.425743,-1.00213,-4.10467,0.731049,-4.16852
0.435644,-1.04277,-3.89941,0.689776,-4.31821
0.445545,-1.08138,-3.69082,0.647022,-4.45614
0.455446,-1.11792,-3.47957,0.602901,-4.58249
0.465347,-1.15237,-3.26628,0.55753,-4.69747
0.475248,-1.18471,-3.05154,0.511021,-4.80131
0.485149,-1.21492,-2.83591,0.463483,-4.89428
0.49505,-1.243,-2.6199,0.415025,-4.97663
0.50495,-1.26894,-2.40399,0.365751,-5.04868
0.514851,-1.29274,-2.18861,0.315764,-5.11071
0.524752,-1.31441,-1.97418,0.265163,-5.16304
0.534653,-1.33396,-1.76107,0.214044,-5.20599
0.544554,-1.3514,-1.54962,0.1625,-5.23987
0.554455,-1.36674,-1.34015,0.11062,-5.26501
0.564356,-1.38001,-1.13294,0.0584907,-5.28174
0.574257,-1.39122,-0.928249,0.00619627,-5.29037
0.584158,-1.40041,-0.726315,-0.0461836,-5.29122
0.594059,-1.40761,-0.527346,-0.098572,-5.28462
0.60396,-1.41283,-0.33153,-0.150895,-5.27086
0.613861,-1.41611,-0.139035,-0.203082,-5.25026
0.623762,-1.41749,0.0499906,-0.255064,-5.2231
0.633663,-1.41699,0.235416,-0.306778,-5.18969
0.643564,-1.41466,0.417127,-0.358161,-5.15031
0.653465,-1.41053,0.595023,-0.409155,-5.10523
0.663366,-1.40464,0.76902,-0.459701,-5.05471
0.673267,-1.39703,0.939043,-0.509748,-4.99902
0.683168,-1.38773,1.10503,-0.559243,-4.93841
0.693069,-1.37679,1.26694,-0.608138,-4.87312
0.70297,-1.36424,1.42471,-0.656387,-4.80339
0.712871,-1.35014,1.57833,-0.703945,-4.72943
0.722772,-1.33451,1.72777,-0.750772,-4.65147
0.732673,-1.3174,1.87301,-0.796826,-4.56972
0.742574,-1.29886,2.01403,-0.842071,-4.48438
0.752475,-1.27892,2.15085,-0.88647,-4.39564
0.762376,-1.25762,2.28345,-0.929991,-4.30368
0.772277,-1.23501,2.41184,-0.972602,-4.2087
0.782178,-1.21113,2.53604,-1.01427,-4.11085
0.792079,-1.18602,2.65604,-1.05497,-4.0103
0.80198,-1.15973,2.77189,-1.09468,-3.90722
0.811881,-1.13228,2.88358,-1.13337,-3.80175
0.821782,-1.10373,2.99114,-1.17101,-3.69404
0.831683,-1.07412,3.0946,-1.20758,-3.58423
0.841584,-1.04348,3.19399,-1.24307,-3.47246
0.851485,-1.01185,3.28933,-1.27745,-3.35884
0.861386,-0.979287,3.38064,-1.31071,-3.24352
0.871287,-0.945815,3.46797,-1.34282,-3.1266
0.881188,-0.911479,3.55134,-1.37378,-3.0082
0.891089,-0.876317,3.63078,-1.40356,-2.88843
0.90099,-0.840368,3.70632,-1.43216,-2.7674
0.910891,-0.803672,3.778,-1.45956,-2.6452
0.920792,-0.766266,3.84585,-1.48575,-2.52194
0.930693,-0.728189,3.90991,-1.51072,-2.39771
0.940594,-0.689477,3.9702,-1.53446,-2.2726
0.950495,-0.650168,4.02675,-1.55696,-2.1467
0.960396,-0.610299,4.07961,-1.57821,-2.02009
0.970297,-0.569907,4.1288,-1.59821,-1.89285
0.980198,-0.529027,4.17436,-1.61695,-1.76507
0.990099,-0.487697,4.21631,-1.63443,-1.63682
1,-0.445951,4.2547,-1.65064,-1.50818
1.0099,-0.403826,4.28954,-1.66557,-1.37921
1.0198,-0.361355,4.32086,-1.67922,-1.24998
1.0297,-0.318574,4.34871,-1.6916,-1.12058
1.0396,-0.275518,4.37311,-1.7027,-0.991049
1.0495,-0.23222,4.39408,-1.71251,-0.861468
1.05941,-0.188714,4.41165,-1.72104,-0.731896
1.06931,-0.145034,4.42586,-1.72828,-0.602395
1.07921,-0.101214,4.43673,-1.73425,-0.473025
1.08911,-0.0572857,4.44428,-1.73893,-0.343846
1.09901,-0.0132829,4.44854,-1.74234,-0.214916
1.10891,0.030762,4.44953,-1.74446,-0.0862931
1.11881,0.0748168,4.44729,-1.74532,0.0419669
1.12871,0.118849,4.44183,-1.7449,0.169808
1.13861,0.162828,4.43317,-1.74322,0.297175
1.14851,0.206721,4.42135,-1.74028,0.424012
1.15842,0.250496,4.40638,-1.73608,0.550267
1.16832,0.294124,4.38828,-1.73063,0.675884
1.17822,0.337572,4.36708,-1.72394,0.800811
1.18812,0.380811,4.3428,-1.71601,0.924993
1.19802,0.423809,4.31545,-1.70685,1.04838
1.20792,0.466536,4.28507,-1.69647,1.17091
1.21782,0.508962,4.25166,-1.68488,1.29254
1.22772,0.551058,4.21525,-1.67208,1.41321
1.23762,0.592793,4.17586,-1.65809,1.53288
1.24752,0.634138,4.13351,-1.64291,1.65147
1.25743,0.675064,4.08822,-1.62656,1.76895
1.26733,0.715542,4.04001,-1.60905,1.88525
1.27723,0.755542,3.9889,-1.59038,2.00033
1.28713,0.795036,3.9349,-1.57058,2.11412
1.29703,0.833995,3.87805,-1.54965,2.22658
1.30693,0.872392,3.81835,-1.5276,2.33763
1.31683,0.910197,3.75583,-1.50446,2.44724
1.32673,0.947384,3.69052,-1.48023,2.55533
1.33663,0.983924,3.62243,-1.45492,2.66186
1.34653,1.01979,3.55158,-1.42857,2.76676
1.35644,1.05495,3.478,-1.40118,2.86997
1.36634,1.08939,3.40171,-1.37276,2.97143
1.37624,1.12307,3.32273,-1.34334,3.07109
1.38614,1.15597,3.2411,-1.31293,3.16887
1.39604,1.18806,3.15684,-1.28156,3.26471
1.40594,1.21931,3.06997,-1.24923,3.35856
1.41584,1.24971,2.98052,-1.21598,3.45034
1.42574,1.27922,2.88852,-1.18182,3.54
1.43564,1.30782,2.79401,-1.14677,3.62745
1.44554,1.33548,2.69702,-1.11086,3.71265
1.45545,1.36219,2.59758,-1.0741,3.79551
1.46535,1.3879,2.49572,-1.03652,3.87597
1.47525,1.41261,2.39149,-0.998141,3.95395
1.48515,1.43629,2.28493,-0.958993,4.0294
1.49505,1.45892,2.17608,-0.919098,4.10223
1.50495,1.48046,2.06497,-0.878482,4.17237
1.51485,1.50091,1.95167,-0.837171,4.23976
1.52475,1.52023,1.83622,-0.795193,4.30431
1.53465,1.53841,1.71866,-0.752576,4.36596
1.54455,1.55543,1.59907,-0.709349,4.42462
1.55446,1.57126,1.47748,-0.665541,4.48023
1.56436,1.58589,1.35397,-0.621182,4.5327
1.57426,1.59929,1.2286,-0.576304,4.58197
1.58416,1.61146,1.10143,-0.530938,4.62796
1.59406,1.62236,0.972536,-0.485117,4.6706
1.60396,1.63199,0.841992,-0.438873,4.7098
1.61386,1.64033,0.709875,-0.392241,4.7455
1.62376,1.64736,0.576266,-0.345256,4.77761
1.63366,1.65306,0.441252,-0.297953,4.80608
1.64356,1.65743,0.304921,-0.250368,4.83083
1.65347,1.66045,0.167366,-0.202538,4.85178
1.66337,1.66211,0.0286858,-0.154501,4.86888
1.67327,1.66239,-0.111018,-0.106294,4.88204
1.68317,1.66129,-0.25164,-0.0579571,4.89121
1.69307,1.6588,-0.39307,-0.00952924,4.89633
1.70297,1.65491,-0.535192,0.0389492,4.89732
1.71287,1.64961,-0.677888,0.0874376,4.89415
1.72277,1.6429,-0.821034,0.135894,4.88674
1.73267,1.63477,-0.964503,0.184278,4.87506
1.74257,1.62522,-1.10816,0.232546,4.85905
1.75248,1.61425,-1.25187,0.280655,4.83868
1.76238,1.60185,-1.3955,0.328563,4.81389
1.77228,1.58804,-1.53889,0.376225,4.78467
1.78218,1.5728,-1.68191,0.423598,4.75097
1.79208,1.55615,-1.82439,0.470638,4.71278
1.80198,1.53808,-1.96619,0.517299,4.67009
1.81188,1.51862,-2.10714,0.563537,4.62287
1.82178,1.49775,-2.24708,0.609308,4.57112
1.83168,1.4755,-2.38585,0.654567,4.51485
1.84158,1.45188,-2.52328,0.699268,4.45407
1.85149,1.4269,-2.6592,0.743368,4.38879
1.86139,1.40057,-2.79344,0.786821,4.31903
1.87129,1.37291,-2.92582,0.829584,4.24483
1.88119,1.34394,-3.05619,0.871612,4.16624
1.89109,1.31369,-3.18435,0.912862,4.08329
1.90099,1.28216,-3.31014,0.953291,3.99604
1.91089,1.24938,-3.43339,0.992855,3.90457
1.92079,1.21539,-3.55392,1.03151,3.80895
1.93069,1.1802,-3.67157,1.06923,3.70926
1.94059,1.14385,-3.78616,1.10595,3.60559
1.9505,1.10636,-3.89753,1.14165,3.49805
1.9604,1.06777,-4.00553,1.17629,3.38675
1.9703,1.02812,-4.10999,1.20982,3.2718
1.9802,0.987422,-4.21077,1.24221,3.15334
1.9901,0.945731,-4.30771,1.27343,3.0315
2,0.903081,-4.40067,1.30345,2.90643
2.0099,0.85951,-4.48952,1.33222,2.77828
2.0198,0.815059,-4.57414,1.35973,2.64721
2.0297,0.769771,-4.6544,1.38594,2.51339
2.0396,0.723688,-4.73018,1.41083,2.37699
2.0495,0.676854,-4.8014,1.43436,2.23819
2.05941,0.629316,-4.86795,1.45652,2.09718
2.06931,0.581118,-4.92974,1.47729,1.95414
2.07921,0.532309,-4.98671,1.49663,1.80928
2.08911,0.482935,-5.03879,1.51455,1.66279
2.09901,0.433046,-5.08592,1.53101,1.51488
2.10891,0.382691,-5.12805,1.54601,1.36575
2.11881,0.331918,-5.16516,1.55953,1.2156
2.12871,0.280778,-5.19722,1.57157,1.06465
2.13861,0.22932,-5.22422,1.58211,0.913102
2.14851,0.177595,-5.24616,1.59115,0.761161
2.15842,0.125653,-5.26304,1.59869,0.609037
2.16832,0.0735436,-5.27489,1.60472,0.456934
2.17822,0.0213169,-5.28174,1.60924,0.305054
2.18812,-0.0309775,-5.28362,1.61226,0.153597
2.19802,-0.0832905,-5.28058,1.61378,0.00275817
2.20792,-0.135574,-5.2727,1.61381,-0.147271
2.21782,-0.187778,-5.26002,1.61235,-0.296304
2.22772,-0.239858,-5.24264,1.60942,-0.444159
2.23762,-0.291765,-5.22063,1.60502,-0.590662
2.24752,-0.343455,-5.19409,1.59917,-0.735643
2.25743,-0.394881,-5.16312,1.59189,-0.87894
2.26733,-0.446001,-5.12783,1.58318,-1.0204
2.27723,-0.496772,-5.08833,1.57308,-1.15987
2.28713,-0.547151,-5.04474,1.5616,-1.29721
2.29703,-0.597099,-4.99718,1.54875,-1.4323
2.30693,-0.646576,-4.94577,1.53457,-1.565
2.31683,-0.695544,-4.89067,1.51908,-1.69519
2.32673,-0.743967,-4.83198,1.50229,-1.82278
2.33663,-0.791808,-4.76987,1.48425,-1.94767
2.34653,-0.839035,-4.70446,1.46496,-2.06975
2.35644,-0.885614,-4.6359,1.44447,-2.18894
2.36634,-0.931514,-4.56434,1.4228,-2.30518
2.37624,-0.976705,-4.48991,1.39997,-2.41838
2.38614,-1.02116,-4.41276,1.37603,-2.5285
2.39604,-1.06485,-4.33304,1.35099,-2.63548
2.40594,-1.10775,-4.25088,1.3249,-2.73927
2.41584,-1.14984,-4.16644,1.29778,-2.83984
2.42574,-1.19109,-4.07985,1.26966,-2.93715
2.43564,-1.23149,-3.99126,1.24058,-3.03118
2.44554,-1.271,-3.90079,1.21057,-3.12192
2.45545,-1.30963,-3.80859,1.17966,-3.20935
2.46535,-1.34733,-3.71479,1.14788,-3.29346
2.47525,-1.38411,-3.61952,1.11528,-3.37425
2.48515,-1.41995,-3.5229,1.08187,-3.45174
2.49505,-1.45483,-3.42506,1.04769,-3.52593
2.50495,-1.48874,-3.32613,1.01278,-3.59683
2.51485,-1.52167,-3.22621,0.977169,-3.66446
2.52475,-1.55362,-3.12542,0.940888,-3.72884
2.53465,-1.58456,-3.02388,0.903968,-3.79001
2.54455,-1.6145,-2.92169,0.866444,-3.84798
2.55446,-1.64343,-2.81894,0.828345,-3.90281
2.56436,-1.67134,-2.71575,0.789703,-3.95451
2.57426,-1.69823,-2.61221,0.75055,-4.00313
2.58416,-1.72409,-2.50841,0.710915,-4.0487
2.59406,-1.74893,-2.40443,0.670829,-4.09128
2.60396,-1.77273,-2.30036,0.630321,-4.13091
2.61386,-1.79551,-2.19629,0.589421,-4.16763
2.62376,-1.81725,-2.09228,0.548157,-4.2015
2.63366,-1.83797,-1.98842,0.506558,-4.23255
2.64356,-1.85766,-1.88477,0.464651,-4.26085
2.65347,-1.87632,-1.78141,0.422465,-4.28645
2.66337,-1.89396,-1.67838,0.380025,-4.30939
2.67327,-1.91057,-1.57576,0.337358,-4.32972
2.68317,-1.92618,-1.4736,0.294489,-4.34751
2.69307,-1.94077,-1.37195,0.251444,-4.36281
2.70297,-1.95435,-1.27087,0.208248,-4.37567
2.71287,-1.96693,-1.1704,0.164925,-4.38614
2.72277,-1.97852,-1.07059,0.121498,-4.39427
2.73267,-1.98912,-0.971479,0.07799,-4.40013
2.74257,-1.99874,-0.873112,0.0344243,-4.40377
2.75248,-2.00738,-0.775523,-0.00917733,-4.40523
2.76238,-2.01506,-0.678749,-0.0527935,-4.40457
2.77228,-2.02178,-0.582822,-0.0964031,-4.40185
2.78218,-2.02755,-0.487772,-0.139986,-4.39711
2.79208,-2.03238,-0.393627,-0.183522,-4.39041
2.80198,-2.03628,-0.300415,-0.226991,-4.38179
2.81188,-2.03925,-0.20816,-0.270375,-4.37131
2.82178,-2.04131,-0.116885,-0.313655,-4.35902
2.83168,-2.04247,-0.0266098,-0.356814,-4.34496
2.84158,-2.04274,0.0626457,-0.399833,-4.32919
2.85149,-2.04212,0.150864,-0.442697,-4.31174
2.86139,-2.04062,0.238029,-0.485387,-4.29267
2.87129,-2.03827,0.324125,-0.527889,-4.27201
2.88119,-2.03506,0.409141,-0.570186,-4.24983
2.89109,-2.031,0.493063,-0.612263,-4.22615
2.90099,-2.02612,0.575881,-0.654107,-4.20102
2.91089,-2.02042,0.657585,-0.695701,-4.17448
2.92079,-2.01391,0.738167,-0.737032,-4.14658
2.93069,-2.0066,0.817619,-0.778088,-4.11735
2.94059,-1.99851,0.895935,-0.818853,-4.08684
2.9505,-1.98964,0.97311,-0.859317,-4.05507
2.9604,-1.98,1.04914,-0.899466,-4.02209
2.9703,-1.96961,1.12401,-0.939289,-3.98794
2.9802,-1.95849,1.19774,-0.978774,-3.95265
2.9901,-1.94663,1.27031,-1.01791,-3.91625
3,-1.93405,1.34172,-1.05668,-3.87878
3.0099,-1.92076,1.41197,-1.09509,-3.84027
3.0198,-1.90678,1.48106,-1.13311,-3.80076
3.0297,-1.89212,1.54899,-1.17074,-3.76028
3.0396,-1.87678,1.61577,-1.20797,-3.71885
3.0495,-1.86079,1.68138,-1.24479,-3.6765
3.05941,-1.84414,1.74584,-1.28119,-3.63328
3.06931,-1.82685,1.80914,-1.31717,-3.58919
3.07921,-1.80894,1.8713,-1.3527,-3.54428
3.08911,-1.79041,1.9323,-1.38779,-3.49857
3.09901,-1.77128,1.99215,-1.42243,-3.45209
3.10891,-1.75156,2.05087,-1.45661,-3.40485
3.11881,-1.73125,2.10844,-1.49032,-3.35689
3.12871,-1.71038,2.16487,-1.52356,-3.30823
3.13861,-1.68894,2.22017,-1.55632,-3.25889
3.14851,-1.66696,2.27434,-1.58858,-3.2089
3.15842,-1.64444,2.32739,-1.62035,-3.15828
3.16832,-1.6214,2.37932,-1.65162,-3.10705
3.17822,-1.59784,2.43013,-1.68239,-3.05524
3.18812,-1.57378,2.47983,-1.71264,-3.00285
3.19802,-1.54923,2.52843,-1.74237,-2.94992
3.20792,-1.52419,2.57592,-1.77157,-2.89646
3.21782,-1.49869,2.62232,-1.80025,-2.8425
3.22772,-1.47273,2.66762,-1.8284,-2.78804
3.23762,-1.44631,2.71184,-1.856,-2.73311
3.24752,-1.41946,2.75498,-1.88306,-2.67773
3.25743,-1.39219,2.79704,-1.90957,-2.62191
3.26733,-1.36449,2.83803,-1.93553,-2.56567
3.27723,-1.33639,2.87796,-1.96093,-2.50903
3.28713,-1.3079,2.91682,-1.98578,-2.45201
3.29703,-1.27902,2.95463,-2.01005,-2.39461
3.30693,-1.24977,2.99139,-2.03376,-2.33685
3.31683,-1.22015,3.02711,-2.0569,-2.27875
3.32673,-1.19018,3.06178,-2.07946,-2.22033
3.33663,-1.15986,3.09542,-2.10145,-2.16159
3.34653,-1.12921,3.12803,-2.12285,-2.10255
3.35644,-1.09824,3.15962,-2.14366,-2.04322
3.36634,-1.06696,3.19019,-2.16389,-1.98363
3.37624,-1.03537,3.21974,-2.18353,-1.92377
3.38614,-1.0035,3.24828,-2.20258,-1.86366
3.39604,-0.971335,3.27581,-2.22103,-1.80332
3.40594,-0.938901,3.30235,-2.23889,-1.74276
3.41584,-0.906205,3.32788,-2.25614,-1.68199
3.42574,-0.873255,3.35243,-2.2728,-1.62101
3.43564,-0.840063,3.37599,-2.28885,-1.55985
3.44554,-0.806637,3.39856,-2.30429,-1.49851
3.45545,-0.772988,3.42016,-2.31913,-1.437
3.46535,-0.739125,3.44078,-2.33335,-1.37533
3.47525,-0.705058,3.46043,-2.34697,-1.31352
3.48515,-0.670796,3.47911,-2.35998,-1.25158
3.49505,-0.63635,3.49684,-2.37237,-1.18951
3.50495,-0.601727,3.5136,-2.38415,-1.12732
3.51485,-0.566939,3.5294,-2.39531,-1.06503
3.52475,-0.531995,3.54426,-2.40585,-1.00264
3.53465,-0.496903,3.55817,-2.41578,-0.940161
3.54455,-0.461674,3.57113,-2.42509,-0.877608
3.55446,-0.426316,3.58315,-2.43378,-0.814986
3.56436,-0.390839,3.59423,-2.44185,-0.752305
3.57426,-0.355253,3.60437,-2.4493,-0.689574
3.58416,-0.319566,3.61358,-2.45612,-0.626801
3.59406,-0.283788,3.62187,-2.46233,-0.563995
3.60396,-0.247928,3.62922,-2.46791,-0.501166
3.61386,-0.211995,3.63565,-2.47287,-0.43832
3.62376,-0.175999,3.64116,-2.47721,-0.375468
3.63366,-0.139947,3.64575,-2.48093,-0.312617
3.64356,-0.103851,3.64943,-2.48403,-0.249776
3.65347,-0.0677179,3.65218,-2.4865,-0.186954
3.66337,-0.0315577,3.65403,-2.48835,-0.124157
3.67327,0.00462086,3.65496,-2.48958,-0.0613952
3.68317,0.0408086,3.65499,-2.49019,0.00132378
3.69307,0.0769967,3.65411,-2.49018,0.0639917
3.70297,0.113176,3.65232,-2.48954,0.126601
3.71287,0.149338,3.64963,-2.48829,0.189142
3.72277,0.185473,3.64604,-2.48642,0.251608
3.73267,0.221572,3.64155,-2.48392,0.31399
3.74257,0.257627,3.63616,-2.48082,0.376281
3.75248,0.293628,3.62987,-2.47709,0.438472
3.76238,0.329568,3.62268,-2.47275,0.500554
3.77228,0.365436,3.6146,-2.46779,0.56252
3.78218,0.401224,3.60562,-2.46222,0.624362
3.79208,0.436923,3.59575,-2.45604,0.686071
3.80198,0.472525,3.58498,-2.44925,0.747639
3.81188,0.508019,3.57333,-2.44185,0.809057
3.82178,0.543399,3.56078,-2.43384,0.870318
3.83168,0.578654,3.54734,-2.42522,0.931412
3.84158,0.613776,3.53301,-2.416,0.992332
3.85149,0.648757,3.51779,-2.40617,1.05307
3.86139,0.683586,3.50168,-2.39575,1.11361
3.87129,0.718256,3.48468,-2.38472,1.17395
3.88119,0.752758,3.4668,-2.3731,1.23409
3.89109,0.787083,3.44802,-2.36088,1.294
3.90099,0.821222,3.42836,-2.34807,1.35369
3.91089,0.855166,3.4078,-2.33466,1.41314
3.92079,0.888906,3.38636,-2.32067,1.47234
3.93069,0.922435,3.36403,-2.30609,1.53128
3.94059,0.955742,3.34081,-2.29093,1.58997
3.9505,0.988819,3.31671,-2.27519,1.64837
3.9604,1.02166,3.29171,-2.25887,1.70649
3.9703,1.05425,3.26583,-2.24197,1.76432
3.9802,1.08658,3.23906,-2.22451,1.82184
3.9901,1.11865,3.21139,-2.20647,1.87905
4,1.15045,3.18284,-2.18786,1.93593
4.0099,1.18196,3.1534,-2.1687,1.99248
4.0198,1.21319,3.12308,-2.14897,2.04868
4.0297,1.24411,3.09186,-2.12868,2.10452
4.0396,1.27472,3.05975,-2.10785,2.15999
4.0495,1.30501,3.02675,-2.08646,2.21508
4.05941,1.33498,2.99286,-2.06453,2.26978
4.06931,1.36461,2.95808,-2.04206,2.32408
4.07921,1.3939,2.92241,-2.01905,2.37796
4.08911,1.42284,2.88586,-1.9955,2.43141
4.09901,1.45141,2.84841,-1.97143,2.48443
4.10891,1.47961,2.81007,-1.94683,2.53699
4.11881,1.50743,2.77084,-1.92171,2.58909
4.12871,1.53487,2.73072,-1.89608,2.64071
4.13861,1.5619,2.68971,-1.86993,2.69183
4.14851,1.58854,2.64781,-1.84328,2.74246
4.15842,1.61475,2.60503,-1.81613,2.79256
4.16832,1.64054,2.56135,-1.78848,2.84214
4.17822,1.6659,2.51679,-1.76034,2.89116
4.18812,1.69082,2.47134,-1.73171,2.93963
4.19802,1.71529,2.42501,-1.70261,2.98752
4.20792,1.7393,2.37779,-1.67303,3.03482
4.21782,1.76284,2.32969,-1.64298,3.08152
4.22772,1.78591,2.2807,-1.61247,3.12759
4.23762,1.80849,2.23084,-1.5815,3.17303
4.24752,1.83058,2.1801,-1.55009,3.21781
4.25743,1.85216,2.12848,-1.51823,3.26193
4.26733,1.87324,2.07599,-1.48593,3.30536
4.27723,1.89379,2.02263,-1.45321,3.34808
4.28713,1.91382,1.9684,-1.42006,3.39009
4.29703,1.93331,1.91331,-1.38649,3.43136
4.30693,1.95225,1.85735,-1.35252,3.47188
4.31683,1.97064,1.80054,-1.31814,3.51163
4.32673,1.98847,1.74287,-1.28337,3.55058
4.33663,2.00572,1.68435,-1.24822,3.58873
4.34653,2.0224,1.62499,-1.21269,3.62604
4.35644,2.03849,1.56479,-1.17679,3.66251
4.36634,2.05398,1.50375,-1.14052,3.69811
4.37624,2.06887,1.44189,-1.10391,3.73283
4.38614,2.08315,1.3792,-1.06695,3.76664
4.39604,2.0968,1.3157,-1.02966,3.79953
4.40594,2.10983,1.25139,-0.992037,3.83146
4.41584,2.12222,1.18628,-0.954101,3.86243
4.42574,2.13396,1.12038,-0.915859,3.89241
4.43564,2.14506,1.0537,-0.877321,3.92138
4.44554,2.15549,0.986247,-0.838495,3.94932
4.45545,2.16526,0.918028,-0.799393,3.97621
4.46535,2.17434,0.849056,-0.760025,4.00201
4.47525,2.18275,0.779343,-0.720401,4.02673
4.48515,2.19047,0.7089,-0.680532,4.05032
4.49505,2.19749,0.63774,-0.64043,4.07277
4.50495,2.2038,0.565875,-0.600106,4.09405
4.51485,2.2094,0.493319,-0.55957,4.11414
4.52475,2.21429,0.420088,-0.518836,4.13302
4.53465,2.21845,0.346196,-0.477915,4.15067
4.54455,2.22187,0.271659,-0.43682,4.16706
4.55446,2.22456,0.196495,-0.395562,4.18217
4.56436,2.22651,0.12072,-0.354154,4.19597
4.57426,2.2277,0.0443539,-0.31261,4.20844
4.58416,2.22814,-0.0325845,-0.270942,4.21956
4.59406,2.22782,-0.110075,-0.229164,4.2293
4.60396,2.22673,-0.188096,-0.18729,4.23765
4.61386,2.22487,-0.266626,-0.145333,4.24457
4.62376,2.22223,-0.345641,-0.103307,4.25005
4.63366,2.21881,-0.425119,-0.0612278,4.25405
4.64356,2.2146,-0.505032,-0.0191085,4.25657
4.65347,2.2096,-0.585357,0.0230357,4.25757
4.66337,2.2038,-0.666065,0.0651899,4.25703
4.67327,2.19721,-0.747128,0.107339,4.25493
4.68317,2.18981,-0.828518,0.149467,4.25125
4.69307,2.18161,-0.910204,0.191558,4.24596
4.70297,2.17259,-0.992156,0.233597,4.23906
4.71287,2.16277,-1.07434,0.275568,4.23051
4.72277,2.15213,-1.15672,0.317455,4.22029
4.73267,2.14068,-1.23927,0.35924,4.20839
4.74257,2.12841,-1.32195,0.400907,4.19479
4.75248,2.11532,-1.40472,0.442439,4.17946
4.76238,2.10142,-1.48754,0.48382,4.1624
4.77228,2.08669,-1.57038,0.525032,4.14358
4.78218,2.07114,-1.65319,0.566058,4.12299
4.79208,2.05477,-1.73594,0.606879,4.10062
4.80198,2.03758,-1.81858,0.64748,4.07645
4.81188,2.01958,-1.90107,0.68784,4.05047
4.82178,2.00075,-1.98336,0.727944,4.02266
4.83168,1.98112,-2.06542,0.767772,3.99302
4.84158,1.96067,-2.14718,0.807307,3.96154
4.85149,1.93941,-2.22862,0.84653,3.92821
4.86139,1.91734,-2.30967,0.885424,3.89302
4.87129,1.89448,-2.39029,0.923968,3.85597
4.88119,1.87081,-2.47042,0.962146,3.81705
4.89109,1.84635,-2.55003,0.999939,3.77627
4.90099,1.8211,-2.62905,1.03733,3.73362
4.91089,1.79507,-2.70744,1.07429,3.68911
4.92079,1.76826,-2.78514,1.11082,3.64273
4.93069,1.74069,-2.8621,1.14689,3.5945
4.94059,1.71235,-2.93826,1.18248,3.54441
4.9505,1.68326,-3.01357,1.21757,3.49248
4.9604,1.65342,-3.08799,1.25215,3.43872
4.9703,1.62285,-3.16144,1.28619,3.38314
4.9802,1.59155,-3.23388,1.31969,3.32576
4.9901,1.55953,-3.30525,1.35262,3.26659
5,1.5268,-3.3755,1.38496,3.20566
5.0099,1.49338,-3.44458,1.4167,3.14298
5.0198,1.45928,-3.51242,1.44782,3.07857
5.0297,1.4245,-3.57897,1.4783,3.01246
5.0396,1.38907,-3.64419,1.50813,2.94469
5.0495,1.35299,-3.70801,1.53728,2.87527
5.05941,1.31627,-3.77038,1.56575,2.80425
5.06931,1.27894,-3.83126,1.59352,2.73165
5.07921,1.24101,-3.89059,1.62056,2.65752
5.08911,1.20249,-3.94832,1.64687,2.58189
5.09901,1.1634,-4.0044,1.67244,2.50479
5.10891,1.12375,-4.05879,1.69724,2.42629
5.11881,1.08356,-4.11143,1.72126,2.34641
5.12871,1.04285,-4.16229,1.74449,2.26521
5.13861,1.00164,-4.21132,1.76692,2.18273
5.14851,0.959947,-4.25848,1.78853,2.09904
5.15842,0.917784,-4.30372,1.80931,2.01417
5.16832,0.875173,-4.34701,1.82925,1.92818
5.17822,0.832133,-4.38832,1.84835,1.84114
5.18812,0.788685,-4.4276,1.86657,1.75309
5.19802,0.744847,-4.46484,1.88393,1.6641
5.20792,0.700641,-4.49998,1.90041,1.57422
5.21782,0.656087,-4.53302,1.91599,1.48353
5.22772,0.611205,-4.56393,1.93068,1.39208
5.23762,0.566018,-4.59267,1.94447,1.29993
5.24752,0.520546,-4.61924,1.95734,1.20716
5.25743,0.474811,-4.64361,1.96929,1.11382
5.26733,0.428834,-4.66576,1.98032,1.01998
5.27723,0.382639,-4.6857,1.99042,0.92572
5.28713,0.336246,-4.70339,1.99958,0.831096
5.29703,0.289677,-4.71885,2.00781,0.736178
5.30693,0.242956,-4.73206,2.0151,0.641034
5.31683,0.196104,-4.74302,2.02145,0.545732
5.32673,0.149143,-4.75173,2.02685,0.450341
5.33663,0.102097,-4.7582,2.03131,0.354928
5.34653,0.0549857,-4.76243,2.03482,0.259561
5.35644,0.00783289,-4.76443,2.03739,0.164305
5.36634,-0.0393397,-4.76421,2.03902,0.0692281
5.37624,-0.08651,-4.76178,2.0397,-0.0256048
5.38614,-0.133656,-4.75716,2.03945,-0.120129
5.39604,-0.180757,-4.75037,2.03826,-0.214281
5.40594,-0.22779,-4.74143,2.03614,-0.307999
5.41584,-0.274735,-4.73037,2.03309,-0.40122
5.42574,-0.321571,-4.7172,2.02912,-0.493885
5.43564,-0.368275,-4.70195,2.02423,-0.585935
5.44554,-0.414829,-4.68466,2.01843,-0.677314
5.45545,-0.461212,-4.66535,2.01172,-0.767964
5.46535,-0.507404,-4.64406,2.00412,-0.857833
5.47525,-0.553385,-4.62082,1.99562,-0.946869
5.48515,-0.599135,-4.59567,1.98625,-1.03502
5.49505,-0.644637,-4.56865,1.976,-1.12224
5.50495,-0.689871,-4.5398,1.96489,-1.20848
5.51485,-0.73482,-4.50915,1.95292,-1.29369
5.52475,-0.779465,-4.47675,1.94012,-1.37784
5.53465,-0.823789,-4.44264,1.92647,-1.46087
5.54455,-0.867776,-4.40687,1.91201,-1.54276
5.55446,-0.911408,-4.36948,1.89673,-1.62347
5.56436,-0.95467,-4.33052,1.88066,-1.70296
5.57426,-0.997547,-4.29003,1.8638,-1.78119
5.58416,-1.04002,-4.24805,1.84616,-1.85815
5.59406,-1.08208,-4.20465,1.82777,-1.93379
5.60396,-1.12371,-4.15986,1.80862,-2.0081
5.61386,-1.1649,-4.11373,1.78874,-2.08104
5.62376,-1.20563,-4.06631,1.76813,-2.1526
5.63366,-1.24589,-4.01765,1.74682,-2.22275
5.64356,-1.28567,-3.9678,1.72481,-2.29148
5.65347,-1.32495,-3.91681,1.70213,-2.35877
5.66337,-1.36373,-3.86472,1.67877,-2.4246
5.67327,-1.402,-3.81158,1.65476,-2.48897
5.68317,-1.43974,-3.75744,1.63012,-2.55185
5.69307,-1.47694,-3.70235,1.60486,-2.61325
5.70297,-1.5136,-3.64636,1.57898,-2.67314
5.71287,-1.5497,-3.5895,1.55252,-2.73153
5.72277,-1.58524,-3.53183,1.52547,-2.78841
5.73267,-1.62021,-3.47339,1.49786,-2.84378
5.74257,-1.6546,-3.41423,1.46971,-2.89764
5.75248,-1.6884,-3.35438,1.44102,-2.94998
5.76238,-1.72161,-3.2939,1.41181,-3.00081
5.77228,-1.75423,-3.23283,1.3821,-3.05012
5.78218,-1.78623,-3.1712,1.3519,-3.09793
5.79208,-1.81763,-3.10906,1.32123,-3.14424
5.80198,-1.84841,-3.04645,1.2901,-3.18904
5.81188,-1.87858,-2.98341,1.25852,-3.23236
5.82178,-1.90812,-2.91997,1.22652,-3.2742
5.83168,-1.93703,-2.85617,1.1941,-3.31456
5.84158,-1.96531,-2.79206,1.16128,-3.35346
5.85149,-1.99295,-2.72765,1.12808,-3.3909
5.86139,-2.01996,-2.663,1.09451,-3.42691
5.87129,-2.04632,-2.59813,1.06058,-3.46148
5.88119,-2.07205,-2.53308,1.0263,-3.49464
5.89109,-2.09713,-2.46787,0.991703,-3.5264
5.90099,-2.12156,-2.40254,0.956789,-3.55676
5.91089,-2.14535,-2.33712,0.921573,-3.58575
5.92079,-2.16849,-2.27164,0.886071,-3.61339
5.93069,-2.19098,-2.20612,0.850295,-3.63967
5.94059,-2.21282,-2.14059,0.814258,-3.66463
5.9505,-2.23402,-2.07508,0.777975,-3.68828
5.9604,-2.25456,-2.00961,0.741457,-3.71064
5.9703,-2.27446,-1.94421,0.704718,-3.73172
5.9802,-2.29371,-1.8789,0.66777,-3.75154
5.9901,-2.31231,-1.81371,0.630626,-3.77011
6,-2.33027,-1.74865,0.593299,-3.78746
6.0099,-2.34758,-1.68374,0.555799,-3.8036
6.0198,-2.36425,-1.61901,0.51814,-3.81856
6.0297,-2.38028,-1.55448,0.480332,-3.83234
6.0396,-2.39567,-1.49016,0.442388,-3.84498
6.0495,-2.41043,-1.42607,0.404319,-3.85647
6.05941,-2.42455,-1.36223,0.366136,-3.86686
6.06931,-2.43803,-1.29865,0.32785,-3.87614
6.07921,-2.45089,-1.23536,0.289473,-3.88435
6.08911,-2.46312,-1.17235,0.251014,-3.89149
6.09901,-2.47473,-1.10966,0.212484,-3.89759
6.10891,-2.48572,-1.04729,0.173894,-3.90267
6.11881,-2.49609,-0.985256,0.135254,-3.90674
6.12871,-2.50584,-0.923568,0.0965733,-3.90983
6.13861,-2.51499,-0.862239,0.0578621,-3.91194
6.14851,-2.52352,-0.801279,0.01913,-3.9131
6.15842,-2.53146,-0.740699,-0.0196136,-3.91333
6.16832,-2.53879,-0.68051,-0.0583595,-3.91264
6.17822,-2.54553,-0.62072,-0.0970985,-3.91105
6.18812,-2.55167,-0.561338,-0.135822,-3.90858
6.19802,-2.55723,-0.502373,-0.174521,-3.90525
6.20792,-2.56221,-0.443832,-0.213187,-3.90106
6.21782,-2.5666,-0.385722,-0.251811,-3.89605
6.22772,-2.57042,-0.328052,-0.290386,-3.89021
6.23762,-2.57367,-0.270826,-0.328903,-3.88358
6.24752,-2.57635,-0.214052,-0.367354,-3.87617
6.25743,-2.57847,-0.157734,-0.405732,-3.86799
6.26733,-2.58003,-0.101879,-0.444029,-3.85906
6.27723,-2.58104,-0.0464904,-0.482237,-3.84939
6.28713,-2.5815,0.00842625,-0.52035,-3.839
6.29703,-2.58142,0.062867,-0.55836,-3.8279
6.30693,-2.58079,0.116828,-0.59626,-3.81612
6.31683,-2.57964,0.170306,-0.634043,-3.80366
6.32673,-2.57795,0.223297,-0.671703,-3.79053
6.33663,-2.57574,0.275798,-0.709233,-3.77676
6.34653,-2.57301,0.327807,-0.746627,-3.76235
6.35644,-2.56976,0.379322,-0.783878,-3.74733
6.36634,-2.56601,0.430339,-0.82098,-3.73169
6.37624,-2.56175,0.480858,-0.857928,-3.71546
6.38614,-2.55699,0.530876,-0.894714,-3.69865
6.39604,-2.55173,0.580392,-0.931335,-3.68127
6.40594,-2.54598,0.629404,-0.967783,-3.66334
6.41584,-2.53975,0.677913,-1.00405,-3.64486
6.42574,-2.53304,0.725915,-1.04014,-3.62585
6.43564,-2.52585,0.773412,-1.07604,-3.60632
6.44554,-2.51819,0.820402,-1.11175,-3.58629
6.45545,-2.51007,0.866885,-1.14725,-3.56575
6.46535,-2.50149,0.912862,-1.18256,-3.54473
6.47525,-2.49245,0.95833,-1.21766,-3.52324
6.48515,-2.48296,1.00329,-1.25254,-3.50128
6.49505,-2.47303,1.04775,-1.28721,-3.47887
6.50495,-2.46265,1.0917,-1.32165,-3.45601
6.51485,-2.45185,1.13514,-1.35587,-3.43273
6.52475,-2.44061,1.17807,-1.38986,-3.40902
6.53465,-2.42894,1.22051,-1.42361,-3.38489
6.54455,-2.41686,1.26243,-1.45712,-3.36037
6.55446,-2.40436,1.30386,-1.49039,-3.33544
6.56436,-2.39145,1.34478,-1.52342,-3.31014
6.57426,-2.37813,1.3852,-1.55619,-3.28445
6.58416,-2.36442,1.42512,-1.58871,-3.2584
6.59406,-2.35031,1.46454,-1.62097,-3.232
6.60396,-2.33581,1.50347,-1.65297,-3.20524
6.61386,-2.32092,1.5419,-1.68471,-3.17814
6.62376,-2.30566,1.57983,-1.71617,-3.1507
6.63366,-2.29002,1.61727,-1.74737,-3.12294
6.64356,-2.274,1.65422,-1.77829,-3.09486
6.65347,-2.25762,1.69068,-1.80893,-3.06647
6.66337,-2.24089,1.72664,-1.83929,-3.03778
6.67327,-2.22379,1.76213,-1.86937,-3.00879
6.68317,-2.20634,1.79712,-1.89916,-2.97952
6.69307,-2.18855,1.83163,-1.92866,-2.94996
6.70297,-2.17041,1.86566,-1.95787,-2.92013
6.71287,-2.15194,1.89921,-1.98678,-2.89003
6.72277,-2.13314,1.93228,-2.01539,-2.85966
6.73267,-2.11401,1.96487,-2.04371,-2.82905
6.74257,-2.09455,1.99699,-2.07172,-2.79818
6.75248,-2.07478,2.02864,-2.09942,-2.76708
6.76238,-2.0547,2.05981,-2.12682,-2.73573
6.77228,-2.0343,2.09051,-2.1539,-2.70416
6.78218,-2.0136,2.12075,-2.18068,-2.67236
6.79208,-1.99261,2.15052,-2.20714,-2.64034
6.80198,-1.97131,2.17982,-2.23328,-2.60811
6.81188,-1.94973,2.20866,-2.2591,-2.57567
6.82178,-1.92786,2.23704,-2.2846,-2.54303
6.83168,-1.90571,2.26496,-2.30978,-2.51019
6.84158,-1.88329,2.29243,-2.33464,-2.47716
6.85149,-1.86059,2.31944,-2.35916,-2.44394
6.86139,-1.83763,2.346,-2.38336,-2.41054
6.87129,-1.8144,2.3721,-2.40723,-2.37696
6.88119,-1.79091,2.39776,-2.43076,-2.3432
6.89109,-1.76717,2.42296,-2.45396,-2.30928
6.90099,-1.74318,2.44772,-2.47682,-2.2752
6.91089,-1.71895,2.47204,-2.49935,-2.24095
6.92079,-1.69447,2.49591,-2.52154,-2.20655
6.93069,-1.66976,2.51935,-2.54339,-2.17199
6.94059,-1.64482,2.54234,-2.56489,-2.13729
6.9505,-1.61964,2.5649,-2.58605,-2.10245
6.9604,-1.59425,2.58702,-2.60687,-2.06746
6.9703,-1.56864,2.6087,-2.62734,-2.03234
6.9802,-1.54281,2.62996,-2.64746,-1.99709
6.9901,-1.51677,2.65079,-2.66723,-1.96171
7,-1.49052,2.67118,-2.68666,-1.9262
7.0099,-1.46407,2.69115,-2.70573,-1.89058
7.0198,-1.43743,2.7107,-2.72445,-1.85483
7.0297,-1.41059,2.72982,-2.74281,-1.81897
7.0396,-1.38356,2.74852,-2.76082,-1.783
7.0495,-1.35635,2.7668,-2.77847,-1.74692
7.05941,-1.32896,2.78466,-2.79577,-1.71073
7.06931,-1.30139,2.80211,-2.81271,-1.67444
7.07921,-1.27364,2.81914,-2.82929,-1.63806
7.08911,-1.24573,2.83576,-2.84551,-1.60158
7.09901,-1.21765,2.85196,-2.86136,-1.565
7.10891,-1.18942,2.86776,-2.87686,-1.52834
7.11881,-1.16102,2.88315,-2.89199,-1.49159
7.12871,-1.13248,2.89813,-2.90676,-1.45476
7.13861,-1.10378,2.91271,-2.92116,-1.41785
7.14851,-1.07494,2.92688,-2.9352,-1.38085
7.15842,-1.04596,2.94065,-2.94887,-1.34379
7.16832,-1.01685,2.95402,-2.96218,-1.30665
7.17822,-0.9876,2.96698,-2.97511,-1.26944
7.18812,-0.958224,2.97955,-2.98768,-1.23217
7.19802,-0.928724,2.99173,-2.99988,-1.19483
7.20792,-0.899103,3.0035,-3.01171,-1.15743
7.21782,-0.869365,3.01489,-3.02317,-1.11997
7.22772,-0.839515,3.02588,-3.03426,-1.08246
7.23762,-0.809555,3.03647,-3.04498,-1.04489
7.24752,-0.779491,3.04668,-3.05532,-1.00727
7.25743,-0.749326,3.05649,-3.0653,-0.969602
7.26733,-0.719064,3.06592,-3.0749,-0.931888
7.27723,-0.688708,3.07496,-3.08412,-0.89413
7.28713,-0.658263,3.08361,-3.09298,-0.856331
7.29703,-0.627732,3.09187,-3.10145,-0.818493
7.30693,-0.59712,3.09975,-3.10956,-0.780618
7.31683,-0.566429,3.10724,-3.11729,-0.74271
7.32673,-0.535665,3.11436,-3.12464,-0.704769
7.33663,-0.504829,3.12108,-3.13162,-0.666798
7.34653,-0.473928,3.12743,-3.13822,-0.628801
7.35644,-0.442963,3.13339,-3.14445,-0.590777
7.36634,-0.411939,3.13898,-3.1503,-0.552731
7.37624,-0.38086,3.14418,-3.15577,-0.514664
7.38614,-0.34973,3.14901,-3.16086,-0.476579
7.39604,-0.318551,3.15345,-3.16558,-0.438476
7.40594,-0.287329,3.15752,-3.16992,-0.40036
7.41584,-0.256067,3.16121,-3.17389,-0.362231
7.42574,-0.224767,3.16452,-3.17747,-0.324092
7.43564,-0.193436,3.16746,-3.18068,-0.285945
7.44554,-0.162075,3.17002,-3.18351,-0.247792
7.45545,-0.130688,3.1722,-3.18597,-0.209635
7.46535,-0.0992803,3.17401,-3.18804,-0.171477
7.47525,-0.0678544,3.17545,-3.18974,-0.133318
7.48515,-0.0364143,3.17651,-3.19106,-0.0951619
7.49505,-0.00496379,3.17719,-3.192,-0.05701
7.50495,0.0264935,3.1775,-3.19257,-0.0188644
7.51485,0.057954,3.17744,-3.19275,0.0192728
7.52475,0.0894137,3.177,-3.19256,0.0573997
7.53465,0.120869,3.17619,-3.19199,0.095514
7.54455,0.152317,3.17501,-3.19105,0.133614
7.55446,0.183752,3.17345,-3.18973,0.171697
7.56436,0.215173,3.17152,-3.18803,0.209762
7.57426,0.246574,3.16922,-3.18595,0.247807
7.58416,0.277952,3.16655,-3.1835,0.285828
7.59406,0.309304,3.1635,-3.18067,0.323825
7.60396,0.340626,3.16008,-3.17746,0.361796
7.61386,0.371914,3.15628,-3.17388,0.399737
7.62376,0.403164,3.15212,-3.16992,0.437648
7.63366,0.434373,3.14757,-3.16559,0.475526
7.64356,0.465537,3.14266,-3.16088,0.513369
7.65347,0.496653,3.13737,-3.1558,0.551175
7.66337,0.527716,3.13171,-3.15034,0.588941
7.67327,0.558723,3.12568,-3.14451,0.626667
7.68317,0.58967,3.11927,-3.1383,0.664348
7.69307,0.620554,3.11249,-3.13172,0.701985
7.70297,0.651371,3.10533,-3.12477,0.739573
7.71287,0.682117,3.0978,-3.11745,0.777112
7.72277,0.712788,3.0899,-3.10976,0.814598
7.73267,0.743381,3.08161,-3.10169,0.85203
7.74257,0.773892,3.07296,-3.09326,0.889406
7.75248,0.804318,3.06392,-3.08445,0.926722
7.76238,0.834653,3.05451,-3.07528,0.963978
7.77228,0.864896,3.04472,-3.06573,1.00117
7.78218,0.895042,3.03456,-3.05582,1.0383
7.79208,0.925087,3.02401,-3.04554,1.07535
7.80198,0.955028,3.01309,-3.03489,1.11234
7.81188,0.98486,3.00179,-3.02388,1.14925
7.82178,1.01458,2.99011,-3.0125,1.18609
7.83168,1.04419,2.97805,-3.00076,1.22285
7.84158,1.07367,2.96561,-2.98865,1.25954
7.85149,1.10303,2.95278,-2.97618,1.29613
7.86139,1.13227,2.93958,-2.96334,1.33264
7.87129,1.16137,2.92599,-2.95015,1.36907
7.88119,1.19034,2.91202,-2.93659,1.4054
7.89109,1.21918,2.89766,-2.92268,1.44164
7.90099,1.24787,2.88292,-2.90841,1.47778
7.91089,1.27641,2.8678,-2.89377,1.51383
7.92079,1.3048,2.85228,-2.87879,1.54977
7.93069,1.33304,2.83638,-2.86344,1.58561
7.94059,1.36113,2.8201,-2.84774,1.62134
7.9505,1.38905,2.80342,-2.83169,1.65696
7.9604,1.41681,2.78635,-2.81528,1.69247
7.9703,1.44439,2.7689,-2.79853,1.72786
7.9802,1.47181,2.75105,-2.78142,1.76313
7.9901,1.49905,2.73281,-2.76396,1.79828
8,1.5261,2.71418,-2.74616,1.8333
8.0099,1.55298,2.69515,-2.72801,1.86819
8.0198,1.57966,2.67573,-2.70951,1.90295
8.0297,1.60615,2.65592,-2.69067,1.93758
8.0396,1.63245,2.63571,-2.67148,1.97207
8.0495,1.65855,2.6151,-2.65196,2.00641
8.05941,1.68444,2.59409,-2.63209,2.04061
8.06931,1.71012,2.57268,-2.61189,2.07466
8.07921,1.73559,2.55087,-2.59135,2.10855
8.08911,1.76085,2.52867,-2.57047,2.14229
8.09901,1.78589,2.50606,-2.54926,2.17587
8.10891,1.8107,2.48304,-2.52772,2.20929
8.11881,1.83528,2.45963,-2.50584,2.24253
8.12871,1.85964,2.4358,-2.48364,2.27561
8.13861,1.88375,2.41158,-2.46111,2.30851
8.14851,1.90763,2.38694,-2.43825,2.34122
8.15842,1.93126,2.3619,-2.41507,2.37376
8.16832,1.95465,2.33645,-2.39157,2.4061
8.17822,1.97778,2.3106,-2.36775,2.43826
8.18812,2.00066,2.28433,-2.34361,2.47021
8.19802,2.02328,2.25765,-2.31915,2.50197
8.20792,2.04563,2.23056,-2.29438,2.53351
8.21782,2.06771,2.20305,-2.26929,2.56485
8.22772,2.08953,2.17514,-2.2439,2.59597
8.23762,2.11106,2.14681,-2.2182,2.62687
8.24752,2.13232,2.11806,-2.19219,2.65755
8.25743,2.15329,2.0889,-2.16587,2.68799
8.26733,2.17397,2.05932,-2.13926,2.7182
8.27723,2.19436,2.02932,-2.11235,2.74818
8.28713,2.21445,1.99891,-2.08514,2.7779
8.29703,2.23424,1.96807,-2.05763,2.80738
8.30693,2.25373,1.93682,-2.02984,2.8366
8.31683,2.27291,1.90515,-2.00175,2.86555
8.32673,2.29177,1.87306,-1.97338,2.89424
8.33663,2.31031,1.84055,-1.94473,2.92266
8.34653,2.32854,1.80761,-1.91579,2.9508
8.35644,2.34643,1.77426,-1.88657,2.97865
8.36634,2.364,1.74048,-1.85708,3.00622
8.37624,2.38123,1.70628,-1.82732,3.03349
8.38614,2.39813,1.67165,-1.79728,3.06045
8.39604,2.41468,1.63661,-1.76698,3.08711
8.40594,2.43088,1.60114,-1.73641,3.11345
8.41584,2.44674,1.56525,-1.70559,3.13947
8.42574,2.46223,1.52893,-1.6745,3.16516
8.43564,2.47737,1.4922,-1.64317,3.19052
8.44554,2.49215,1.45503,-1.61158,3.21554
8.45545,2.50655,1.41745,-1.57974,3.2402
8.46535,2.52059,1.37945,-1.54766,3.26451
8.47525,2.53424,1.34102,-1.51534,3.28846
8.48515,2.54752,1.30217,-1.48278,3.31204
8.49505,2.56041,1.2629,-1.44999,3.33524
8.50495,2.57292,1.22321,-1.41696,3.35806
8.51485,2.58503,1.1831,-1.38371,3.38048
8.52475,2.59674,1.14257,-1.35024,3.4025
8.53465,2.60806,1.10163,-1.31656,3.42412
8.54455,2.61896,1.06027,-1.28265,3.44532
8.55446,2.62946,1.01849,-1.24854,3.4661
8.56436,2.63954,0.9763,-1.21422,3.48644
8.57426,2.64921,0.933697,-1.17971,3.50634
8.58416,2.65846,0.890684,-1.14499,3.5258
8.59406,2.66727,0.847261,-1.11008,3.5448
8.60396,2.67566,0.803432,-1.07498,3.56333
8.61386,2.68362,0.759198,-1.0397,3.58139
8.62376,2.69113,0.714561,-1.00424,3.59896
8.63366,2.69821,0.669524,-0.96861,3.61605
8.64356,2.70484,0.624089,-0.932808,3.63263
8.65347,2.71102,0.578259,-0.896841,3.6487
8.66337,2.71674,0.532037,-0.860715,3.66425
8.67327,2.72201,0.485427,-0.824435,3.67927
8.68317,2.72682,0.43843,-0.788007,3.69376
8.69307,2.73116,0.391052,-0.751435,3.7077
8.70297,2.73503,0.343295,-0.714725,3.72107
8.71287,2.73843,0.295163,-0.677883,3.73389
8.72277,2.74135,0.246661,-0.640914,3.74612
8.73267,2.74379,0.197794,-0.603823,3.75777
8.74257,2.74575,0.148564,-0.566618,3.76882
8.75248,2.74722,0.0989786,-0.529303,3.77927
8.76238,2.7482,0.0490413,-0.491884,3.78909
8.77228,2.74869,-0.00124202,-0.454368,3.79829
8.78218,2.74868,-0.0518659,-0.416762,3.80685
8.79208,2.74816,-0.102824,-0.37907,3.81477
8.80198,2.74714,-0.154111,-0.3413,3.82202
8.81188,2.74562,-0.20572,-0.303458,3.82861
8.82178,2.74358,-0.257645,-0.265551,3.83452
8.83168,2.74103,-0.309877,-0.227586,3.83973
8.84158,2.73796,-0.362411,-0.189569,3.84425
8.85149,2.73437,-0.415238,-0.151507,3.84805
8.86139,2.73026,-0.46835,-0.113407,3.85114
8.87129,2.72563,-0.521739,-0.0752771,3.85349
8.88119,2.72046,-0.575397,-0.0371238,3.8551
8.89109,2.71476,-0.629315,0.00104551,3.85595
8.90099,2.70853,-0.683482,0.0392232,3.85604
8.91089,2.70176,-0.73789,0.0774019,3.85536
8.92079,2.69446,-0.792529,0.115574,3.85388
8.93069,2.68661,-0.847388,0.153731,3.85162
8.94059,2.67822,-0.902457,0.191866,3.84855
8.9505,2.66929,-0.957724,0.22997,3.84466
8.9604,2.6598,-1.01318,0.268036,3.83994
8.9703,2.64977,-1.06881,0.306055,3.83439
8.9802,2.63919,-1.1246,0.34402,3.82799
8.9901,2.62806,-1.18054,0.38192,3.82073
9,2.61637,-1.23662,0.419749,3.8126
9.0099,2.60412,-1.29282,0.457498,3.8036
9.0198,2.59132,-1.34913,0.495157,3.79371
9.0297,2.57797,-1.40554,0.532719,3.78293
9.0396,2.56405,-1.46203,0.570174,3.77124
9.0495,2.54957,-1.51858,0.607513,3.75863
9.05941,2.53454,-1.57518,0.644727,3.74511
9.06931,2.51894,-1.63182,0.681807,3.73065
9.07921,2.50279,-1.68847,0.718744,3.71525
9.08911,2.48607,-1.74513,0.755529,3.69891
9.09901,2.46879,-1.80177,0.792152,3.68161
9.10891,2.45095,-1.85837,0.828603,3.66335
9.11881,2.43255,-1.91492,0.864874,3.64412
9.12871,2.41359,-1.9714,0.900955,3.62391
9.13861,2.39407,-2.0278,0.936835,3.60273
9.14851,2.374,-2.08408,0.972505,3.58055
9.15842,2.35336,-2.14024,1.00796,3.55738
9.16832,2.33217,-2.19624,1.04318,3.53321
9.17822,2.31043,-2.25208,1.07816,3.50803
9.18812,2.28813,-2.30773,1.11289,3.48185
9.19802,2.26528,-2.36317,1.14737,3.45466
9.20792,2.24188,-2.41837,1.18157,3.42645
9.21782,2.21794,-2.47332,1.2155,3.39723
9.22772,2.19345,-2.52799,1.24913,3.36698
9.23762,2.16842,-2.58237,1.28247,3.33572
9.24752,2.14285,-2.63642,1.3155,3.30343
9.25743,2.11675,-2.69013,1.3482,3.27012
9.26733,2.09011,-2.74347,1.38058,3.23579
9.27723,2.06295,-2.79642,1.41262,3.20044
9.28713,2.03526,-2.84895,1.44431,3.16407
9.29703,2.00706,-2.90104,1.47563,3.12668
9.30693,1.97833,-2.95267,1.50659,3.08828
9.31683,1.9491,-3.00381,1.53717,3.04886
9.32673,1.91936,-3.05444,1.56735,3.00844
9.33663,1.88911,-3.10453,1.59714,2.96702
9.34653,1.85838,-3.15405,1.62652,2.92461
9.35644,1.82715,-3.20299,1.65547,2.8812
9.36634,1.79544,-3.25132,1.684,2.83682
9.37624,1.76324,-3.29901,1.71209,2.79146
9.38614,1.73058,-3.34603,1.73973,2.74514
9.39604,1.69745,-3.39237,1.76691,2.69786
9.40594,1.66386,-3.438,1.79362,2.64964
9.41584,1.62982,-3.48289,1.81985,2.60049
9.42574,1.59534,-3.52702,1.8456,2.55042
9.43564,1.56042,-3.57037,1.87085,2.49945
9.44554,1.52507,-3.6129,1.8956,2.44758
9.45545,1.4893,-3.65461,1.91983,2.39483
9.46535,1.45311,-3.69545,1.94354,2.34123
9.47525,1.41653,-3.73542,1.96672,2.28678
9.48515,1.37954,-3.77448,1.98936,2.2315
9.49505,1.34217,-3.81262,2.01146,2.17541
9.50495,1.30442,-3.84981,2.033,2.11852
9.51485,1.2663,-3.88602,2.05397,2.06087
9.52475,1.22783,-3.92125,2.07438,2.00247
9.53465,1.189,-3.95547,2.0942,1.94334
9.54455,1.14984,-3.98866,2.11344,1.8835
9.55446,1.11035,-4.02079,2.13209,1.82297
9.56436,1.07054,-4.05186,2.15014,1.76179
9.57426,1.03042,-4.08184,2.16759,1.69997
9.58416,0.990008,-4.11071,2.18442,1.63753
9.59406,0.949308,-4.13846,2.20063,1.57451
9.60396,0.908334,-4.16507,2.21622,1.51093
9.61386,0.867095,-4.19052,2.23118,1.44681
9.62376,0.825605,-4.21481,2.2455,1.38219
9.63366,0.783874,-4.23792,2.25919,1.31709
9.64356,0.741915,-4.25983,2.27223,1.25154
9.65347,0.699738,-4.28054,2.28462,1.18556
9.66337,0.657356,-4.30003,2.29636,1.1192
9.67327,0.614782,-4.31829,2.30744,1.05247
9.68317,0.572027,-4.33531,2.31786,0.985407
9.69307,0.529103,-4.35109,2.32762,0.918042
9.70297,0.486023,-4.36561,2.33671,0.850405
9.71287,0.442799,-4.37888,2.34513,0.782526
9.72277,0.399444,-4.39088,2.35287,0.714436
9.73267,0.355969,-4.40162,2.35995,0.646166
9.74257,0.312389,-4.41108,2.36635,0.577749
9.75248,0.268715,-4.41927,2.37207,0.509214
9.76238,0.22496,-4.42618,2.37711,0.440594
9.77228,0.181136,-4.43182,2.38147,0.371919
9.78218,0.137257,-4.43619,2.38515,0.303221
9.79208,0.0933342,-4.43928,2.38815,0.234531
9.80198,0.0493809,-4.4411,2.39048,0.165881
9.81188,0.00540963,-4.44165,2.39212,0.0973
9.82178,-0.0385672,-4.44095,2.39308,0.0288199
9.83168,-0.0825369,-4.43898,2.39337,-0.0395291
9.84158,-0.126487,-4.43577,2.39298,-0.107717
9.85149,-0.170406,-4.43132,2.39191,-0.175714
9.86139,-0.21428,-4.42563,2.39017,-0.243491
9.87129,-0.258098,-4.41871,2.38776,-0.311018
9.88119,-0.301848,-4.41059,2.38468,-0.378267
9.89109,-0.345517,-4.40126,2.38093,-0.44521
