0,0.0272277,2.75,5.2,-0.0144549
0.00990099,0.0544554,2.74992,5.19986,-0.0289091
0.019802,0.0816824,2.74977,5.19957,-0.0433624
0.029703,0.108908,2.74955,5.19914,-0.0578143
0.039604,0.136131,2.74924,5.19857,-0.0722645
0.049505,0.163351,2.74886,5.19785,-0.0867124
0.0594059,0.190568,2.74841,5.19699,-0.101158
0.0693069,0.21778,2.74788,5.19599,-0.1156
0.0792079,0.244987,2.74728,5.19485,-0.130039
0.0891089,0.272187,2.7466,5.19356,-0.144475
0.0990099,0.299381,2.74584,5.19213,-0.158906
0.108911,0.326568,2.74501,5.19056,-0.173333
0.118812,0.353746,2.7441,5.18884,-0.187755
0.128713,0.380915,2.74312,5.18698,-0.202171
0.138614,0.408075,2.74206,5.18498,-0.216582
0.148515,0.435224,2.74093,5.18284,-0.230987
0.158416,0.462362,2.73972,5.18055,-0.245385
0.168317,0.489488,2.73843,5.17812,-0.259777
0.178218,0.516601,2.73707,5.17555,-0.274161
0.188119,0.543701,2.73564,5.17283,-0.288537
0.19802,0.570786,2.73413,5.16998,-0.302906
0.207921,0.597857,2.73254,5.16698,-0.317266
0.217822,0.624912,2.73088,5.16384,-0.331617
0.227723,0.65195,2.72914,5.16055,-0.345959
0.237624,0.678971,2.72733,5.15713,-0.360292
0.247525,0.705975,2.72545,5.15356,-0.374614
0.257426,0.732959,2.72349,5.14985,-0.388926
0.267327,0.759925,2.72145,5.146,-0.403228
0.277228,0.78687,2.71934,5.14201,-0.417518
0.287129,0.813794,2.71716,5.13787,-0.431797
0.29703,0.840696,2.7149,5.1336,-0.446063
0.306931,0.867577,2.71256,5.12918,-0.460318
0.316832,0.894434,2.71015,5.12462,-0.474559
0.326733,0.921267,2.70767,5.11993,-0.488788
0.336634,0.948075,2.70511,5.11509,-0.503003
0.346535,0.974859,2.70248,5.11011,-0.517204
0.356436,1.00162,2.69977,5.10499,-0.531391
0.366337,1.02835,2.69699,5.09972,-0.545563
0.376238,1.05505,2.69414,5.09432,-0.559721
0.386139,1.08172,2.69121,5.08878,-0.573863
0.39604,1.10837,2.68821,5.0831,-0.587989
0.405941,1.13499,2.68513,5.07728,-0.602098
0.415842,1.16157,2.68198,5.07132,-0.616192
0.425743,1.18813,2.67876,5.06522,-0.630268
0.435644,1.21465,2.67546,5.05897,-0.644327
0.445545,1.24114,2.67209,5.0526,-0.658369
0.455446,1.26759,2.66864,5.04608,-0.672392
0.465347,1.29402,2.66512,5.03942,-0.686397
0.475248,1.3204,2.66153,5.03262,-0.700382
0.485149,1.34675,2.65787,5.02569,-0.714349
0.49505,1.37307,2.65413,5.01862,-0.728296
0.50495,1.39935,2.65032,5.01141,-0.742223
0.514851,1.42559,2.64644,5.00406,-0.75613
0.524752,1.45179,2.64248,4.99657,-0.770016
0.534653,1.47796,2.63845,4.98895,-0.78388
0.544554,1.50408,2.63435,4.98119,-0.797723
0.554455,1.53016,2.63018,4.97329,-0.811545
0.564356,1.5562,2.62593,4.96525,-0.825344
0.574257,1.5822,2.62161,4.95708,-0.83912
0.584158,1.60816,2.61722,4.94877,-0.852874
0.594059,1.63407,2.61276,4.94033,-0.866603
0.60396,1.65994,2.60823,4.93175,-0.88031
0.613861,1.68576,2.60362,4.92303,-0.893992
0.623762,1.71154,2.59895,4.91418,-0.907649
0.633663,1.73728,2.5942,4.90519,-0.921282
0.643564,1.76296,2.58938,4.89607,-0.934889
0.653465,1.7886,2.58449,4.88682,-0.948471
0.663366,1.81419,2.57953,4.87742,-0.962027
0.673267,1.83973,2.57449,4.8679,-0.975556
0.683168,1.86522,2.56939,4.85824,-0.989058
0.693069,1.89066,2.56422,4.84845,-1.00253
0.70297,1.91604,2.55897,4.83852,-1.01598
0.712871,1.94138,2.55366,4.82846,-1.0294
0.722772,1.96666,2.54827,4.81827,-1.04279
0.732673,1.99189,2.54282,4.80795,-1.05616
0.742574,2.01707,2.53729,4.79749,-1.06949
0.752475,2.04219,2.5317,4.7869,-1.0828
0.762376,2.06726,2.52604,4.77618,-1.09607
0.772277,2.09227,2.5203,4.76533,-1.10932
0.782178,2.11722,2.5145,4.75434,-1.12253
0.792079,2.14212,2.50863,4.74323,-1.13572
0.80198,2.16696,2.50269,4.73198,-1.14887
0.811881,2.19174,2.49668,4.72061,-1.16199
0.821782,2.21646,2.4906,4.70911,-1.17508
0.831683,2.24112,2.48445,4.69747,-1.18814
0.841584,2.26571,2.47824,4.68571,-1.20116
0.851485,2.29025,2.47196,4.67381,-1.21415
0.861386,2.31473,2.46561,4.66179,-1.22711
0.871287,2.33914,2.45919,4.64964,-1.24004
0.881188,2.36349,2.4527,4.63737,-1.25293
0.891089,2.38777,2.44615,4.62496,-1.26579
0.90099,2.41199,2.43953,4.61243,-1.27861
0.910891,2.43614,2.43284,4.59977,-1.2914
0.920792,2.46023,2.42609,4.58698,-1.30415
0.930693,2.48425,2.41927,4.57407,-1.31686
0.940594,2.5082,2.41238,4.56103,-1.32954
0.950495,2.53209,2.40543,4.54787,-1.34219
0.960396,2.55591,2.39841,4.53458,-1.35479
0.970297,2.57965,2.39132,4.52117,-1.36736
0.980198,2.60333,2.38417,4.50763,-1.37989
0.990099,2.62693,2.37695,4.49396,-1.39239
1,2.65047,2.36967,4.48018,-1.40484
1.0099,2.67393,2.36232,4.46627,-1.41726
1.0198,2.69732,2.35491,4.45224,-1.42964
1.0297,2.72064,2.34744,4.43808,-1.44198
1.0396,2.74388,2.33989,4.42381,-1.45428
1.0495,2.76704,2.33229,4.40941,-1.46654
1.05941,2.79014,2.32462,4.39489,-1.47876
1.06931,2.81315,2.31689,4.38024,-1.49094
1.07921,2.83609,2.30909,4.36548,-1.50308
1.08911,2.85895,2.30123,4.3506,-1.51517
1.09901,2.88174,2.29331,4.3356,-1.52723
1.10891,2.90445,2.28532,4.32048,-1.53924
1.11881,2.92707,2.27727,4.30524,-1.55122
1.12871,2.94962,2.26916,4.28988,-1.56315
1.13861,2.97209,2.26099,4.2744,-1.57503
1.14851,2.99447,2.25275,4.25881,-1.58688
1.15842,3.01678,2.24445,4.2431,-1.59868
1.16832,3.039,2.23609,4.22727,-1.61043
1.17822,3.06114,2.22767,4.21132,-1.62214
1.18812,3.08319,2.21919,4.19526,-1.63381
1.19802,3.10517,2.21065,4.17909,-1.64543
1.20792,3.12705,2.20204,4.1628,-1.65701
1.21782,3.14886,2.19338,4.14639,-1.66854
1.22772,3.17057,2.18465,4.12987,-1.68003
1.23762,3.1922,2.17587,4.11323,-1.69147
1.24752,3.21375,2.16702,4.09649,-1.70286
1.25743,3.2352,2.15812,4.07963,-1.71421
1.26733,3.25657,2.14916,4.06266,-1.72551
1.27723,3.27785,2.14014,4.04557,-1.73676
1.28713,3.29904,2.13105,4.02838,-1.74797
1.29703,3.32014,2.12192,4.01107,-1.75913
1.30693,3.34115,2.11272,3.99365,-1.77023
1.31683,3.36206,2.10346,3.97612,-1.78129
1.32673,3.38289,2.09415,3.95849,-1.79231
1.33663,3.40363,2.08478,3.94074,-1.80327
1.34653,3.42427,2.07535,3.92289,-1.81418
1.35644,3.44481,2.06587,3.90493,-1.82505
1.36634,3.46527,2.05633,3.88686,-1.83586
1.37624,3.48563,2.04673,3.86868,-1.84662
1.38614,3.50589,2.03707,3.8504,-1.85733
1.39604,3.52606,2.02736,3.83201,-1.868
1.40594,3.54614,2.0176,3.81351,-1.87861
1.41584,3.56611,2.00778,3.79491,-1.88917
1.42574,3.58599,1.9979,3.77621,-1.89967
1.43564,3.60577,1.98797,3.7574,-1.91013
1.44554,3.62545,1.97798,3.73849,-1.92053
1.45545,3.64504,1.96794,3.71947,-1.93088
1.46535,3.66452,1.95785,3.70035,-1.94118
1.47525,3.68391,1.9477,3.68113,-1.95142
1.48515,3.70319,1.9375,3.66181,-1.96161
1.49505,3.72238,1.92725,3.64239,-1.97175
1.50495,3.74146,1.91694,3.62287,-1.98183
1.51485,3.76044,1.90658,3.60325,-1.99186
1.52475,3.77931,1.89617,3.58353,-2.00183
1.53465,3.79809,1.88571,3.56371,-2.01175
1.54455,3.81676,1.87519,3.54379,-2.02161
1.55446,3.83532,1.86463,3.52377,-2.03142
1.56436,3.85379,1.85401,3.50366,-2.04117
1.57426,3.87214,1.84334,3.48345,-2.05087
1.58416,3.89039,1.83262,3.46314,-2.06051
1.59406,3.90854,1.82185,3.44274,-2.07009
1.60396,3.92658,1.81103,3.42225,-2.07962
1.61386,3.94451,1.80016,3.40166,-2.08908
1.62376,3.96233,1.78924,3.38097,-2.0985
1.63366,3.98005,1.77828,3.36019,-2.10785
1.64356,3.99765,1.76726,3.33932,-2.11715
1.65347,4.01515,1.7562,3.31836,-2.12639
1.66337,4.03254,1.74508,3.29731,-2.13557
1.67327,4.04982,1.73392,3.27617,-2.14469
1.68317,4.06698,1.72272,3.25493,-2.15375
1.69307,4.08404,1.71146,3.23361,-2.16276
1.70297,4.10099,1.70016,3.21219,-2.1717
1.71287,4.11782,1.68881,3.19069,-2.18058
1.72277,4.13454,1.67742,3.1691,-2.18941
1.73267,4.15115,1.66598,3.14742,-2.19817
1.74257,4.16764,1.65449,3.12566,-2.20688
1.75248,4.18402,1.64296,3.10381,-2.21552
1.76238,4.20029,1.63138,3.08187,-2.22411
1.77228,4.21644,1.61976,3.05985,-2.23263
1.78218,4.23248,1.6081,3.03775,-2.24109
1.79208,4.2484,1.59639,3.01556,-2.24949
1.80198,4.26421,1.58463,2.99329,-2.25783
1.81188,4.2799,1.57284,2.97093,-2.2661
1.82178,4.29547,1.561,2.94849,-2.27432
1.83168,4.31093,1.54912,2.92598,-2.28247
1.84158,4.32626,1.53719,2.90338,-2.29056
1.85149,4.34148,1.52522,2.8807,-2.29858
1.86139,4.35658,1.51322,2.85794,-2.30655
1.87129,4.37157,1.50117,2.8351,-2.31445
1.88119,4.38643,1.48908,2.81219,-2.32228
1.89109,4.40117,1.47695,2.7892,-2.33005
1.90099,4.4158,1.46477,2.76613,-2.33776
1.91089,4.4303,1.45256,2.74298,-2.34541
1.92079,4.44468,1.44031,2.71976,-2.35299
1.93069,4.45894,1.42802,2.69646,-2.3605
1.94059,4.47308,1.41569,2.67309,-2.36795
1.9505,4.4871,1.40332,2.64964,-2.37534
1.9604,4.50099,1.39092,2.62613,-2.38266
1.9703,4.51476,1.37847,2.60254,-2.38991
1.9802,4.52841,1.36599,2.57887,-2.3971
1.9901,4.54194,1.35347,2.55514,-2.40423
2,4.55534,1.34092,2.53134,-2.41128
2.0099,4.56861,1.32833,2.50746,-2.41828
2.0198,4.58176,1.3157,2.48352,-2.4252
2.0297,4.59479,1.30303,2.45951,-2.43206
2.0396,4.60769,1.29033,2.43543,-2.43885
2.0495,4.62047,1.2776,2.41128,-2.44558
2.05941,4.63312,1.26483,2.38707,-2.45224
2.06931,4.64564,1.25202,2.36279,-2.45883
2.07921,4.65804,1.23919,2.33844,-2.46535
2.08911,4.67031,1.22631,2.31403,-2.47181
2.09901,4.68245,1.21341,2.28956,-2.47819
2.10891,4.69446,1.20047,2.26502,-2.48451
2.11881,4.70635,1.1875,2.24042,-2.49077
2.12871,4.7181,1.1745,2.21576,-2.49695
2.13861,4.72973,1.16146,2.19104,-2.50306
2.14851,4.74123,1.1484,2.16626,-2.50911
2.15842,4.7526,1.1353,2.14141,-2.51509
2.16832,4.76384,1.12217,2.11651,-2.521
2.17822,4.77495,1.10901,2.09155,-2.52684
2.18812,4.78593,1.09582,2.06653,-2.53261
2.19802,4.79678,1.0826,2.04146,-2.53831
2.20792,4.8075,1.06936,2.01633,-2.54394
2.21782,4.81809,1.05608,1.99114,-2.5495
2.22772,4.82855,1.04277,1.9659,-2.55499
2.23762,4.83887,1.02944,1.9406,-2.56041
2.24752,4.84906,1.01608,1.91525,-2.56576
2.25743,4.85912,1.00269,1.88985,-2.57105
2.26733,4.86905,0.989275,1.86439,-2.57626
2.27723,4.87885,0.975832,1.83888,-2.5814
2.28713,4.88851,0.962363,1.81332,-2.58646
2.29703,4.89804,0.948868,1.78771,-2.59146
2.30693,4.90743,0.935347,1.76206,-2.59639
2.31683,4.91669,0.921802,1.73635,-2.60125
2.32673,4.92582,0.908231,1.71059,-2.60603
2.33663,4.93481,0.894636,1.68479,-2.61074
2.34653,4.94367,0.881017,1.65894,-2.61539
2.35644,4.95239,0.867375,1.63305,-2.61996
2.36634,4.96098,0.853709,1.60711,-2.62445
2.37624,4.96943,0.84002,1.58112,-2.62888
2.38614,4.97775,0.826308,1.5551,-2.63323
2.39604,4.98593,0.812575,1.52902,-2.63752
2.40594,4.99398,0.798819,1.50291,-2.64173
2.41584,5.00189,0.785042,1.47675,-2.64586
2.42574,5.00966,0.771245,1.45056,-2.64993
2.43564,5.01729,0.757426,1.42432,-2.65392
2.44554,5.02479,0.743588,1.39804,-2.65784
2.45545,5.03216,0.729729,1.37173,-2.66169
2.46535,5.03938,0.715851,1.34538,-2.66546
2.47525,5.04647,0.701955,1.31898,-2.66916
2.48515,5.05342,0.688039,1.29256,-2.67279
2.49505,5.06023,0.674105,1.26609,-2.67635
2.50495,5.0669,0.660153,1.2396,-2.67983
2.51485,5.07344,0.646184,1.21306,-2.68324
2.52475,5.07984,0.632198,1.1865,-2.68657
2.53465,5.0861,0.618195,1.1599,-2.68983
2.54455,5.09222,0.604175,1.13326,-2.69302
2.55446,5.0982,0.59014,1.1066,-2.69613
2.56436,5.10404,0.576089,1.07991,-2.69917
2.57426,5.10975,0.562023,1.05318,-2.70214
2.58416,5.11531,0.547942,1.02643,-2.70503
2.59406,5.12074,0.533847,0.999645,-2.70785
2.60396,5.12602,0.519738,0.972835,-2.71059
2.61386,5.13117,0.505616,0.945997,-2.71326
2.62376,5.13618,0.49148,0.919133,-2.71586
2.63366,5.14104,0.477331,0.892244,-2.71838
2.64356,5.14577,0.46317,0.865329,-2.72083
2.65347,5.15035,0.448997,0.83839,-2.7232
2.66337,5.1548,0.434813,0.811428,-2.7255
2.67327,5.1591,0.420617,0.784443,-2.72772
2.68317,5.16327,0.40641,0.757435,-2.72987
2.69307,5.16729,0.392193,0.730407,-2.73195
2.70297,5.17118,0.377966,0.703358,-2.73395
2.71287,5.17492,0.36373,0.676289,-2.73587
2.72277,5.17852,0.349484,0.649201,-2.73772
2.73267,5.18198,0.335229,0.622095,-2.7395
2.74257,5.1853,0.320966,0.594971,-2.7412
2.75248,5.18848,0.306695,0.567831,-2.74283
2.76238,5.19151,0.292417,0.540674,-2.74438
2.77228,5.19441,0.278131,0.513502,-2.74585
2.78218,5.19716,0.263838,0.486315,-2.74726
2.79208,5.19977,0.249539,0.459115,-2.74858
2.80198,5.20224,0.235234,0.431901,-2.74983
2.81188,5.20457,0.220924,0.404675,-2.75101
2.82178,5.20676,0.206608,0.377437,-2.75211
2.83168,5.20881,0.192287,0.350189,-2.75314
2.84158,5.21071,0.177962,0.32293,-2.75409
2.85149,5.21247,0.163633,0.295662,-2.75496
2.86139,5.21409,0.1493,0.268385,-2.75576
2.87129,5.21557,0.134964,0.2411,-2.75649
2.88119,5.21691,0.120625,0.213808,-2.75714
2.89109,5.2181,0.106284,0.18651,-2.75771
2.90099,5.21915,0.0919408,0.159206,-2.75821
2.91089,5.22006,0.077596,0.131897,-2.75864
2.92079,5.22083,0.0632499,0.104583,-2.75899
2.93069,5.22146,0.048903,0.0772667,-2.75926
2.94059,5.22194,0.0345558,0.0499472,-2.75946
2.9505,5.22228,0.0202085,0.0226259,-2.75958
2.9604,5.22249,0.00586158,-0.00469674,-2.75963
2.9703,5.22254,-0.00848454,-0.0320198,-2.7596
2.9802,5.22246,-0.0228295,-0.0593426,-2.7595
2.9901,5.22223,-0.0371728,-0.0866644,-2.75933
3,5.22186,-0.0515142,-0.113985,-2.75907
3.0099,5.22135,-0.0658532,-0.141302,-2.75875
3.0198,5.2207,-0.0801893,-0.168616,-2.75834
3.0297,5.21991,-0.0945223,-0.195927,-2.75787
3.0396,5.21897,-0.108852,-0.223232,-2.75731
3.0495,5.2179,-0.123177,-0.250532,-2.75669
3.05941,5.21668,-0.137498,-0.277826,-2.75598
3.06931,5.21531,-0.151815,-0.305113,-2.75521
3.07921,5.21381,-0.166126,-0.332393,-2.75436
3.08911,5.21217,-0.180431,-0.359664,-2.75343
3.09901,5.21038,-0.194731,-0.386925,-2.75243
3.10891,5.20845,-0.209024,-0.414177,-2.75135
3.11881,5.20638,-0.22331,-0.441418,-2.7502
3.12871,5.20417,-0.23759,-0.468648,-2.74897
3.13861,5.20182,-0.251861,-0.495865,-2.74767
3.14851,5.19933,-0.266125,-0.52307,-2.74629
3.15842,5.19669,-0.28038,-0.550261,-2.74484
3.16832,5.19391,-0.294627,-0.577438,-2.74332
3.17822,5.191,-0.308865,-0.604599,-2.74172
3.18812,5.18794,-0.323092,-0.631745,-2.74005
3.19802,5.18474,-0.33731,-0.658874,-2.7383
3.20792,5.1814,-0.351518,-0.685986,-2.73648
3.21782,5.17792,-0.365715,-0.71308,-2.73458
3.22772,5.1743,-0.379901,-0.740155,-2.73261
3.23762,5.17054,-0.394075,-0.76721,-2.73057
3.24752,5.16664,-0.408238,-0.794246,-2.72845
3.25743,5.16259,-0.422388,-0.82126,-2.72625
3.26733,5.15841,-0.436525,-0.848253,-2.72399
3.27723,5.15409,-0.45065,-0.875223,-2.72165
3.28713,5.14963,-0.464761,-0.90217,-2.71923
3.29703,5.14503,-0.478858,-0.929093,-2.71675
3.30693,5.14029,-0.49294,-0.955992,-2.71419
3.31683,5.1354,-0.507008,-0.982865,-2.71155
3.32673,5.13039,-0.521062,-1.00971,-2.70884
3.33663,5.12523,-0.535099,-1.03653,-2.70606
3.34653,5.11993,-0.549121,-1.06332,-2.70321
3.35644,5.11449,-0.563127,-1.09009,-2.70028
3.36634,5.10892,-0.577116,-1.11682,-2.69728
3.37624,5.1032,-0.591088,-1.14353,-2.69421
3.38614,5.09735,-0.605043,-1.17021,-2.69106
3.39604,5.09136,-0.61898,-1.19685,-2.68784
3.40594,5.08523,-0.632899,-1.22346,-2.68455
3.41584,5.07896,-0.646799,-1.25004,-2.68119
3.42574,5.07256,-0.660681,-1.27659,-2.67775
3.43564,5.06602,-0.674543,-1.3031,-2.67424
3.44554,5.05934,-0.688386,-1.32958,-2.67066
3.45545,5.05252,-0.702209,-1.35602,-2.66701
3.46535,5.04557,-0.716011,-1.38243,-2.66328
3.47525,5.03848,-0.729792,-1.4088,-2.65949
3.48515,5.03126,-0.743553,-1.43513,-2.65562
3.49505,5.02389,-0.757291,-1.46142,-2.65168
3.50495,5.0164,-0.771008,-1.48767,-2.64767
3.51485,5.00876,-0.784702,-1.51389,-2.64359
3.52475,5.00099,-0.798374,-1.54006,-2.63943
3.53465,4.99309,-0.812023,-1.5662,-2.63521
3.54455,4.98505,-0.825648,-1.59229,-2.63091
3.55446,4.97687,-0.83925,-1.61834,-2.62655
3.56436,4.96857,-0.852827,-1.64434,-2.62211
3.57426,4.96012,-0.86638,-1.6703,-2.6176
3.58416,4.95154,-0.879908,-1.69622,-2.61302
3.59406,4.94283,-0.893411,-1.72209,-2.60838
3.60396,4.93399,-0.906888,-1.74792,-2.60366
3.61386,4.92501,-0.920339,-1.7737,-2.59887
3.62376,4.91589,-0.933763,-1.79943,-2.59401
3.63366,4.90665,-0.947161,-1.82511,-2.58908
3.64356,4.89727,-0.960532,-1.85074,-2.58409
3.65347,4.88776,-0.973875,-1.87633,-2.57902
3.66337,4.87812,-0.98719,-1.90186,-2.57389
3.67327,4.86834,-1.00048,-1.92735,-2.56868
3.68317,4.85844,-1.01374,-1.95278,-2.56341
3.69307,4.8484,-1.02697,-1.97816,-2.55807
3.70297,4.83823,-1.04017,-2.00349,-2.55266
3.71287,4.82794,-1.05334,-2.02876,-2.54718
3.72277,4.81751,-1.06648,-2.05398,-2.54163
3.73267,4.80695,-1.07959,-2.07915,-2.53602
3.74257,4.79626,-1.09267,-2.10426,-2.53034
3.75248,4.78544,-1.10572,-2.12931,-2.52459
3.76238,4.77449,-1.11873,-2.1543,-2.51877
3.77228,4.76342,-1.13172,-2.17924,-2.51288
3.78218,4.75221,-1.14467,-2.20412,-2.50693
3.79208,4.74088,-1.15759,-2.22894,-2.50091
3.80198,4.72942,-1.17048,-2.25371,-2.49483
3.81188,4.71783,-1.18333,-2.27841,-2.48867
3.82178,4.70611,-1.19616,-2.30305,-2.48246
3.83168,4.69427,-1.20894,-2.32763,-2.47617
3.84158,4.6823,-1.2217,-2.35214,-2.46982
3.85149,4.6702,-1.23441,-2.3766,-2.4634
3.86139,4.65798,-1.2471,-2.40099,-2.45692
3.87129,4.64563,-1.25975,-2.42531,-2.45037
3.88119,4.63316,-1.27236,-2.44957,-2.44376
3.89109,4.62056,-1.28494,-2.47377,-2.43708
3.90099,4.60784,-1.29748,-2.4979,-2.43034
3.91089,4.59499,-1.30998,-2.52196,-2.42353
3.92079,4.58202,-1.32245,-2.54596,-2.41666
3.93069,4.56893,-1.33488,-2.56988,-2.40973
3.94059,4.55571,-1.34727,-2.59374,-2.40273
3.9505,4.54237,-1.35962,-2.61753,-2.39566
3.9604,4.52891,-1.37194,-2.64125,-2.38854
3.9703,4.51533,-1.38422,-2.6649,-2.38135
3.9802,4.50162,-1.39645,-2.68848,-2.37409
3.9901,4.4878,-1.40865,-2.71198,-2.36678
4,4.47385,-1.42081,-2.73542,-2.3594
4.0099,4.45978,-1.43293,-2.75878,-2.35196
4.0198,4.4456,-1.44501,-2.78206,-2.34446
4.0297,4.43129,-1.45705,-2.80528,-2.33689
4.0396,4.41686,-1.46905,-2.82841,-2.32926
4.0495,4.40232,-1.48101,-2.85148,-2.32157
4.05941,4.38765,-1.49292,-2.87446,-2.31382
4.06931,4.37287,-1.50479,-2.89737,-2.30601
4.07921,4.35797,-1.51663,-2.9202,-2.29814
4.08911,4.34296,-1.52841,-2.94296,-2.29021
4.09901,4.32782,-1.54016,-2.96563,-2.28222
4.10891,4.31258,-1.55186,-2.98823,-2.27416
4.11881,4.29721,-1.56352,-3.01075,-2.26605
4.12871,4.28173,-1.57514,-3.03318,-2.25788
4.13861,4.26613,-1.58671,-3.05554,-2.24965
4.14851,4.25042,-1.59824,-3.07781,-2.24135
4.15842,4.2346,-1.60972,-3.1,-2.233
4.16832,4.21866,-1.62116,-3.12211,-2.2246
4.17822,4.20261,-1.63255,-3.14414,-2.21613
4.18812,4.18645,-1.6439,-3.16608,-2.2076
4.19802,4.17017,-1.6552,-3.18794,-2.19902
4.20792,4.15378,-1.66646,-3.20971,-2.19038
4.21782,4.13728,-1.67766,-3.2314,-2.18168
4.22772,4.12067,-1.68883,-3.253,-2.17293
4.23762,4.10395,-1.69994,-3.27451,-2.16412
4.24752,4.08712,-1.71101,-3.29594,-2.15525
4.25743,4.07018,-1.72203,-3.31728,-2.14632
4.26733,4.05313,-1.733,-3.33853,-2.13734
4.27723,4.03597,-1.74393,-3.35969,-2.1283
4.28713,4.01871,-1.7548,-3.38076,-2.11921
4.29703,4.00133,-1.76563,-3.40174,-2.11006
4.30693,3.98385,-1.77641,-3.42264,-2.10086
4.31683,3.96626,-1.78714,-3.44344,-2.0916
4.32673,3.94857,-1.79782,-3.46414,-2.08229
4.33663,3.93077,-1.80845,-3.48476,-2.07293
4.34653,3.91286,-1.81903,-3.50529,-2.06351
4.35644,3.89485,-1.82956,-3.52572,-2.05403
4.36634,3.87674,-1.84004,-3.54605,-2.04451
4.37624,3.85852,-1.85046,-3.5663,-2.03493
4.38614,3.8402,-1.86084,-3.58644,-2.02529
4.39604,3.82177,-1.87116,-3.6065,-2.01561
4.40594,3.80325,-1.88144,-3.62645,-2.00587
4.41584,3.78462,-1.89166,-3.64631,-1.99608
4.42574,3.76589,-1.90183,-3.66608,-1.98624
4.43564,3.74706,-1.91195,-3.68574,-1.97635
4.44554,3.72813,-1.92201,-3.70531,-1.9664
4.45545,3.7091,-1.93202,-3.72478,-1.95641
4.46535,3.68997,-1.94198,-3.74415,-1.94636
4.47525,3.67074,-1.95188,-3.76342,-1.93627
4.48515,3.65142,-1.96173,-3.78259,-1.92612
4.49505,3.63199,-1.97153,-3.80166,-1.91593
4.50495,3.61247,-1.98127,-3.82063,-1.90569
4.51485,3.59286,-1.99096,-3.8395,-1.89539
4.52475,3.57314,-2.00059,-3.85827,-1.88505
4.53465,3.55334,-2.01017,-3.87693,-1.87466
4.54455,3.53343,-2.01969,-3.89549,-1.86422
4.55446,3.51344,-2.02916,-3.91395,-1.85374
4.56436,3.49335,-2.03857,-3.9323,-1.8432
4.57426,3.47316,-2.04792,-3.95055,-1.83262
4.58416,3.45289,-2.05722,-3.9687,-1.822
4.59406,3.43252,-2.06647,-3.98674,-1.81132
4.60396,3.41206,-2.07565,-4.00467,-1.8006
4.61386,3.39151,-2.08478,-4.0225,-1.78984
4.62376,3.37087,-2.09385,-4.04022,-1.77902
4.63366,3.35013,-2.10287,-4.05783,-1.76817
4.64356,3.32931,-2.11182,-4.07534,-1.75726
4.65347,3.3084,-2.12072,-4.09274,-1.74632
4.66337,3.28741,-2.12957,-4.11003,-1.73533
4.67327,3.26632,-2.13835,-4.12721,-1.72429
4.68317,3.24515,-2.14707,-4.14428,-1.71321
4.69307,3.22389,-2.15574,-4.16124,-1.70209
4.70297,3.20255,-2.16435,-4.1781,-1.69092
4.71287,3.18112,-2.17289,-4.19484,-1.67972
4.72277,3.15961,-2.18138,-4.21147,-1.66846
4.73267,3.13801,-2.18981,-4.22799,-1.65717
4.74257,3.11633,-2.19818,-4.2444,-1.64584
4.75248,3.09456,-2.20649,-4.26069,-1.63446
4.76238,3.07272,-2.21474,-4.27687,-1.62304
4.77228,3.05079,-2.22293,-4.29294,-1.61158
4.78218,3.02878,-2.23106,-4.3089,-1.60008
4.79208,3.00669,-2.23913,-4.32474,-1.58855
4.80198,2.98452,-2.24713,-4.34047,-1.57697
4.81188,2.96227,-2.25508,-4.35608,-1.56535
4.82178,2.93994,-2.26297,-4.37158,-1.55369
4.83168,2.91754,-2.27079,-4.38697,-1.54199
4.84158,2.89505,-2.27855,-4.40223,-1.53026
4.85149,2.87249,-2.28625,-4.41738,-1.51849
4.86139,2.84986,-2.29389,-4.43242,-1.50667
4.87129,2.82715,-2.30146,-4.44734,-1.49483
4.88119,2.80436,-2.30898,-4.46214,-1.48294
4.89109,2.7815,-2.31643,-4.47682,-1.47102
4.90099,2.75856,-2.32382,-4.49138,-1.45906
4.91089,2.73556,-2.33114,-4.50583,-1.44706
4.92079,2.71248,-2.3384,-4.52016,-1.43503
4.93069,2.68932,-2.3456,-4.53437,-1.42296
4.94059,2.6661,-2.35274,-4.54845,-1.41086
4.9505,2.6428,-2.35981,-4.56242,-1.39873
4.9604,2.61944,-2.36682,-4.57627,-1.38655
4.9703,2.59601,-2.37376,-4.59,-1.37435
4.9802,2.5725,-2.38064,-4.60361,-1.36211
4.9901,2.54893,-2.38745,-4.61709,-1.34984
5,2.52529,-2.39421,-4.63046,-1.33753
5.0099,2.50159,-2.40089,-4.6437,-1.32519
5.0198,2.47782,-2.40751,-4.65682,-1.31282
5.0297,2.45398,-2.41407,-4.66982,-1.30042
5.0396,2.43008,-2.42056,-4.6827,-1.28798
5.0495,2.40611,-2.42699,-4.69545,-1.27552
5.05941,2.38208,-2.43335,-4.70808,-1.26302
5.06931,2.35799,-2.43965,-4.72058,-1.25049
5.07921,2.33384,-2.44588,-4.73296,-1.23794
5.08911,2.30962,-2.45205,-4.74522,-1.22535
5.09901,2.28534,-2.45814,-4.75735,-1.21273
5.10891,2.261,-2.46418,-4.76936,-1.20009
5.11881,2.23661,-2.47015,-4.78124,-1.18741
5.12871,2.21215,-2.47605,-4.793,-1.17471
5.13861,2.18763,-2.48188,-4.80463,-1.16197
5.14851,2.16306,-2.48765,-4.81613,-1.14921
5.15842,2.13843,-2.49335,-4.82751,-1.13643
5.16832,2.11374,-2.49898,-4.83876,-1.12361
5.17822,2.089,-2.50455,-4.84989,-1.11077
5.18812,2.0642,-2.51005,-4.86089,-1.0979
5.19802,2.03935,-2.51549,-4.87176,-1.08501
5.20792,2.01445,-2.52085,-4.8825,-1.07209
5.21782,1.98949,-2.52615,-4.89311,-1.05914
5.22772,1.96448,-2.53138,-4.9036,-1.04618
5.23762,1.93941,-2.53655,-4.91396,-1.03318
5.24752,1.9143,-2.54164,-4.92419,-1.02016
5.25743,1.88913,-2.54667,-4.93429,-1.00712
5.26733,1.86392,-2.55163,-4.94426,-0.994054
5.27723,1.83866,-2.55653,-4.9541,-0.980965
5.28713,1.81334,-2.56135,-4.96382,-0.967853
5.29703,1.78798,-2.56611,-4.9734,-0.954719
5.30693,1.76258,-2.5708,-4.98285,-0.941562
5.31683,1.73712,-2.57542,-4.99217,-0.928384
5.32673,1.71162,-2.57997,-5.00137,-0.915185
5.33663,1.68608,-2.58445,-5.01043,-0.901964
5.34653,1.66049,-2.58887,-5.01936,-0.888723
5.35644,1.63486,-2.59321,-5.02816,-0.875462
5.36634,1.60918,-2.59749,-5.03682,-0.86218
5.37624,1.58347,-2.6017,-5.04536,-0.84888
5.38614,1.55771,-2.60584,-5.05377,-0.83556
5.39604,1.53191,-2.60991,-5.06204,-0.822221
5.40594,1.50607,-2.61391,-5.07018,-0.808864
5.41584,1.48019,-2.61784,-5.07819,-0.795488
5.42574,1.45427,-2.6217,-5.08606,-0.782095
5.43564,1.42831,-2.62549,-5.09381,-0.768685
5.44554,1.40231,-2.62922,-5.10142,-0.755258
5.45545,1.37628,-2.63287,-5.1089,-0.741814
5.46535,1.35021,-2.63646,-5.11624,-0.728353
5.47525,1.32411,-2.63997,-5.12345,-0.714877
5.48515,1.29797,-2.64342,-5.13053,-0.701386
5.49505,1.2718,-2.64679,-5.13747,-0.687879
5.50495,1.24559,-2.6501,-5.14428,-0.674357
5.51485,1.21935,-2.65334,-5.15096,-0.660821
5.52475,1.19308,-2.6565,-5.1575,-0.647271
5.53465,1.16678,-2.6596,-5.16391,-0.633708
5.54455,1.14045,-2.66263,-5.17019,-0.620131
5.55446,1.11409,-2.66558,-5.17633,-0.606541
5.56436,1.08769,-2.66847,-5.18233,-0.592938
5.57426,1.06127,-2.67129,-5.1882,-0.579323
5.58416,1.03483,-2.67403,-5.19394,-0.565697
5.59406,1.00835,-2.67671,-5.19954,-0.552058
5.60396,0.981848,-2.67931,-5.20501,-0.538409
5.61386,0.955321,-2.68185,-5.21034,-0.524749
5.62376,0.928768,-2.68432,-5.21553,-0.511079
5.63366,0.90219,-2.68671,-5.22059,-0.497398
5.64356,0.875589,-2.68904,-5.22552,-0.483708
5.65347,0.848965,-2.69129,-5.23031,-0.470009
5.66337,0.822319,-2.69347,-5.23496,-0.456301
5.67327,0.795651,-2.69559,-5.23948,-0.442584
5.68317,0.768962,-2.69763,-5.24386,-0.428859
5.69307,0.742252,-2.6996,-5.24811,-0.415126
5.70297,0.715524,-2.70151,-5.25222,-0.401386
5.71287,0.688776,-2.70334,-5.25619,-0.387639
5.72277,0.66201,-2.7051,-5.26003,-0.373884
5.73267,0.635227,-2.70679,-5.26373,-0.360124
5.74257,0.608427,-2.70841,-5.2673,-0.346358
5.75248,0.581611,-2.70996,-5.27072,-0.332586
5.76238,0.55478,-2.71144,-5.27402,-0.318808
5.77228,0.527934,-2.71285,-5.27717,-0.305026
5.78218,0.501074,-2.71419,-5.28019,-0.291239
5.79208,0.474201,-2.71546,-5.28308,-0.277448
5.80198,0.447315,-2.71665,-5.28582,-0.263654
5.81188,0.420418,-2.71778,-5.28844,-0.249856
5.82178,0.393509,-2.71884,-5.29091,-0.236054
5.83168,0.36659,-2.71982,-5.29325,-0.222251
5.84158,0.339661,-2.72074,-5.29545,-0.208444
5.85149,0.312723,-2.72158,-5.29751,-0.194636
5.86139,0.285777,-2.72236,-5.29944,-0.180826
5.87129,0.258823,-2.72306,-5.30123,-0.167015
5.88119,0.231862,-2.72369,-5.30288,-0.153203
5.89109,0.204894,-2.72426,-5.3044,-0.139391
5.90099,0.177921,-2.72475,-5.30578,-0.125578
5.91089,0.150944,-2.72517,-5.30702,-0.111766
5.92079,0.123962,-2.72553,-5.30813,-0.0979536
5.93069,0.0969764,-2.72581,-5.3091,-0.0841426
5.94059,0.0699882,-2.72602,-5.30993,-0.0703328
5.9505,0.0429979,-2.72616,-5.31063,-0.0565248
5.9604,0.0160062,-2.72623,-5.31119,-0.0427187
5.9703,-0.0109862,-2.72623,-5.31161,-0.0289149
5.9802,-0.0379786,-2.72616,-5.3119,-0.0151139
5.9901,-0.0649703,-2.72602,-5.31205,-0.00131596
6,-0.0919606,-2.72581,-5.31206,0.0124785
6.0099,-0.118949,-2.72553,-5.31194,0.0262693
6.0198,-0.145934,-2.72519,-5.31168,0.0400558
6.0297,-0.172916,-2.72477,-5.31128,0.0538379
6.0396,-0.199894,-2.72428,-5.31075,0.0676151
6.0495,-0.226867,-2.72372,-5.31008,0.0813871
6.05941,-0.253835,-2.72309,-5.30927,0.0951535
6.06931,-0.280796,-2.72239,-5.30833,0.108914
6.07921,-0.307751,-2.72162,-5.30725,0.122668
6.08911,-0.334697,-2.72079,-5.30604,0.136416
6.09901,-0.361636,-2.71988,-5.30469,0.150156
6.10891,-0.388565,-2.7189,-5.3032,0.16389
6.11881,-0.415485,-2.71786,-5.30158,0.177615
6.12871,-0.442394,-2.71674,-5.29982,0.191333
6.13861,-0.469293,-2.71555,-5.29792,0.205042
6.14851,-0.49618,-2.7143,-5.29589,0.218742
6.15842,-0.523054,-2.71298,-5.29373,0.232433
6.16832,-0.549915,-2.71159,-5.29143,0.246115
6.17822,-0.576762,-2.71012,-5.28899,0.259787
6.18812,-0.603595,-2.70859,-5.28642,0.273449
6.19802,-0.630413,-2.70699,-5.28371,0.2871
6.20792,-0.657215,-2.70533,-5.28087,0.300741
6.21782,-0.684,-2.70359,-5.27789,0.31437
6.22772,-0.710769,-2.70179,-5.27478,0.327988
6.23762,-0.737519,-2.69991,-5.27153,0.341594
6.24752,-0.764251,-2.69797,-5.26815,0.355187
6.25743,-0.790963,-2.69596,-5.26463,0.368768
6.26733,-0.817656,-2.69388,-5.26098,0.382337
6.27723,-0.844328,-2.69173,-5.25719,0.395892
6.28713,-0.870979,-2.68952,-5.25327,0.409433
6.29703,-0.897608,-2.68723,-5.24922,0.42296
6.30693,-0.924214,-2.68488,-5.24503,0.436473
6.31683,-0.950797,-2.68246,-5.24071,0.449972
6.32673,-0.977356,-2.67998,-5.23626,0.463455
6.33663,-1.00389,-2.67742,-5.23167,0.476924
6.34653,-1.0304,-2.6748,-5.22695,0.490376
6.35644,-1.05688,-2.67211,-5.22209,0.503813
6.36634,-1.08334,-2.66936,-5.2171,0.517233
6.37624,-1.10977,-2.66653,-5.21198,0.530637
6.38614,-1.13617,-2.66364,-5.20673,0.544023
6.39604,-1.16254,-2.66069,-5.20134,0.557393
6.40594,-1.18889,-2.65766,-5.19582,0.570744
6.41584,-1.2152,-2.65457,-5.19017,0.584078
6.42574,-1.24148,-2.65141,-5.18439,0.597394
6.43564,-1.26773,-2.64819,-5.17847,0.61069
6.44554,-1.29395,-2.6449,-5.17243,0.623968
6.45545,-1.32014,-2.64154,-5.16625,0.637227
6.46535,-1.34629,-2.63812,-5.15994,0.650465
6.47525,-1.37241,-2.63463,-5.1535,0.663684
6.48515,-1.3985,-2.63107,-5.14693,0.676883
6.49505,-1.42455,-2.62745,-5.14023,0.690061
6.50495,-1.45056,-2.62377,-5.13339,0.703218
6.51485,-1.47654,-2.62002,-5.12643,0.716354
6.52475,-1.50248,-2.6162,-5.11934,0.729468
6.53465,-1.52839,-2.61232,-5.11212,0.74256
6.54455,-1.55425,-2.60837,-5.10476,0.75563
6.55446,-1.58008,-2.60436,-5.09728,0.768678
6.56436,-1.60586,-2.60028,-5.08967,0.781702
6.57426,-1.63161,-2.59614,-5.08193,0.794704
6.58416,-1.65731,-2.59193,-5.07406,0.807682
6.59406,-1.68297,-2.58766,-5.06607,0.820636
6.60396,-1.70859,-2.58332,-5.05794,0.833566
6.61386,-1.73417,-2.57892,-5.04969,0.846471
6.62376,-1.75971,-2.57446,-5.04131,0.859352
6.63366,-1.7852,-2.56993,-5.0328,0.872208
6.64356,-1.81064,-2.56534,-5.02416,0.885038
6.65347,-1.83604,-2.56069,-5.0154,0.897843
6.66337,-1.86139,-2.55597,-5.00651,0.910621
6.67327,-1.8867,-2.55119,-4.9975,0.923373
6.68317,-1.91196,-2.54635,-4.98835,0.936099
6.69307,-1.93717,-2.54144,-4.97909,0.948797
6.70297,-1.96233,-2.53647,-4.96969,0.961469
6.71287,-1.98745,-2.53144,-4.96017,0.974113
6.72277,-2.01251,-2.52634,-4.95053,0.986729
6.73267,-2.03752,-2.52119,-4.94076,0.999316
6.74257,-2.06249,-2.51597,-4.93086,1.01188
6.75248,-2.0874,-2.51069,-4.92084,1.02441
6.76238,-2.11226,-2.50534,-4.9107,1.03691
6.77228,-2.13706,-2.49994,-4.90044,1.04938
6.78218,-2.16181,-2.49447,-4.89005,1.06182
6.79208,-2.18651,-2.48895,-4.87953,1.07423
6.80198,-2.21115,-2.48336,-4.8689,1.08662
6.81188,-2.23574,-2.47771,-4.85814,1.09897
6.82178,-2.26027,-2.472,-4.84726,1.11129
6.83168,-2.28475,-2.46623,-4.83625,1.12358
6.84158,-2.30917,-2.4604,-4.82513,1.13584
6.85149,-2.33353,-2.45451,-4.81388,1.14806
6.86139,-2.35783,-2.44856,-4.80252,1.16026
6.87129,-2.38207,-2.44255,-4.79103,1.17242
6.88119,-2.40626,-2.43648,-4.77942,1.18455
6.89109,-2.43038,-2.43035,-4.76769,1.19665
6.90099,-2.45444,-2.42416,-4.75584,1.20871
6.91089,-2.47844,-2.41791,-4.74388,1.22074
6.92079,-2.50238,-2.41161,-4.73179,1.23274
6.93069,-2.52626,-2.40524,-4.71959,1.2447
6.94059,-2.55007,-2.39882,-4.70726,1.25663
6.9505,-2.57383,-2.39233,-4.69482,1.26852
6.9604,-2.59751,-2.38579,-4.68226,1.28038
6.9703,-2.62113,-2.3792,-4.66958,1.2922
6.9802,-2.64469,-2.37254,-4.65679,1.30399
6.9901,-2.66818,-2.36583,-4.64388,1.31574
7,-2.6916,-2.35906,-4.63085,1.32746
7.0099,-2.71496,-2.35223,-4.61771,1.33914
7.0198,-2.73825,-2.34534,-4.60445,1.35078
7.0297,-2.76147,-2.3384,-4.59107,1.36239
7.0396,-2.78462,-2.3314,-4.57759,1.37396
7.0495,-2.80771,-2.32435,-4.56398,1.38549
7.05941,-2.83072,-2.31724,-4.55026,1.39699
7.06931,-2.85366,-2.31007,-4.53643,1.40845
7.07921,-2.87654,-2.30285,-4.52249,1.41986
7.08911,-2.89934,-2.29557,-4.50843,1.43124
7.09901,-2.92207,-2.28824,-4.49426,1.44259
7.10891,-2.94472,-2.28085,-4.47998,1.45389
7.11881,-2.9673,-2.27341,-4.46558,1.46515
7.12871,-2.98981,-2.26591,-4.45107,1.47638
7.13861,-3.01225,-2.25836,-4.43646,1.48756
7.14851,-3.03461,-2.25076,-4.42173,1.49871
7.15842,-3.05689,-2.2431,-4.40689,1.50981
7.16832,-3.0791,-2.23538,-4.39194,1.52088
7.17822,-3.10123,-2.22762,-4.37688,1.5319
7.18812,-3.12329,-2.2198,-4.36172,1.54288
7.19802,-3.14527,-2.21192,-4.34644,1.55383
7.20792,-3.16717,-2.204,-4.33106,1.56473
7.21782,-3.18899,-2.19602,-4.31556,1.57558
7.22772,-3.21073,-2.18799,-4.29996,1.5864
7.23762,-3.2324,-2.17991,-4.28426,1.59717
7.24752,-3.25398,-2.17177,-4.26844,1.60791
7.25743,-3.27548,-2.16358,-4.25252,1.6186
7.26733,-3.2969,-2.15535,-4.2365,1.62924
7.27723,-3.31824,-2.14706,-4.22037,1.63985
7.28713,-3.3395,-2.13872,-4.20413,1.65041
7.29703,-3.36068,-2.13032,-4.18779,1.66092
7.30693,-3.38177,-2.12188,-4.17134,1.67139
7.31683,-3.40278,-2.11339,-4.1548,1.68182
7.32673,-3.4237,-2.10485,-4.13814,1.69221
7.33663,-3.44454,-2.09626,-4.12139,1.70255
7.34653,-3.4653,-2.08761,-4.10453,1.71284
7.35644,-3.48597,-2.07892,-4.08757,1.72309
7.36634,-3.50655,-2.07018,-4.07051,1.73329
7.37624,-3.52705,-2.06139,-4.05335,1.74345
7.38614,-3.54746,-2.05256,-4.03609,1.75357
7.39604,-3.56778,-2.04367,-4.01873,1.76363
7.40594,-3.58801,-2.03474,-4.00127,1.77366
7.41584,-3.60816,-2.02575,-3.98371,1.78363
7.42574,-3.62822,-2.01672,-3.96605,1.79356
7.43564,-3.64818,-2.00765,-3.94829,1.80344
7.44554,-3.66806,-1.99852,-3.93043,1.81328
7.45545,-3.68785,-1.98935,-3.91248,1.82306
7.46535,-3.70755,-1.98014,-3.89443,1.8328
7.47525,-3.72715,-1.97087,-3.87628,1.8425
7.48515,-3.74666,-1.96156,-3.85804,1.85214
7.49505,-3.76609,-1.9522,-3.8397,1.86174
7.50495,-3.78541,-1.9428,-3.82127,1.87128
7.51485,-3.80465,-1.93336,-3.80274,1.88078
7.52475,-3.82379,-1.92386,-3.78412,1.89024
7.53465,-3.84284,-1.91433,-3.7654,1.89964
7.54455,-3.86179,-1.90474,-3.7466,1.90899
7.55446,-3.88065,-1.89512,-3.7277,1.91829
7.56436,-3.89942,-1.88545,-3.7087,1.92755
7.57426,-3.91808,-1.87573,-3.68962,1.93675
7.58416,-3.93666,-1.86598,-3.67044,1.94591
7.59406,-3.95513,-1.85618,-3.65118,1.95501
7.60396,-3.97351,-1.84633,-3.63182,1.96407
7.61386,-3.99179,-1.83645,-3.61237,1.97307
7.62376,-4.00997,-1.82652,-3.59284,1.98202
7.63366,-4.02806,-1.81655,-3.57321,1.99093
7.64356,-4.04604,-1.80653,-3.5535,1.99978
7.65347,-4.06393,-1.79648,-3.5337,2.00858
7.66337,-4.08172,-1.78638,-3.51381,2.01733
7.67327,-4.0994,-1.77624,-3.49384,2.02602
7.68317,-4.11699,-1.76606,-3.47378,2.03467
7.69307,-4.13447,-1.75584,-3.45364,2.04326
7.70297,-4.15186,-1.74558,-3.43341,2.0518
7.71287,-4.16914,-1.73528,-3.41309,2.06029
7.72277,-4.18632,-1.72494,-3.39269,2.06873
7.73267,-4.2034,-1.71456,-3.37221,2.07711
7.74257,-4.22038,-1.70415,-3.35164,2.08544
7.75248,-4.23725,-1.69369,-3.331,2.09372
7.76238,-4.25402,-1.68319,-3.31027,2.10194
7.77228,-4.27069,-1.67266,-3.28946,2.11011
7.78218,-4.28725,-1.66208,-3.26856,2.11823
7.79208,-4.3037,-1.65147,-3.24759,2.1263
7.80198,-4.32005,-1.64082,-3.22654,2.13431
7.81188,-4.3363,-1.63014,-3.20541,2.14226
7.82178,-4.35244,-1.61941,-3.1842,2.15016
7.83168,-4.36847,-1.60865,-3.16291,2.15801
7.84158,-4.3844,-1.59786,-3.14154,2.1658
7.85149,-4.40022,-1.58702,-3.1201,2.17354
7.86139,-4.41593,-1.57616,-3.09858,2.18122
7.87129,-4.43154,-1.56525,-3.07698,2.18885
7.88119,-4.44704,-1.55431,-3.05531,2.19643
7.89109,-4.46243,-1.54334,-3.03356,2.20394
7.90099,-4.47771,-1.53233,-3.01174,2.21141
7.91089,-4.49288,-1.52128,-2.98985,2.21881
7.92079,-4.50794,-1.5102,-2.96788,2.22616
7.93069,-4.52289,-1.49909,-2.94584,2.23346
7.94059,-4.53774,-1.48794,-2.92372,2.2407
7.9505,-4.55247,-1.47676,-2.90154,2.24788
7.9604,-4.56709,-1.46555,-2.87928,2.25501
7.9703,-4.5816,-1.4543,-2.85695,2.26208
7.9802,-4.596,-1.44303,-2.83456,2.26909
7.9901,-4.61029,-1.43172,-2.81209,2.27605
8,-4.62446,-1.42037,-2.78956,2.28295
8.0099,-4.63852,-1.409,-2.76695,2.28979
8.0198,-4.65248,-1.39759,-2.74428,2.29657
8.0297,-4.66631,-1.38615,-2.72154,2.3033
8.0396,-4.68004,-1.37469,-2.69874,2.30997
8.0495,-4.69365,-1.36319,-2.67587,2.31659
8.05941,-4.70714,-1.35166,-2.65293,2.32314
8.06931,-4.72053,-1.3401,-2.62993,2.32964
8.07921,-4.7338,-1.32851,-2.60686,2.33608
8.08911,-4.74695,-1.31689,-2.58373,2.34246
8.09901,-4.75999,-1.30525,-2.56054,2.34878
8.10891,-4.77291,-1.29357,-2.53729,2.35505
8.11881,-4.78572,-1.28187,-2.51397,2.36126
8.12871,-4.79841,-1.27013,-2.49059,2.3674
8.13861,-4.81099,-1.25837,-2.46715,2.37349
8.14851,-4.82345,-1.24659,-2.44365,2.37952
8.15842,-4.83579,-1.23477,-2.42009,2.3855
8.16832,-4.84801,-1.22293,-2.39647,2.39141
8.17822,-4.86012,-1.21106,-2.37279,2.39726
8.18812,-4.87211,-1.19916,-2.34906,2.40306
8.19802,-4.88398,-1.18724,-2.32527,2.40879
8.20792,-4.89574,-1.17529,-2.30142,2.41447
8.21782,-4.90738,-1.16332,-2.27751,2.42008
8.22772,-4.91889,-1.15132,-2.25355,2.42564
8.23762,-4.93029,-1.1393,-2.22953,2.43114
8.24752,-4.94157,-1.12725,-2.20546,2.43657
8.25743,-4.95273,-1.11518,-2.18134,2.44195
8.26733,-4.96378,-1.10308,-2.15716,2.44727
8.27723,-4.9747,-1.09096,-2.13293,2.45252
8.28713,-4.9855,-1.07882,-2.10865,2.45772
8.29703,-4.99618,-1.06665,-2.08431,2.46286
8.30693,-5.00674,-1.05446,-2.05993,2.46793
8.31683,-5.01718,-1.04225,-2.0355,2.47295
8.32673,-5.0275,-1.03001,-2.01101,2.4779
8.33663,-5.0377,-1.01776,-1.98648,2.48279
8.34653,-5.04778,-1.00548,-1.96189,2.48763
8.35644,-5.05773,-0.993177,-1.93726,2.4924
8.36634,-5.06756,-0.980856,-1.91259,2.49711
8.37624,-5.07728,-0.968514,-1.88786,2.50176
8.38614,-5.08687,-0.956152,-1.86309,2.50635
8.39604,-5.09633,-0.943769,-1.83828,2.51088
8.40594,-5.10568,-0.931367,-1.81342,2.51534
8.41584,-5.1149,-0.918945,-1.78851,2.51975
8.42574,-5.124,-0.906504,-1.76357,2.52409
8.43564,-5.13297,-0.894044,-1.73857,2.52837
8.44554,-5.14182,-0.881565,-1.71354,2.53259
8.45545,-5.15055,-0.869068,-1.68847,2.53675
8.46535,-5.15916,-0.856553,-1.66335,2.54085
8.47525,-5.16764,-0.84402,-1.63819,2.54489
8.48515,-5.17599,-0.83147,-1.613,2.54886
8.49505,-5.18423,-0.818902,-1.58776,2.55277
8.50495,-5.19233,-0.806318,-1.56248,2.55662
8.51485,-5.20032,-0.793717,-1.53717,2.56041
8.52475,-5.20818,-0.7811,-1.51182,2.56414
8.53465,-5.21591,-0.768467,-1.48643,2.5678
8.54455,-5.22352,-0.755818,-1.46101,2.5714
8.55446,-5.231,-0.743154,-1.43555,2.57494
8.56436,-5.23836,-0.730475,-1.41006,2.57842
8.57426,-5.24559,-0.717781,-1.38453,2.58183
8.58416,-5.2527,-0.705073,-1.35896,2.58518
8.59406,-5.25968,-0.69235,-1.33337,2.58847
8.60396,-5.26653,-0.679614,-1.30774,2.5917
8.61386,-5.27326,-0.666865,-1.28208,2.59486
8.62376,-5.27987,-0.654102,-1.25639,2.59797
8.63366,-5.28634,-0.641326,-1.23067,2.601
8.64356,-5.29269,-0.628538,-1.20491,2.60398
8.65347,-5.29892,-0.615737,-1.17913,2.60689
8.66337,-5.30501,-0.602925,-1.15332,2.60975
8.67327,-5.31098,-0.5901,-1.12748,2.61253
8.68317,-5.31682,-0.577265,-1.10161,2.61526
8.69307,-5.32254,-0.564418,-1.07572,2.61792
8.70297,-5.32813,-0.551561,-1.0498,2.62052
8.71287,-5.33359,-0.538693,-1.02386,2.62306
8.72277,-5.33892,-0.525815,-0.997884,2.62553
8.73267,-5.34413,-0.512927,-0.971889,2.62794
8.74257,-5.34921,-0.500029,-0.94587,2.63029
8.75248,-5.35416,-0.487123,-0.919827,2.63257
8.76238,-5.35898,-0.474207,-0.893762,2.6348
8.77228,-5.36368,-0.461283,-0.867675,2.63695
8.78218,-5.36824,-0.44835,-0.841566,2.63905
8.79208,-5.37268,-0.435409,-0.815437,2.64108
8.80198,-5.37699,-0.422461,-0.789288,2.64305
8.81188,-5.38118,-0.409505,-0.763119,2.64496
8.82178,-5.38523,-0.396543,-0.736931,2.6468
8.83168,-5.38916,-0.383573,-0.710726,2.64858
8.84158,-5.39295,-0.370597,-0.684502,2.65029
8.85149,-5.39662,-0.357615,-0.658261,2.65195
8.86139,-5.40016,-0.344626,-0.632005,2.65354
8.87129,-5.40358,-0.331633,-0.605732,2.65506
8.88119,-5.40686,-0.318634,-0.579444,2.65652
8.89109,-5.41001,-0.30563,-0.553142,2.65792
8.90099,-5.41304,-0.292621,-0.526826,2.65926
8.91089,-5.41594,-0.279608,-0.500497,2.66053
8.92079,-5.41871,-0.266591,-0.474155,2.66174
8.93069,-5.42135,-0.25357,-0.447801,2.66289
8.94059,-5.42386,-0.240545,-0.421436,2.66397
8.9505,-5.42624,-0.227518,-0.39506,2.66499
8.9604,-5.42849,-0.214487,-0.368674,2.66595
8.9703,-5.43061,-0.201454,-0.342278,2.66684
8.9802,-5.43261,-0.188419,-0.315874,2.66767
8.9901,-5.43447,-0.175382,-0.289461,2.66844
9,-5.43621,-0.162343,-0.263041,2.66914
9.0099,-5.43782,-0.149303,-0.236614,2.66978
9.0198,-5.4393,-0.136262,-0.21018,2.67036
9.0297,-5.44065,-0.12322,-0.183741,2.67087
9.0396,-5.44187,-0.110178,-0.157297,2.67132
9.0495,-5.44296,-0.0971353,-0.130848,2.67171
9.05941,-5.44392,-0.084093,-0.104395,2.67203
9.06931,-5.44475,-0.0710511,-0.0779396,2.6723
9.07921,-5.44545,-0.0580101,-0.0514812,2.67249
9.08911,-5.44603,-0.04497,-0.0250209,2.67263
9.09901,-5.44647,-0.0319314,0.00144076,2.6727
9.10891,-5.44679,-0.0188944,0.0279031,2.67271
9.11881,-5.44698,-0.00585934,0.0543656,2.67265
9.12871,-5.44703,0.00717343,0.0808275,2.67254
9.13861,-5.44696,0.0202036,0.107288,2.67236
9.14851,-5.44676,0.033231,0.133747,2.67211
9.15842,-5.44643,0.0462552,0.160204,2.67181
9.16832,-5.44598,0.0592759,0.186657,2.67144
9.17822,-5.44539,0.0722929,0.213107,2.671
9.18812,-5.44467,0.0853058,0.239553,2.67051
9.19802,-5.44383,0.0983143,0.265993,2.66995
9.20792,-5.44286,0.111318,0.292429,2.66933
9.21782,-5.44175,0.124317,0.318858,2.66865
9.22772,-5.44052,0.137311,0.34528,2.6679
9.23762,-5.43916,0.150299,0.371695,2.66709
9.24752,-5.43768,0.163282,0.398102,2.66622
9.25743,-5.43606,0.176258,0.4245,2.66529
9.26733,-5.43431,0.189228,0.450889,2.66429
9.27723,-5.43244,0.202191,0.477268,2.66323
9.28713,-5.43044,0.215147,0.503636,2.66211
9.29703,-5.42831,0.228096,0.529994,2.66093
9.30693,-5.42605,0.241037,0.55634,2.65968
9.31683,-5.42366,0.25397,0.582673,2.65837
9.32673,-5.42115,0.266895,0.608994,2.657
9.33663,-5.41851,0.279812,0.635301,2.65557
9.34653,-5.41574,0.292719,0.661593,2.65407
9.35644,-5.41284,0.305618,0.687871,2.65252
9.36634,-5.40981,0.318508,0.714134,2.6509
9.37624,-5.40666,0.331387,0.74038,2.64922
9.38614,-5.40338,0.344257,0.76661,2.64747
9.39604,-5.39997,0.357117,0.792823,2.64567
9.40594,-5.39643,0.369966,0.819018,2.6438
9.41584,-5.39277,0.382804,0.845194,2.64188
9.42574,-5.38898,0.395631,0.871351,2.63989
9.43564,-5.38506,0.408447,0.897489,2.63784
9.44554,-5.38102,0.421251,0.923606,2.63572
9.45545,-5.37685,0.434043,0.949702,2.63355
9.46535,-5.37255,0.446823,0.975777,2.63131
9.47525,-5.36813,0.459591,1.00183,2.62902
9.48515,-5.36358,0.472345,1.02786,2.62666
9.49505,-5.3589,0.485087,1.05387,2.62424
9.50495,-5.3541,0.497815,1.07985,2.62176
9.51485,-5.34917,0.510529,1.10581,2.61922
9.52475,-5.34411,0.523229,1.13174,2.61662
9.53465,-5.33893,0.535916,1.15765,2.61396
9.54455,-5.33363,0.548587,1.18353,2.61123
9.55446,-5.32819,0.561244,1.20938,2.60845
9.56436,-5.32264,0.573886,1.23521,2.60561
9.57426,-5.31696,0.586512,1.26101,2.6027
9.58416,-5.31115,0.599123,1.28677,2.59974
9.59406,-5.30522,0.611717,1.31251,2.59671
9.60396,-5.29916,0.624296,1.33822,2.59363
9.61386,-5.29298,0.636858,1.3639,2.59048
9.62376,-5.28667,0.649403,1.38955,2.58728
9.63366,-5.28024,0.661931,1.41517,2.58401
9.64356,-5.27369,0.674442,1.44075,2.58068
9.65347,-5.26701,0.686935,1.4663,2.5773
9.66337,-5.26021,0.69941,1.49182,2.57386
9.67327,-5.25329,0.711867,1.51731,2.57035
9.68317,-5.24624,0.724306,1.54276,2.56679
9.69307,-5.23907,0.736726,1.56817,2.56316
9.70297,-5.23177,0.749127,1.59355,2.55948
9.71287,-5.22436,0.761508,1.61889,2.55574
9.72277,-5.21682,0.77387,1.64419,2.55194
9.73267,-5.20915,0.786212,1.66946,2.54808
9.74257,-5.20137,0.798535,1.69469,2.54416
9.75248,-5.19346,0.810836,1.71988,2.54019
9.76238,-5.18543,0.823117,1.74503,2.53615
9.77228,-5.17729,0.835377,1.77014,2.53206
9.78218,-5.16901,0.847616,1.79521,2.5279
9.79208,-5.16062,0.859834,1.82024,2.52369
9.80198,-5.15211,0.87203,1.84522,2.51943
9.81188,-5.14347,0.884204,1.87017,2.5151
9.82178,-5.13472,0.896355,1.89507,2.51071
9.83168,-5.12585,0.908484,1.91993,2.50627
9.84158,-5.11685,0.92059,1.94474,2.50177
9.85149,-5.10774,0.932673,1.96951,2.49721
9.86139,-5.0985,0.944733,1.99424,2.4926
9.87129,-5.08915,0.956769,2.01892,2.48793
9.88119,-5.07967,0.968781,2.04355,2.4832
9.89109,-5.07008,0.98077,2.06814,2.47841
