0,0,5.86288e-007,0,1.37321e-005
0.00990099,5.80484e-009,1.24111e-006,1.35961e-007,2.74998e-005
0.019802,1.80931e-008,1.9623e-006,4.08236e-007,4.13022e-005
0.029703,3.75218e-008,2.74766e-006,8.17169e-007,5.51385e-005
0.039604,6.47264e-008,3.59506e-006,1.3631e-006,6.90077e-005
0.049505,1.00321e-007,4.50237e-006,2.04634e-006,8.29085e-005
0.0594059,1.44899e-007,5.4675e-006,2.86722e-006,9.68395e-005
0.0693069,1.99033e-007,6.48843e-006,3.82602e-006,0.000110799
0.0792079,2.63275e-007,7.56321e-006,4.92305e-006,0.000124786
0.0891089,3.38158e-007,8.68996e-006,6.15856e-006,0.000138799
0.0990099,4.24197e-007,9.8669e-006,7.5328e-006,0.000152835
0.108911,5.21889e-007,1.10924e-005,9.04602e-006,0.000166893
0.118812,6.31715e-007,1.23648e-005,1.06984e-005,0.00018097
0.128713,7.54139e-007,1.36829e-005,1.24902e-005,0.000195064
0.138614,8.89613e-007,1.50453e-005,1.44215e-005,0.000209173
0.148515,1.03858e-006,1.64509e-005,1.64925e-005,0.000223294
0.158416,1.20146e-006,1.78989e-005,1.87034e-005,0.000237425
0.168317,1.37867e-006,1.93884e-005,2.10541e-005,0.000251563
0.178218,1.57064e-006,2.09189e-005,2.35448e-005,0.000265706
0.188119,1.77775e-006,2.249e-005,2.61756e-005,0.000279851
0.19802,2.00043e-006,2.41014e-005,2.89464e-005,0.000293996
0.207921,2.23906e-006,2.57533e-005,3.18572e-005,0.000308138
0.217822,2.49404e-006,2.74456e-005,3.49081e-005,0.000322274
0.227723,2.76578e-006,2.91787e-005,3.80989e-005,0.000336402
0.237624,3.05467e-006,3.09531e-005,4.14297e-005,0.00035052
0.247525,3.36114e-006,3.27693e-005,4.49002e-005,0.000364625
0.257426,3.68559e-006,3.46281e-005,4.85103e-005,0.000378715
0.267327,4.02844e-006,3.65304e-005,5.226e-005,0.000392788
0.277228,4.39013e-006,3.84771e-005,5.61489e-005,0.000406841
0.287129,4.77109e-006,4.04693e-005,6.01771e-005,0.000420874
0.29703,5.17178e-006,4.25082e-005,6.43441e-005,0.000434884
0.306931,5.59265e-006,4.45949e-005,6.86499e-005,0.00044887
0.316832,6.03418e-006,4.67308e-005,7.30942e-005,0.00046283
0.326733,6.49686e-006,4.89171e-005,7.76767e-005,0.000476763
0.336634,6.98119e-006,5.11551e-005,8.23971e-005,0.000490668
0.346535,7.48768e-006,5.34461e-005,8.72552e-005,0.000504544
0.356436,8.01685e-006,5.57916e-005,9.22507e-005,0.000518389
0.366337,8.56924e-006,5.81927e-005,9.73832e-005,0.000532202
0.376238,9.14541e-006,6.06509e-005,0.000102653,0.000545984
0.386139,9.74591e-006,6.31673e-005,0.000108058,0.000559734
0.39604,1.03713e-005,6.57431e-005,0.0001136,0.00057345
0.405941,1.10222e-005,6.83796e-005,0.000119278,0.000587133
0.415842,1.16993e-005,7.10779e-005,0.000125091,0.000600782
0.425743,1.2403e-005,7.3839e-005,0.00013104,0.000614397
0.435644,1.31341e-005,7.66641e-005,0.000137123,0.000627977
0.445545,1.38931e-005,7.9554e-005,0.00014334,0.000641524
0.455446,1.46808e-005,8.25096e-005,0.000149692,0.000655035
0.465347,1.54977e-005,8.55319e-005,0.000156177,0.000668512
0.475248,1.63446e-005,8.86216e-005,0.000162796,0.000681954
0.485149,1.7222e-005,9.17794e-005,0.000169548,0.000695362
0.49505,1.81307e-005,9.5006e-005,0.000176433,0.000708735
0.50495,1.90714e-005,9.8302e-005,0.00018345,0.000722074
0.514851,2.00447e-005,0.000101668,0.0001906,0.000735378
0.524752,2.10513e-005,0.000105105,0.000197881,0.000748648
0.534653,2.20919e-005,0.000108612,0.000205293,0.000761884
0.544554,2.31673e-005,0.000112191,0.000212836,0.000775086
0.554455,2.42781e-005,0.000115842,0.00022051,0.000788254
0.564356,2.5425e-005,0.000119564,0.000228315,0.000801388
0.574257,2.66089e-005,0.000123359,0.00023625,0.000814488
0.584158,2.78302e-005,0.000127227,0.000244314,0.000827555
0.594059,2.90899e-005,0.000131167,0.000252507,0.000840589
0.60396,3.03886e-005,0.00013518,0.00026083,0.000853589
0.613861,3.1727e-005,0.000139266,0.000269281,0.000866556
0.623762,3.31059e-005,0.000143426,0.000277861,0.00087949
0.633663,3.45259e-005,0.000147659,0.000286569,0.000892391
0.643564,3.59879e-005,0.000151965,0.000295405,0.000905259
0.653465,3.74925e-005,0.000156344,0.000304368,0.000918094
0.663366,3.90405e-005,0.000160796,0.000313458,0.000930896
0.673267,4.06325e-005,0.000165322,0.000322674,0.000943665
0.683168,4.22694e-005,0.000169921,0.000332018,0.000956401
0.693069,4.39517e-005,0.000174594,0.000341487,0.000969105
0.70297,4.56804e-005,0.000179339,0.000351082,0.000981776
0.712871,4.7456e-005,0.000184157,0.000360803,0.000994414
0.722772,4.92794e-005,0.000189049,0.000370648,0.00100702
0.732673,5.11511e-005,0.000194013,0.000380619,0.00101959
0.742574,5.30721e-005,0.00019905,0.000390714,0.00103213
0.752475,5.50428e-005,0.000204159,0.000400933,0.00104464
0.762376,5.70642e-005,0.000209341,0.000411276,0.00105711
0.772277,5.91369e-005,0.000214595,0.000421742,0.00106955
0.782178,6.12616e-005,0.000219921,0.000432332,0.00108196
0.792079,6.3439e-005,0.000225319,0.000443044,0.00109433
0.80198,6.56699e-005,0.000230788,0.000453879,0.00110667
0.811881,6.79549e-005,0.00023633,0.000464836,0.00111898
0.821782,7.02948e-005,0.000241942,0.000475915,0.00113125
0.831683,7.26903e-005,0.000247626,0.000487116,0.00114349
0.841584,7.51421e-005,0.000253381,0.000498438,0.0011557
0.851485,7.76508e-005,0.000259206,0.00050988,0.00116787
0.861386,8.02172e-005,0.000265102,0.000521443,0.00118001
0.871287,8.28419e-005,0.000271068,0.000533127,0.00119211
0.881188,8.55258e-005,0.000277104,0.00054493,0.00120418
0.891089,8.82694e-005,0.000283211,0.000556852,0.00121622
0.90099,9.10735e-005,0.000289387,0.000568894,0.00122822
0.910891,9.39387e-005,0.000295632,0.000581055,0.00124018
0.920792,9.68657e-005,0.000301947,0.000593334,0.00125211
0.930693,9.98553e-005,0.00030833,0.000605731,0.001264
0.940594,0.000102908,0.000314783,0.000618246,0.00127586
0.950495,0.000106025,0.000321304,0.000630878,0.00128768
0.960396,0.000109206,0.000327893,0.000643627,0.00129947
0.970297,0.000112452,0.00033455,0.000656493,0.00131122
0.980198,0.000115765,0.000341276,0.000669476,0.00132293
0.990099,0.000119144,0.000348068,0.000682574,0.00133461
1,0.00012259,0.000354929,0.000695788,0.00134625
1.0099,0.000126104,0.000361856,0.000709117,0.00135785
1.0198,0.000129687,0.00036885,0.000722561,0.00136942
1.0297,0.000133339,0.000375911,0.00073612,0.00138095
1.0396,0.000137061,0.000383038,0.000749793,0.00139244
1.0495,0.000140853,0.000390232,0.000763579,0.00140389
1.05941,0.000144717,0.000397491,0.000777479,0.00141531
1.06931,0.000148652,0.000404817,0.000791492,0.00142668
1.07921,0.000152661,0.000412207,0.000805618,0.00143802
1.08911,0.000156742,0.000419663,0.000819855,0.00144932
1.09901,0.000160897,0.000427184,0.000834205,0.00146058
1.10891,0.000165126,0.000434769,0.000848666,0.0014718
1.11881,0.000169431,0.000442419,0.000863239,0.00148298
1.12871,0.000173811,0.000450134,0.000877922,0.00149412
1.13861,0.000178268,0.000457912,0.000892715,0.00150522
1.14851,0.000182802,0.000465754,0.000907618,0.00151628
1.15842,0.000187413,0.000473659,0.000922631,0.0015273
1.16832,0.000192103,0.000481628,0.000937752,0.00153828
1.17822,0.000196872,0.00048966,0.000952983,0.00154922
1.18812,0.00020172,0.000497754,0.000968322,0.00156012
1.19802,0.000206648,0.000505911,0.000983768,0.00157097
1.20792,0.000211657,0.00051413,0.000999323,0.00158179
1.21782,0.000216748,0.000522411,0.00101498,0.00159256
1.22772,0.00022192,0.000530754,0.00103075,0.00160329
1.23762,0.000227175,0.000539158,0.00104663,0.00161398
1.24752,0.000232513,0.000547624,0.00106261,0.00162463
1.25743,0.000237935,0.00055615,0.00107869,0.00163523
1.26733,0.000243442,0.000564737,0.00109488,0.00164579
1.27723,0.000249033,0.000573385,0.00111118,0.00165631
1.28713,0.00025471,0.000582092,0.00112758,0.00166678
1.29703,0.000260473,0.00059086,0.00114408,0.00167721
1.30693,0.000266323,0.000599687,0.00116068,0.0016876
1.31683,0.000272261,0.000608573,0.00117739,0.00169794
1.32673,0.000278286,0.000617518,0.00119421,0.00170824
1.33663,0.0002844,0.000626523,0.00121112,0.0017185
1.34653,0.000290604,0.000635585,0.00122813,0.00172871
1.35644,0.000296897,0.000644706,0.00124525,0.00173887
1.36634,0.00030328,0.000653885,0.00126247,0.00174899
1.37624,0.000309754,0.000663121,0.00127978,0.00175907
1.38614,0.00031632,0.000672415,0.0012972,0.0017691
1.39604,0.000322977,0.000681766,0.00131471,0.00177908
1.40594,0.000329727,0.000691173,0.00133233,0.00178902
1.41584,0.000336571,0.000700637,0.00135004,0.00179892
1.42574,0.000343508,0.000710158,0.00136785,0.00180876
1.43564,0.000350539,0.000719734,0.00138576,0.00181856
1.44554,0.000357665,0.000729365,0.00140377,0.00182832
1.45545,0.000364886,0.000739052,0.00142187,0.00183803
1.46535,0.000372204,0.000748794,0.00144007,0.00184769
1.47525,0.000379617,0.00075859,0.00145836,0.0018573
1.48515,0.000387128,0.00076844,0.00147675,0.00186687
1.49505,0.000394737,0.000778345,0.00149524,0.00187639
1.50495,0.000402443,0.000788303,0.00151381,0.00188586
1.51485,0.000410248,0.000798314,0.00153249,0.00189529
1.52475,0.000418152,0.000808378,0.00155125,0.00190466
1.53465,0.000426156,0.000818495,0.00157011,0.00191399
1.54455,0.00043426,0.000828664,0.00158906,0.00192328
1.55446,0.000442464,0.000838884,0.0016081,0.00193251
1.56436,0.00045077,0.000849156,0.00162723,0.0019417
1.57426,0.000459178,0.000859479,0.00164646,0.00195083
1.58416,0.000467687,0.000869853,0.00166577,0.00195992
1.59406,0.0004763,0.000880278,0.00168518,0.00196896
1.60396,0.000485015,0.000890752,0.00170467,0.00197795
1.61386,0.000493835,0.000901275,0.00172426,0.0019869
1.62376,0.000502758,0.000911848,0.00174393,0.00199579
1.63366,0.000511786,0.000922469,0.00176369,0.00200463
1.64356,0.00052092,0.000933139,0.00178354,0.00201343
1.65347,0.000530159,0.000943856,0.00180347,0.00202217
1.66337,0.000539504,0.000954621,0.0018235,0.00203087
1.67327,0.000548955,0.000965433,0.0018436,0.00203951
1.68317,0.000558514,0.000976291,0.0018638,0.00204811
1.69307,0.00056818,0.000987195,0.00188407,0.00205666
1.70297,0.000577955,0.000998145,0.00190444,0.00206515
1.71287,0.000587837,0.00100914,0.00192488,0.0020736
1.72277,0.000597829,0.00102018,0.00194541,0.00208199
1.73267,0.00060793,0.00103126,0.00196603,0.00209034
1.74257,0.00061814,0.00104239,0.00198673,0.00209863
1.75248,0.000628461,0.00105356,0.0020075,0.00210687
1.76238,0.000638892,0.00106477,0.00202836,0.00211506
1.77228,0.000649434,0.00107603,0.0020493,0.0021232
1.78218,0.000660088,0.00108733,0.00207033,0.00213129
1.79208,0.000670854,0.00109866,0.00209143,0.00213933
1.80198,0.000681732,0.00111004,0.00211261,0.00214731
1.81188,0.000692722,0.00112146,0.00213387,0.00215525
1.82178,0.000703826,0.00113292,0.00215521,0.00216313
1.83168,0.000715043,0.00114441,0.00217663,0.00217095
1.84158,0.000726373,0.00115595,0.00219812,0.00217873
1.85149,0.000737818,0.00116752,0.00221969,0.00218645
1.86139,0.000749378,0.00117913,0.00224134,0.00219412
1.87129,0.000761053,0.00119077,0.00226307,0.00220174
1.88119,0.000772842,0.00120245,0.00228486,0.0022093
1.89109,0.000784748,0.00121417,0.00230674,0.00221681
1.90099,0.000796769,0.00122592,0.00232869,0.00222426
1.91089,0.000808907,0.00123771,0.00235071,0.00223166
1.92079,0.000821162,0.00124952,0.00237281,0.00223901
1.93069,0.000833533,0.00126138,0.00239497,0.00224629
1.94059,0.000846022,0.00127326,0.00241721,0.00225353
1.9505,0.000858629,0.00128518,0.00243953,0.00226071
1.9604,0.000871353,0.00129713,0.00246191,0.00226783
1.9703,0.000884196,0.0013091,0.00248436,0.00227489
1.9802,0.000897157,0.00132111,0.00250689,0.0022819
1.9901,0.000910238,0.00133315,0.00252948,0.00228885
2,0.000923437,0.00134522,0.00255214,0.00229574
2.0099,0.000936756,0.00135731,0.00257487,0.00230258
2.0198,0.000950195,0.00136944,0.00259767,0.00230935
2.0297,0.000963754,0.00138159,0.00262053,0.00231607
2.0396,0.000977433,0.00139377,0.00264347,0.00232273
2.0495,0.000991233,0.00140597,0.00266646,0.00232932
2.05941,0.00100515,0.0014182,0.00268953,0.00233586
2.06931,0.00101919,0.00143046,0.00271265,0.00234234
2.07921,0.00103336,0.00144274,0.00273584,0.00234875
2.08911,0.00104764,0.00145505,0.0027591,0.0023551
2.09901,0.00106205,0.00146738,0.00278242,0.00236139
2.10891,0.00107658,0.00147973,0.0028058,0.00236762
2.11881,0.00109123,0.00149211,0.00282924,0.00237379
2.12871,0.001106,0.00150451,0.00285274,0.00237989
2.13861,0.0011209,0.00151693,0.00287631,0.00238592
2.14851,0.00113592,0.00152938,0.00289993,0.00239189
2.15842,0.00115106,0.00154185,0.00292361,0.0023978
2.16832,0.00116632,0.00155434,0.00294735,0.00240364
2.17822,0.00118171,0.00156685,0.00297115,0.00240942
2.18812,0.00119723,0.00157938,0.00299501,0.00241513
2.19802,0.00121287,0.00159193,0.00301892,0.00242077
2.20792,0.00122863,0.00160451,0.00304289,0.00242634
2.21782,0.00124451,0.0016171,0.00306691,0.00243185
2.22772,0.00126052,0.00162972,0.00309099,0.00243729
2.23762,0.00127666,0.00164235,0.00311512,0.00244266
2.24752,0.00129292,0.001655,0.0031393,0.00244796
2.25743,0.00130931,0.00166768,0.00316354,0.00245319
2.26733,0.00132582,0.00168037,0.00318783,0.00245835
2.27723,0.00134246,0.00169308,0.00321217,0.00246345
2.28713,0.00135922,0.00170581,0.00323656,0.00246847
2.29703,0.00137611,0.00171856,0.003261,0.00247342
2.30693,0.00139312,0.00173132,0.00328549,0.0024783
2.31683,0.00141027,0.00174411,0.00331003,0.00248311
2.32673,0.00142753,0.00175691,0.00333461,0.00248784
2.33663,0.00144493,0.00176974,0.00335924,0.00249251
2.34653,0.00146245,0.00178258,0.00338392,0.0024971
2.35644,0.0014801,0.00179543,0.00340865,0.00250162
2.36634,0.00149788,0.00180831,0.00343341,0.00250607
2.37624,0.00151578,0.0018212,0.00345823,0.00251044
2.38614,0.00153381,0.00183411,0.00348308,0.00251475
2.39604,0.00155197,0.00184704,0.00350798,0.00251897
2.40594,0.00157026,0.00185998,0.00353292,0.00252313
2.41584,0.00158868,0.00187294,0.0035579,0.00252721
2.42574,0.00160722,0.00188592,0.00358293,0.00253122
2.43564,0.00162589,0.00189892,0.00360799,0.00253515
2.44554,0.00164469,0.00191193,0.00363309,0.00253901
2.45545,0.00166362,0.00192495,0.00365823,0.0025428
2.46535,0.00168268,0.001938,0.0036834,0.00254651
2.47525,0.00170187,0.00195106,0.00370862,0.00255015
2.48515,0.00172119,0.00196413,0.00373386,0.00255371
2.49505,0.00174063,0.00197722,0.00375915,0.0025572
2.50495,0.00176021,0.00199033,0.00378447,0.00256061
2.51485,0.00177992,0.00200345,0.00380982,0.00256395
2.52475,0.00179975,0.00201658,0.00383521,0.00256722
2.53465,0.00181972,0.00202973,0.00386062,0.00257041
2.54455,0.00183982,0.0020429,0.00388607,0.00257352
2.55446,0.00186004,0.00205608,0.00391155,0.00257656
2.56436,0.0018804,0.00206927,0.00393706,0.00257953
2.57426,0.00190089,0.00208248,0.0039626,0.00258242
2.58416,0.00192151,0.0020957,0.00398817,0.00258524
2.59406,0.00194226,0.00210893,0.00401377,0.00258798
2.60396,0.00196314,0.00212218,0.00403939,0.00259064
2.61386,0.00198415,0.00213544,0.00406504,0.00259323
2.62376,0.00200529,0.00214871,0.00409072,0.00259575
2.63366,0.00202656,0.002162,0.00411642,0.00259819
2.64356,0.00204797,0.0021753,0.00414214,0.00260056
2.65347,0.00206951,0.00218861,0.00416789,0.00260285
2.66337,0.00209118,0.00220193,0.00419366,0.00260507
2.67327,0.00211298,0.00221526,0.00421946,0.00260721
2.68317,0.00213491,0.0022286,0.00424527,0.00260928
2.69307,0.00215698,0.00224195,0.0042711,0.00261128
2.70297,0.00217918,0.00225532,0.00429696,0.0026132
2.71287,0.00220151,0.00226869,0.00432283,0.00261504
2.72277,0.00222397,0.00228208,0.00434872,0.00261681
2.73267,0.00224656,0.00229547,0.00437463,0.00261851
2.74257,0.00226929,0.00230887,0.00440056,0.00262013
2.75248,0.00229215,0.00232228,0.0044265,0.00262168
2.76238,0.00231514,0.0023357,0.00445246,0.00262315
2.77228,0.00233827,0.00234913,0.00447843,0.00262455
2.78218,0.00236153,0.00236256,0.00450441,0.00262587
2.79208,0.00238492,0.00237601,0.00453041,0.00262712
2.80198,0.00240844,0.00238946,0.00455642,0.0026283
2.81188,0.0024321,0.00240291,0.00458245,0.0026294
2.82178,0.00245589,0.00241638,0.00460848,0.00263043
2.83168,0.00247982,0.00242985,0.00463452,0.00263138
2.84158,0.00250388,0.00244332,0.00466058,0.00263226
2.85149,0.00252807,0.0024568,0.00468664,0.00263306
2.86139,0.00255239,0.00247029,0.00471271,0.0026338
2.87129,0.00257685,0.00248378,0.00473879,0.00263445
2.88119,0.00260144,0.00249727,0.00476487,0.00263504
2.89109,0.00262617,0.00251077,0.00479096,0.00263555
2.90099,0.00265103,0.00252427,0.00481705,0.00263599
2.91089,0.00267602,0.00253777,0.00484315,0.00263635
2.92079,0.00270115,0.00255128,0.00486926,0.00263664
2.93069,0.00272641,0.00256479,0.00489536,0.00263686
2.94059,0.0027518,0.00257831,0.00492147,0.002637
2.9505,0.00277733,0.00259182,0.00494758,0.00263707
2.9604,0.00280299,0.00260533,0.00497369,0.00263707
2.9703,0.00282878,0.00261885,0.0049998,0.00263699
2.9802,0.00285471,0.00263237,0.00502591,0.00263684
2.9901,0.00288078,0.00264588,0.00505201,0.00263662
3,0.00290697,0.0026594,0.00507812,0.00263632
3.0099,0.0029333,0.00267292,0.00510422,0.00263595
3.0198,0.00295977,0.00268643,0.00513032,0.00263551
3.0297,0.00298637,0.00269995,0.00515641,0.002635
3.0396,0.0030131,0.00271346,0.0051825,0.00263441
3.0495,0.00303997,0.00272697,0.00520858,0.00263375
3.05941,0.00306696,0.00274048,0.00523466,0.00263302
3.06931,0.0030941,0.00275399,0.00526073,0.00263221
3.07921,0.00312137,0.00276749,0.00528679,0.00263134
3.08911,0.00314877,0.00278099,0.00531285,0.00263039
3.09901,0.0031763,0.00279448,0.00533889,0.00262937
3.10891,0.00320397,0.00280797,0.00536492,0.00262827
3.11881,0.00323177,0.00282146,0.00539094,0.00262711
3.12871,0.00325971,0.00283494,0.00541696,0.00262587
3.13861,0.00328777,0.00284841,0.00544295,0.00262456
3.14851,0.00331598,0.00286188,0.00546894,0.00262318
3.15842,0.00334431,0.00287534,0.00549491,0.00262172
3.16832,0.00337278,0.0028888,0.00552087,0.0026202
3.17822,0.00340138,0.00290225,0.00554681,0.0026186
3.18812,0.00343012,0.00291569,0.00557274,0.00261693
3.19802,0.00345899,0.00292913,0.00559865,0.00261519
3.20792,0.00348799,0.00294255,0.00562454,0.00261338
3.21782,0.00351712,0.00295597,0.00565042,0.0026115
3.22772,0.00354639,0.00296938,0.00567627,0.00260955
3.23762,0.00357579,0.00298278,0.00570211,0.00260752
3.24752,0.00360532,0.00299617,0.00572793,0.00260543
3.25743,0.00363499,0.00300955,0.00575372,0.00260326
3.26733,0.00366478,0.00302291,0.0057795,0.00260102
3.27723,0.00369471,0.00303627,0.00580525,0.00259872
3.28713,0.00372478,0.00304962,0.00583098,0.00259634
3.29703,0.00375497,0.00306296,0.00585669,0.00259389
3.30693,0.0037853,0.00307628,0.00588237,0.00259137
3.31683,0.00381575,0.00308959,0.00590803,0.00258878
3.32673,0.00384634,0.00310289,0.00593366,0.00258612
3.33663,0.00387707,0.00311617,0.00595926,0.00258339
3.34653,0.00390792,0.00312944,0.00598484,0.00258059
3.35644,0.0039389,0.0031427,0.00601039,0.00257772
3.36634,0.00397002,0.00315595,0.00603591,0.00257478
3.37624,0.00400127,0.00316918,0.00606141,0.00257177
3.38614,0.00403264,0.00318239,0.00608687,0.00256869
3.39604,0.00406415,0.00319559,0.0061123,0.00256554
3.40594,0.00409579,0.00320877,0.0061377,0.00256232
3.41584,0.00412756,0.00322194,0.00616307,0.00255904
3.42574,0.00415946,0.00323509,0.00618841,0.00255568
3.43564,0.00419149,0.00324822,0.00621371,0.00255226
3.44554,0.00422365,0.00326134,0.00623898,0.00254876
3.45545,0.00425594,0.00327444,0.00626422,0.0025452
3.46535,0.00428837,0.00328752,0.00628942,0.00254157
3.47525,0.00432091,0.00330058,0.00631458,0.00253787
3.48515,0.00435359,0.00331363,0.00633971,0.0025341
3.49505,0.0043864,0.00332665,0.0063648,0.00253027
3.50495,0.00441934,0.00333966,0.00638985,0.00252636
3.51485,0.0044524,0.00335264,0.00641487,0.00252239
3.52475,0.0044856,0.00336561,0.00643984,0.00251835
3.53465,0.00451892,0.00337855,0.00646478,0.00251425
3.54455,0.00455237,0.00339148,0.00648967,0.00251007
3.55446,0.00458595,0.00340438,0.00651452,0.00250583
3.56436,0.00461966,0.00341726,0.00653933,0.00250152
3.57426,0.00465349,0.00343012,0.0065641,0.00249715
3.58416,0.00468746,0.00344296,0.00658882,0.0024927
3.59406,0.00472154,0.00345578,0.0066135,0.00248819
3.60396,0.00475576,0.00346857,0.00663814,0.00248362
3.61386,0.0047901,0.00348134,0.00666273,0.00247897
3.62376,0.00482457,0.00349408,0.00668727,0.00247426
3.63366,0.00485917,0.0035068,0.00671177,0.00246949
3.64356,0.00489389,0.0035195,0.00673622,0.00246465
3.65347,0.00492873,0.00353217,0.00676062,0.00245974
3.66337,0.0049637,0.00354482,0.00678498,0.00245477
3.67327,0.0049988,0.00355744,0.00680928,0.00244973
3.68317,0.00503402,0.00357004,0.00683354,0.00244463
3.69307,0.00506937,0.0035826,0.00685774,0.00243946
3.70297,0.00510484,0.00359515,0.00688189,0.00243423
3.71287,0.00514044,0.00360766,0.006906,0.00242893
3.72277,0.00517616,0.00362015,0.00693004,0.00242356
3.73267,0.005212,0.00363261,0.00695404,0.00241814
3.74257,0.00524797,0.00364505,0.00697798,0.00241265
3.75248,0.00528406,0.00365745,0.00700187,0.00240709
3.76238,0.00532027,0.00366983,0.0070257,0.00240147
3.77228,0.0053566,0.00368218,0.00704948,0.00239579
3.78218,0.00539306,0.0036945,0.0070732,0.00239004
3.79208,0.00542964,0.00370679,0.00709686,0.00238423
3.80198,0.00546634,0.00371905,0.00712047,0.00237836
3.81188,0.00550316,0.00373128,0.00714402,0.00237242
3.82178,0.00554011,0.00374347,0.00716751,0.00236642
3.83168,0.00557717,0.00375564,0.00719094,0.00236036
3.84158,0.00561436,0.00376778,0.00721431,0.00235423
3.85149,0.00565166,0.00377988,0.00723762,0.00234805
3.86139,0.00568908,0.00379196,0.00726086,0.0023418
3.87129,0.00572663,0.003804,0.00728405,0.00233549
3.88119,0.00576429,0.00381601,0.00730717,0.00232912
3.89109,0.00580207,0.00382798,0.00733023,0.00232268
3.90099,0.00583998,0.00383993,0.00735323,0.00231619
3.91089,0.00587799,0.00385184,0.00737616,0.00230963
3.92079,0.00591613,0.00386371,0.00739903,0.00230302
3.93069,0.00595439,0.00387555,0.00742183,0.00229634
3.94059,0.00599276,0.00388736,0.00744457,0.0022896
3.9505,0.00603125,0.00389913,0.00746724,0.0022828
3.9604,0.00606985,0.00391087,0.00748984,0.00227595
3.9703,0.00610857,0.00392257,0.00751238,0.00226903
3.9802,0.00614741,0.00393424,0.00753484,0.00226205
3.9901,0.00618636,0.00394587,0.00755724,0.00225502
4,0.00622543,0.00395746,0.00757956,0.00224792
4.0099,0.00626461,0.00396902,0.00760182,0.00224077
4.0198,0.00630391,0.00398054,0.00762401,0.00223355
4.0297,0.00634332,0.00399203,0.00764612,0.00222628
4.0396,0.00638285,0.00400347,0.00766816,0.00221895
4.0495,0.00642249,0.00401488,0.00769013,0.00221157
4.05941,0.00646224,0.00402625,0.00771203,0.00220412
4.06931,0.0065021,0.00403758,0.00773385,0.00219662
4.07921,0.00654208,0.00404888,0.0077556,0.00218906
4.08911,0.00658217,0.00406013,0.00777728,0.00218145
4.09901,0.00662236,0.00407135,0.00779887,0.00217377
4.10891,0.00666267,0.00408252,0.0078204,0.00216605
4.11881,0.0067031,0.00409366,0.00784184,0.00215826
4.12871,0.00674363,0.00410475,0.00786321,0.00215042
4.13861,0.00678427,0.00411581,0.0078845,0.00214252
4.14851,0.00682502,0.00412682,0.00790572,0.00213457
4.15842,0.00686588,0.00413779,0.00792685,0.00212656
4.16832,0.00690685,0.00414872,0.00794791,0.0021185
4.17822,0.00694792,0.00415961,0.00796888,0.00211038
4.18812,0.00698911,0.00417046,0.00798978,0.00210221
4.19802,0.0070304,0.00418127,0.00801059,0.00209399
4.20792,0.0070718,0.00419203,0.00803132,0.00208571
4.21782,0.0071133,0.00420275,0.00805197,0.00207737
4.22772,0.00715491,0.00421343,0.00807254,0.00206899
4.23762,0.00719663,0.00422406,0.00809303,0.00206055
4.24752,0.00723845,0.00423466,0.00811343,0.00205206
4.25743,0.00728038,0.0042452,0.00813374,0.00204351
4.26733,0.00732241,0.00425571,0.00815398,0.00203491
4.27723,0.00736455,0.00426616,0.00817413,0.00202627
4.28713,0.00740679,0.00427658,0.00819419,0.00201756
4.29703,0.00744913,0.00428695,0.00821416,0.00200881
4.30693,0.00749158,0.00429727,0.00823405,0.00200001
4.31683,0.00753412,0.00430755,0.00825385,0.00199116
4.32673,0.00757677,0.00431778,0.00827357,0.00198225
4.33663,0.00761952,0.00432796,0.0082932,0.0019733
4.34653,0.00766237,0.0043381,0.00831273,0.00196429
4.35644,0.00770532,0.0043482,0.00833218,0.00195524
4.36634,0.00774838,0.00435824,0.00835154,0.00194613
4.37624,0.00779153,0.00436824,0.00837081,0.00193698
4.38614,0.00783478,0.00437819,0.00838999,0.00192778
4.39604,0.00787813,0.0043881,0.00840907,0.00191853
4.40594,0.00792157,0.00439795,0.00842807,0.00190923
4.41584,0.00796512,0.00440776,0.00844697,0.00189988
4.42574,0.00800876,0.00441752,0.00846578,0.00189049
4.43564,0.00805249,0.00442723,0.0084845,0.00188105
4.44554,0.00809633,0.0044369,0.00850312,0.00187156
4.45545,0.00814026,0.00444651,0.00852166,0.00186203
4.46535,0.00818428,0.00445607,0.00854009,0.00185244
4.47525,0.0082284,0.00446558,0.00855843,0.00184282
4.48515,0.00827262,0.00447505,0.00857668,0.00183314
4.49505,0.00831692,0.00448446,0.00859483,0.00182343
4.50495,0.00836132,0.00449382,0.00861288,0.00181366
4.51485,0.00840582,0.00450314,0.00863084,0.00180386
4.52475,0.0084504,0.0045124,0.0086487,0.001794
4.53465,0.00849508,0.00452161,0.00866646,0.00178411
4.54455,0.00853985,0.00453076,0.00868413,0.00177417
4.55446,0.00858471,0.00453987,0.00870169,0.00176418
4.56436,0.00862966,0.00454893,0.00871916,0.00175415
4.57426,0.0086747,0.00455793,0.00873653,0.00174408
4.58416,0.00871982,0.00456688,0.00875379,0.00173397
4.59406,0.00876504,0.00457577,0.00877096,0.00172382
4.60396,0.00881035,0.00458462,0.00878803,0.00171362
4.61386,0.00885574,0.00459341,0.008805,0.00170338
4.62376,0.00890122,0.00460215,0.00882186,0.0016931
4.63366,0.00894678,0.00461083,0.00883863,0.00168278
4.64356,0.00899243,0.00461946,0.00885529,0.00167242
4.65347,0.00903817,0.00462803,0.00887184,0.00166202
4.66337,0.00908399,0.00463655,0.0088883,0.00165158
4.67327,0.0091299,0.00464502,0.00890465,0.0016411
4.68317,0.00917589,0.00465343,0.0089209,0.00163058
4.69307,0.00922196,0.00466178,0.00893705,0.00162002
4.70297,0.00926812,0.00467008,0.00895309,0.00160942
4.71287,0.00931436,0.00467833,0.00896902,0.00159879
4.72277,0.00936068,0.00468652,0.00898485,0.00158812
4.73267,0.00940708,0.00469465,0.00900057,0.00157741
4.74257,0.00945356,0.00470272,0.00901619,0.00156666
4.75248,0.00950012,0.00471074,0.0090317,0.00155587
4.76238,0.00954676,0.0047187,0.00904711,0.00154505
4.77228,0.00959348,0.00472661,0.00906241,0.0015342
4.78218,0.00964028,0.00473445,0.0090776,0.0015233
4.79208,0.00968716,0.00474224,0.00909268,0.00151237
4.80198,0.00973411,0.00474997,0.00910765,0.00150141
4.81188,0.00978114,0.00475765,0.00912252,0.00149041
4.82178,0.00982825,0.00476526,0.00913727,0.00147938
4.83168,0.00987543,0.00477281,0.00915192,0.00146831
4.84158,0.00992268,0.00478031,0.00916646,0.00145721
4.85149,0.00997001,0.00478775,0.00918089,0.00144608
4.86139,0.0100174,0.00479513,0.0091952,0.00143491
4.87129,0.0100649,0.00480244,0.00920941,0.00142371
4.88119,0.0101124,0.0048097,0.00922351,0.00141247
4.89109,0.0101601,0.0048169,0.00923749,0.00140121
4.90099,0.0102078,0.00482404,0.00925137,0.00138991
4.91089,0.0102555,0.00483111,0.00926513,0.00137858
4.92079,0.0103033,0.00483813,0.00927878,0.00136722
4.93069,0.0103513,0.00484508,0.00929231,0.00135583
4.94059,0.0103992,0.00485197,0.00930574,0.00134441
4.9505,0.0104473,0.00485881,0.00931905,0.00133296
4.9604,0.0104954,0.00486557,0.00933225,0.00132148
4.9703,0.0105435,0.00487228,0.00934533,0.00130997
4.9802,0.0105918,0.00487893,0.0093583,0.00129842
4.9901,0.0106401,0.00488551,0.00937116,0.00128685
5,0.0106885,0.00489203,0.0093839,0.00127526
5.0099,0.0107369,0.00489848,0.00939652,0.00126363
5.0198,0.0107854,0.00490488,0.00940903,0.00125197
5.0297,0.010834,0.00491121,0.00942143,0.00124029
5.0396,0.0108826,0.00491747,0.00943371,0.00122858
5.0495,0.0109313,0.00492367,0.00944587,0.00121684
5.05941,0.01098,0.00492981,0.00945792,0.00120507
5.06931,0.0110288,0.00493588,0.00946985,0.00119328
5.07921,0.0110777,0.00494189,0.00948167,0.00118146
5.08911,0.0111266,0.00494783,0.00949337,0.00116962
5.09901,0.0111756,0.00495371,0.00950495,0.00115775
5.10891,0.0112247,0.00495953,0.00951641,0.00114585
5.11881,0.0112738,0.00496527,0.00952775,0.00113393
5.12871,0.0113229,0.00497096,0.00953898,0.00112198
5.13861,0.0113722,0.00497657,0.00955009,0.00111001
5.14851,0.0114214,0.00498212,0.00956108,0.00109802
5.15842,0.0114708,0.00498761,0.00957195,0.00108599
5.16832,0.0115201,0.00499303,0.0095827,0.00107395
5.17822,0.0115696,0.00499838,0.00959334,0.00106188
5.18812,0.0116191,0.00500366,0.00960385,0.00104979
5.19802,0.0116686,0.00500888,0.00961424,0.00103767
5.20792,0.0117182,0.00501403,0.00962452,0.00102553
5.21782,0.0117678,0.00501911,0.00963467,0.00101337
5.22772,0.0118175,0.00502413,0.00964471,0.00100119
5.23762,0.0118673,0.00502908,0.00965462,0.000988983
5.24752,0.0119171,0.00503396,0.00966441,0.000976755
5.25743,0.0119669,0.00503878,0.00967408,0.000964505
5.26733,0.0120168,0.00504352,0.00968363,0.000952233
5.27723,0.0120667,0.0050482,0.00969306,0.00093994
5.28713,0.0121167,0.00505281,0.00970237,0.000927625
5.29703,0.0121667,0.00505735,0.00971155,0.00091529
5.30693,0.0122168,0.00506183,0.00972061,0.000902934
5.31683,0.0122669,0.00506623,0.00972955,0.000890558
5.32673,0.0123171,0.00507057,0.00973837,0.000878162
5.33663,0.0123673,0.00507484,0.00974706,0.000865746
5.34653,0.0124175,0.00507904,0.00975564,0.00085331
5.35644,0.0124678,0.00508317,0.00976408,0.000840854
5.36634,0.0125182,0.00508723,0.00977241,0.00082838
5.37624,0.0125685,0.00509123,0.00978061,0.000815886
5.38614,0.0126189,0.00509515,0.00978869,0.000803374
5.39604,0.0126694,0.00509901,0.00979664,0.000790844
5.40594,0.0127199,0.0051028,0.00980447,0.000778295
5.41584,0.0127704,0.00510651,0.00981218,0.000765728
5.42574,0.012821,0.00511016,0.00981976,0.000753144
5.43564,0.0128715,0.00511375,0.00982722,0.000740542
5.44554,0.0129222,0.00511726,0.00983455,0.000727924
5.45545,0.0129728,0.0051207,0.00984176,0.000715288
5.46535,0.0130235,0.00512407,0.00984884,0.000702635
5.47525,0.0130743,0.00512738,0.0098558,0.000689967
5.48515,0.013125,0.00513061,0.00986263,0.000677282
5.49505,0.0131758,0.00513378,0.00986933,0.000664581
5.50495,0.0132267,0.00513688,0.00987591,0.000651865
5.51485,0.0132775,0.00513991,0.00988237,0.000639134
5.52475,0.0133284,0.00514287,0.0098887,0.000626388
5.53465,0.0133793,0.00514576,0.0098949,0.000613627
5.54455,0.0134303,0.00514858,0.00990097,0.000600852
5.55446,0.0134813,0.00515133,0.00990692,0.000588062
5.56436,0.0135323,0.00515402,0.00991274,0.000575259
5.57426,0.0135833,0.00515663,0.00991844,0.000562443
5.58416,0.0136344,0.00515918,0.00992401,0.000549613
5.59406,0.0136854,0.00516165,0.00992945,0.00053677
5.60396,0.0137365,0.00516406,0.00993477,0.000523915
5.61386,0.0137877,0.0051664,0.00993995,0.000511047
5.62376,0.0138388,0.00516867,0.00994501,0.000498168
5.63366,0.01389,0.00517088,0.00994994,0.000485277
5.64356,0.0139412,0.00517301,0.00995475,0.000472374
5.65347,0.0139924,0.00517508,0.00995943,0.000459461
5.66337,0.0140436,0.00517707,0.00996398,0.000446537
5.67327,0.0140949,0.005179,0.0099684,0.000433602
5.68317,0.0141462,0.00518086,0.00997269,0.000420658
5.69307,0.0141975,0.00518265,0.00997685,0.000407704
5.70297,0.0142488,0.00518438,0.00998089,0.00039474
5.71287,0.0143001,0.00518603,0.0099848,0.000381768
5.72277,0.0143515,0.00518762,0.00998858,0.000368787
5.73267,0.0144028,0.00518914,0.00999223,0.000355798
5.74257,0.0144542,0.00519059,0.00999575,0.0003428
5.75248,0.0145056,0.00519197,0.00999915,0.000329796
5.76238,0.014557,0.00519329,0.0100024,0.000316783
5.77228,0.0146084,0.00519453,0.0100055,0.000303764
5.78218,0.0146599,0.00519571,0.0100086,0.000290739
5.79208,0.0147113,0.00519682,0.0100114,0.000277707
5.80198,0.0147628,0.00519787,0.0100142,0.000264669
5.81188,0.0148142,0.00519884,0.0100168,0.000251626
5.82178,0.0148657,0.00519975,0.0100193,0.000238578
5.83168,0.0149172,0.00520059,0.0100217,0.000225524
5.84158,0.0149687,0.00520137,0.0100239,0.000212467
5.85149,0.0150202,0.00520207,0.010026,0.000199405
5.86139,0.0150717,0.00520271,0.010028,0.00018634
5.87129,0.0151232,0.00520328,0.0100298,0.000173271
5.88119,0.0151747,0.00520379,0.0100315,0.0001602
5.89109,0.0152262,0.00520422,0.0100331,0.000147125
5.90099,0.0152778,0.0052046,0.0100346,0.000134049
5.91089,0.0153293,0.0052049,0.0100359,0.000120971
5.92079,0.0153808,0.00520513,0.0100371,0.000107891
5.93069,0.0154324,0.0052053,0.0100382,9.48096e-005
5.94059,0.0154839,0.00520541,0.0100391,8.17278e-005
5.9505,0.0155354,0.00520544,0.0100399,6.86456e-005
5.9604,0.015587,0.00520541,0.0100406,5.55634e-005
5.9703,0.0156385,0.00520532,0.0100411,4.24814e-005
5.9802,0.01569,0.00520515,0.0100416,2.94002e-005
5.9901,0.0157416,0.00520492,0.0100419,1.632e-005
6,0.0157931,0.00520463,0.010042,3.24123e-006
6.0099,0.0158446,0.00520426,0.010042,-9.83575e-006
6.0198,0.0158962,0.00520383,0.010042,-2.29106e-005
6.0297,0.0159477,0.00520334,0.0100417,-3.59829e-005
6.0396,0.0159992,0.00520278,0.0100414,-4.90523e-005
6.0495,0.0160507,0.00520215,0.0100409,-6.21184e-005
6.05941,0.0161022,0.00520146,0.0100403,-7.5181e-005
6.06931,0.0161537,0.0052007,0.0100395,-8.82395e-005
6.07921,0.0162052,0.00519988,0.0100387,-0.000101294
6.08911,0.0162567,0.00519899,0.0100376,-0.000114343
6.09901,0.0163082,0.00519803,0.0100365,-0.000127388
6.10891,0.0163596,0.00519701,0.0100353,-0.000140427
6.11881,0.0164111,0.00519592,0.0100339,-0.00015346
6.12871,0.0164625,0.00519477,0.0100323,-0.000166487
6.13861,0.016514,0.00519355,0.0100307,-0.000179507
6.14851,0.0165654,0.00519227,0.0100289,-0.000192521
6.15842,0.0166168,0.00519092,0.010027,-0.000205527
6.16832,0.0166682,0.00518951,0.010025,-0.000218526
6.17822,0.0167196,0.00518803,0.0100228,-0.000231517
6.18812,0.016771,0.00518649,0.0100205,-0.000244499
6.19802,0.0168223,0.00518488,0.0100181,-0.000257473
6.20792,0.0168736,0.00518321,0.0100156,-0.000270438
6.21782,0.016925,0.00518147,0.0100129,-0.000283393
6.22772,0.0169763,0.00517967,0.0100101,-0.000296339
6.23762,0.0170275,0.0051778,0.0100071,-0.000309275
6.24752,0.0170788,0.00517587,0.0100041,-0.0003222
6.25743,0.0171301,0.00517388,0.0100009,-0.000335114
6.26733,0.0171813,0.00517182,0.00999756,-0.000348017
6.27723,0.0172325,0.0051697,0.00999412,-0.000360909
6.28713,0.0172837,0.00516751,0.00999054,-0.000373789
6.29703,0.0173348,0.00516526,0.00998684,-0.000386657
6.30693,0.017386,0.00516295,0.00998302,-0.000399512
6.31683,0.0174371,0.00516057,0.00997906,-0.000412354
6.32673,0.0174882,0.00515813,0.00997498,-0.000425183
6.33663,0.0175393,0.00515562,0.00997077,-0.000437999
6.34653,0.0175903,0.00515305,0.00996643,-0.0004508
6.35644,0.0176413,0.00515042,0.00996197,-0.000463588
6.36634,0.0176923,0.00514773,0.00995738,-0.00047636
6.37624,0.0177433,0.00514497,0.00995266,-0.000489118
6.38614,0.0177942,0.00514215,0.00994782,-0.000501861
6.39604,0.0178451,0.00513927,0.00994285,-0.000514588
6.40594,0.017896,0.00513632,0.00993775,-0.000527299
6.41584,0.0179469,0.00513331,0.00993253,-0.000539994
6.42574,0.0179977,0.00513024,0.00992719,-0.000552672
6.43564,0.0180485,0.0051271,0.00992172,-0.000565333
6.44554,0.0180993,0.00512391,0.00991612,-0.000577977
6.45545,0.01815,0.00512065,0.0099104,-0.000590604
6.46535,0.0182007,0.00511733,0.00990455,-0.000603212
6.47525,0.0182514,0.00511395,0.00989858,-0.000615802
6.48515,0.018302,0.0051105,0.00989248,-0.000628374
6.49505,0.0183526,0.00510699,0.00988626,-0.000640927
6.50495,0.0184032,0.00510343,0.00987991,-0.00065346
6.51485,0.0184537,0.0050998,0.00987344,-0.000665974
6.52475,0.0185042,0.00509611,0.00986685,-0.000678468
6.53465,0.0185546,0.00509235,0.00986013,-0.000690942
6.54455,0.0186051,0.00508854,0.00985329,-0.000703396
6.55446,0.0186554,0.00508467,0.00984632,-0.000715828
6.56436,0.0187058,0.00508073,0.00983924,-0.00072824
6.57426,0.0187561,0.00507674,0.00983203,-0.00074063
6.58416,0.0188064,0.00507268,0.00982469,-0.000752998
6.59406,0.0188566,0.00506857,0.00981724,-0.000765344
6.60396,0.0189068,0.00506439,0.00980966,-0.000777668
6.61386,0.0189569,0.00506015,0.00980196,-0.000789969
6.62376,0.019007,0.00505585,0.00979414,-0.000802247
6.63366,0.0190571,0.0050515,0.0097862,-0.000814501
6.64356,0.0191071,0.00504708,0.00977813,-0.000826732
6.65347,0.019157,0.00504261,0.00976995,-0.000838939
6.66337,0.019207,0.00503807,0.00976164,-0.000851122
6.67327,0.0192569,0.00503347,0.00975321,-0.00086328
6.68317,0.0193067,0.00502882,0.00974467,-0.000875413
6.69307,0.0193565,0.00502411,0.009736,-0.000887522
6.70297,0.0194062,0.00501934,0.00972721,-0.000899604
6.71287,0.0194559,0.0050145,0.0097183,-0.000911661
6.72277,0.0195056,0.00500961,0.00970928,-0.000923692
6.73267,0.0195552,0.00500467,0.00970013,-0.000935696
6.74257,0.0196047,0.00499966,0.00969087,-0.000947674
6.75248,0.0196542,0.0049946,0.00968149,-0.000959625
6.76238,0.0197037,0.00498947,0.00967198,-0.000971548
6.77228,0.0197531,0.00498429,0.00966236,-0.000983444
6.78218,0.0198024,0.00497906,0.00965263,-0.000995312
6.79208,0.0198517,0.00497376,0.00964277,-0.00100715
6.80198,0.019901,0.00496841,0.0096328,-0.00101896
6.81188,0.0199502,0.004963,0.00962271,-0.00103075
6.82178,0.0199993,0.00495753,0.00961251,-0.0010425
6.83168,0.0200484,0.00495201,0.00960219,-0.00105423
6.84158,0.0200974,0.00494643,0.00959175,-0.00106592
6.85149,0.0201464,0.00494079,0.00958119,-0.00107759
6.86139,0.0201953,0.0049351,0.00957052,-0.00108922
6.87129,0.0202442,0.00492935,0.00955974,-0.00110082
6.88119,0.020293,0.00492355,0.00954884,-0.0011124
6.89109,0.0203417,0.00491769,0.00953783,-0.00112394
6.90099,0.0203904,0.00491177,0.0095267,-0.00113545
6.91089,0.020439,0.0049058,0.00951546,-0.00114693
6.92079,0.0204876,0.00489977,0.0095041,-0.00115838
6.93069,0.0205361,0.00489369,0.00949263,-0.0011698
6.94059,0.0205846,0.00488755,0.00948105,-0.00118118
6.9505,0.020633,0.00488136,0.00946936,-0.00119253
6.9604,0.0206813,0.00487511,0.00945755,-0.00120385
6.9703,0.0207296,0.00486881,0.00944563,-0.00121514
6.9802,0.0207778,0.00486246,0.0094336,-0.00122639
6.9901,0.0208259,0.00485605,0.00942146,-0.00123761
7,0.020874,0.00484959,0.0094092,-0.00124879
7.0099,0.020922,0.00484307,0.00939684,-0.00125994
7.0198,0.02097,0.0048365,0.00938436,-0.00127105
7.0297,0.0210179,0.00482988,0.00937178,-0.00128213
7.0396,0.0210657,0.0048232,0.00935908,-0.00129318
7.0495,0.0211134,0.00481647,0.00934628,-0.00130419
7.05941,0.0211611,0.00480969,0.00933337,-0.00131517
7.06931,0.0212087,0.00480286,0.00932035,-0.0013261
7.07921,0.0212563,0.00479597,0.00930722,-0.00133701
7.08911,0.0213038,0.00478903,0.00929398,-0.00134787
7.09901,0.0213512,0.00478204,0.00928063,-0.0013587
7.10891,0.0213985,0.004775,0.00926718,-0.0013695
7.11881,0.0214458,0.00476791,0.00925362,-0.00138025
7.12871,0.021493,0.00476076,0.00923996,-0.00139097
7.13861,0.0215402,0.00475357,0.00922618,-0.00140165
7.14851,0.0215872,0.00474632,0.00921231,-0.0014123
7.15842,0.0216342,0.00473902,0.00919832,-0.0014229
7.16832,0.0216811,0.00473168,0.00918423,-0.00143347
7.17822,0.021728,0.00472428,0.00917004,-0.001444
7.18812,0.0217748,0.00471683,0.00915574,-0.00145449
7.19802,0.0218215,0.00470933,0.00914134,-0.00146494
7.20792,0.0218681,0.00470178,0.00912684,-0.00147535
7.21782,0.0219146,0.00469419,0.00911223,-0.00148572
7.22772,0.0219611,0.00468654,0.00909752,-0.00149605
7.23762,0.0220075,0.00467885,0.00908271,-0.00150634
7.24752,0.0220538,0.0046711,0.0090678,-0.0015166
7.25743,0.0221001,0.00466331,0.00905278,-0.00152681
7.26733,0.0221463,0.00465547,0.00903766,-0.00153698
7.27723,0.0221924,0.00464758,0.00902244,-0.00154711
7.28713,0.0222384,0.00463965,0.00900713,-0.0015572
7.29703,0.0222843,0.00463166,0.00899171,-0.00156724
7.30693,0.0223302,0.00462363,0.00897619,-0.00157725
7.31683,0.0223759,0.00461555,0.00896058,-0.00158721
7.32673,0.0224216,0.00460743,0.00894486,-0.00159714
7.33663,0.0224673,0.00459925,0.00892905,-0.00160701
7.34653,0.0225128,0.00459103,0.00891314,-0.00161685
7.35644,0.0225583,0.00458277,0.00889713,-0.00162665
7.36634,0.0226036,0.00457446,0.00888102,-0.0016364
7.37624,0.0226489,0.0045661,0.00886482,-0.00164611
7.38614,0.0226941,0.0045577,0.00884852,-0.00165577
7.39604,0.0227393,0.00454925,0.00883213,-0.00166539
7.40594,0.0227843,0.00454076,0.00881564,-0.00167497
7.41584,0.0228293,0.00453222,0.00879906,-0.0016845
7.42574,0.0228741,0.00452363,0.00878238,-0.00169399
7.43564,0.0229189,0.00451501,0.00876561,-0.00170344
7.44554,0.0229636,0.00450633,0.00874874,-0.00171284
7.45545,0.0230082,0.00449762,0.00873178,-0.00172219
7.46535,0.0230528,0.00448886,0.00871473,-0.0017315
7.47525,0.0230972,0.00448006,0.00869759,-0.00174077
7.48515,0.0231416,0.00447121,0.00868035,-0.00174999
7.49505,0.0231858,0.00446232,0.00866302,-0.00175916
7.50495,0.02323,0.00445339,0.00864561,-0.00176829
7.51485,0.0232741,0.00444441,0.0086281,-0.00177737
7.52475,0.0233181,0.0044354,0.0086105,-0.00178641
7.53465,0.023362,0.00442634,0.00859281,-0.0017954
7.54455,0.0234059,0.00441724,0.00857504,-0.00180434
7.55446,0.0234496,0.00440809,0.00855717,-0.00181324
7.56436,0.0234932,0.00439891,0.00853922,-0.00182208
7.57426,0.0235368,0.00438969,0.00852118,-0.00183089
7.58416,0.0235803,0.00438042,0.00850305,-0.00183964
7.59406,0.0236236,0.00437111,0.00848484,-0.00184835
7.60396,0.0236669,0.00436177,0.00846654,-0.00185701
7.61386,0.0237101,0.00435238,0.00844815,-0.00186562
7.62376,0.0237532,0.00434295,0.00842968,-0.00187418
7.63366,0.0237962,0.00433349,0.00841112,-0.00188269
7.64356,0.0238391,0.00432398,0.00839248,-0.00189116
7.65347,0.0238819,0.00431444,0.00837376,-0.00189957
7.66337,0.0239246,0.00430486,0.00835495,-0.00190794
7.67327,0.0239672,0.00429523,0.00833606,-0.00191626
7.68317,0.0240098,0.00428557,0.00831709,-0.00192453
7.69307,0.0240522,0.00427587,0.00829803,-0.00193275
7.70297,0.0240945,0.00426614,0.0082789,-0.00194092
7.71287,0.0241368,0.00425636,0.00825968,-0.00194904
7.72277,0.0241789,0.00424655,0.00824038,-0.00195711
7.73267,0.024221,0.00423671,0.008221,-0.00196513
7.74257,0.0242629,0.00422682,0.00820155,-0.0019731
7.75248,0.0243048,0.0042169,0.00818201,-0.00198102
7.76238,0.0243465,0.00420694,0.0081624,-0.00198889
7.77228,0.0243882,0.00419695,0.00814271,-0.00199671
7.78218,0.0244297,0.00418692,0.00812294,-0.00200448
7.79208,0.0244712,0.00417685,0.00810309,-0.0020122
7.80198,0.0245125,0.00416675,0.00808317,-0.00201986
7.81188,0.0245538,0.00415662,0.00806317,-0.00202747
7.82178,0.0245949,0.00414645,0.00804309,-0.00203504
7.83168,0.024636,0.00413625,0.00802295,-0.00204255
7.84158,0.0246769,0.00412601,0.00800272,-0.00205001
7.85149,0.0247178,0.00411574,0.00798243,-0.00205741
7.86139,0.0247585,0.00410543,0.00796206,-0.00206477
7.87129,0.0247992,0.00409509,0.00794161,-0.00207207
7.88119,0.0248397,0.00408472,0.0079211,-0.00207932
7.89109,0.0248802,0.00407431,0.00790051,-0.00208651
7.90099,0.0249205,0.00406388,0.00787985,-0.00209366
7.91089,0.0249608,0.00405341,0.00785912,-0.00210075
7.92079,0.0250009,0.00404291,0.00783832,-0.00210778
7.93069,0.0250409,0.00403237,0.00781745,-0.00211477
7.94059,0.0250808,0.00402181,0.00779651,-0.0021217
7.9505,0.0251207,0.00401121,0.00777551,-0.00212858
7.9604,0.0251604,0.00400059,0.00775443,-0.0021354
7.9703,0.0252,0.00398993,0.00773329,-0.00214217
7.9802,0.0252395,0.00397924,0.00771208,-0.00214889
7.9901,0.0252789,0.00396852,0.0076908,-0.00215555
8,0.0253182,0.00395777,0.00766946,-0.00216215
8.0099,0.0253574,0.003947,0.00764805,-0.00216871
8.0198,0.0253964,0.00393619,0.00762658,-0.00217521
8.0297,0.0254354,0.00392535,0.00760505,-0.00218165
8.0396,0.0254743,0.00391449,0.00758345,-0.00218804
8.0495,0.025513,0.0039036,0.00756178,-0.00219437
8.05941,0.0255517,0.00389268,0.00754005,-0.00220065
8.06931,0.0255902,0.00388173,0.00751827,-0.00220688
8.07921,0.0256287,0.00387075,0.00749642,-0.00221304
8.08911,0.025667,0.00385975,0.0074745,-0.00221916
8.09901,0.0257052,0.00384872,0.00745253,-0.00222522
8.10891,0.0257433,0.00383766,0.0074305,-0.00223122
8.11881,0.0257813,0.00382657,0.00740841,-0.00223716
8.12871,0.0258192,0.00381546,0.00738626,-0.00224305
8.13861,0.025857,0.00380433,0.00736405,-0.00224889
8.14851,0.0258946,0.00379317,0.00734178,-0.00225467
8.15842,0.0259322,0.00378198,0.00731946,-0.00226039
8.16832,0.0259696,0.00377077,0.00729708,-0.00226605
8.17822,0.026007,0.00375953,0.00727465,-0.00227166
8.18812,0.0260442,0.00374827,0.00725215,-0.00227722
8.19802,0.0260813,0.00373698,0.00722961,-0.00228271
8.20792,0.0261183,0.00372567,0.00720701,-0.00228815
8.21782,0.0261552,0.00371434,0.00718435,-0.00229353
8.22772,0.026192,0.00370298,0.00716164,-0.00229886
8.23762,0.0262286,0.0036916,0.00713888,-0.00230413
8.24752,0.0262652,0.0036802,0.00711607,-0.00230934
8.25743,0.0263016,0.00366877,0.0070932,-0.00231449
8.26733,0.0263379,0.00365733,0.00707029,-0.00231959
8.27723,0.0263742,0.00364586,0.00704732,-0.00232463
8.28713,0.0264103,0.00363437,0.00702431,-0.00232961
8.29703,0.0264462,0.00362285,0.00700124,-0.00233453
8.30693,0.0264821,0.00361132,0.00697813,-0.0023394
8.31683,0.0265179,0.00359977,0.00695496,-0.00234421
8.32673,0.0265535,0.00358819,0.00693175,-0.00234896
8.33663,0.026589,0.0035766,0.0069085,-0.00235365
8.34653,0.0266244,0.00356498,0.00688519,-0.00235828
8.35644,0.0266597,0.00355335,0.00686184,-0.00236286
8.36634,0.0266949,0.00354169,0.00683845,-0.00236737
8.37624,0.02673,0.00353002,0.00681501,-0.00237183
8.38614,0.0267649,0.00351833,0.00679153,-0.00237623
8.39604,0.0267998,0.00350661,0.006768,-0.00238057
8.40594,0.0268345,0.00349489,0.00674443,-0.00238486
8.41584,0.0268691,0.00348314,0.00672082,-0.00238908
8.42574,0.0269036,0.00347137,0.00669716,-0.00239325
8.43564,0.026938,0.00345959,0.00667347,-0.00239735
8.44554,0.0269722,0.00344779,0.00664973,-0.0024014
8.45545,0.0270063,0.00343598,0.00662595,-0.00240539
8.46535,0.0270404,0.00342414,0.00660214,-0.00240932
8.47525,0.0270743,0.0034123,0.00657828,-0.00241319
8.48515,0.027108,0.00340043,0.00655439,-0.002417
8.49505,0.0271417,0.00338855,0.00653046,-0.00242075
8.50495,0.0271753,0.00337665,0.00650649,-0.00242444
8.51485,0.0272087,0.00336474,0.00648249,-0.00242807
8.52475,0.027242,0.00335282,0.00645845,-0.00243164
8.53465,0.0272752,0.00334088,0.00643437,-0.00243516
8.54455,0.0273083,0.00332892,0.00641026,-0.00243861
8.55446,0.0273412,0.00331696,0.00638612,-0.002442
8.56436,0.0273741,0.00330497,0.00636194,-0.00244534
8.57426,0.0274068,0.00329298,0.00633773,-0.00244861
8.58416,0.0274394,0.00328097,0.00631348,-0.00245182
8.59406,0.0274719,0.00326895,0.00628921,-0.00245498
8.60396,0.0275043,0.00325692,0.0062649,-0.00245807
8.61386,0.0275365,0.00324487,0.00624056,-0.0024611
8.62376,0.0275686,0.00323281,0.0062162,-0.00246408
8.63366,0.0276006,0.00322074,0.0061918,-0.00246699
8.64356,0.0276325,0.00320866,0.00616737,-0.00246984
8.65347,0.0276643,0.00319657,0.00614292,-0.00247264
8.66337,0.027696,0.00318447,0.00611844,-0.00247537
8.67327,0.0277275,0.00317235,0.00609393,-0.00247804
8.68317,0.0277589,0.00316023,0.0060694,-0.00248065
8.69307,0.0277902,0.0031481,0.00604483,-0.0024832
8.70297,0.0278214,0.00313595,0.00602025,-0.00248569
8.71287,0.0278524,0.0031238,0.00599564,-0.00248812
8.72277,0.0278833,0.00311164,0.005971,-0.00249049
8.73267,0.0279141,0.00309947,0.00594634,-0.00249279
8.74257,0.0279448,0.00308729,0.00592166,-0.00249504
8.75248,0.0279754,0.0030751,0.00589696,-0.00249723
8.76238,0.0280058,0.00306291,0.00587224,-0.00249935
8.77228,0.0280362,0.00305071,0.00584749,-0.00250142
8.78218,0.0280664,0.0030385,0.00582272,-0.00250342
8.79208,0.0280965,0.00302628,0.00579794,-0.00250536
8.80198,0.0281264,0.00301405,0.00577313,-0.00250724
8.81188,0.0281563,0.00300182,0.00574831,-0.00250906
8.82178,0.028186,0.00298959,0.00572346,-0.00251082
8.83168,0.0282156,0.00297734,0.0056986,-0.00251252
8.84158,0.0282451,0.00296509,0.00567373,-0.00251416
8.85149,0.0282744,0.00295284,0.00564884,-0.00251573
8.86139,0.0283037,0.00294058,0.00562393,-0.00251725
8.87129,0.0283328,0.00292832,0.005599,-0.0025187
8.88119,0.0283618,0.00291605,0.00557407,-0.0025201
8.89109,0.0283906,0.00290378,0.00554912,-0.00252143
8.90099,0.0284194,0.0028915,0.00552415,-0.0025227
8.91089,0.028448,0.00287922,0.00549917,-0.0025239
8.92079,0.0284765,0.00286693,0.00547418,-0.00252505
8.93069,0.0285049,0.00285465,0.00544918,-0.00252614
8.94059,0.0285332,0.00284235,0.00542417,-0.00252716
8.9505,0.0285613,0.00283006,0.00539915,-0.00252812
8.9604,0.0285893,0.00281777,0.00537412,-0.00252903
8.9703,0.0286172,0.00280547,0.00534908,-0.00252987
8.9802,0.028645,0.00279317,0.00532403,-0.00253065
8.9901,0.0286727,0.00278087,0.00529898,-0.00253136
9,0.0287002,0.00276856,0.00527391,-0.00253202
9.0099,0.0287276,0.00275626,0.00524884,-0.00253261
9.0198,0.0287549,0.00274395,0.00522377,-0.00253315
9.0297,0.0287821,0.00273165,0.00519869,-0.00253362
9.0396,0.0288091,0.00271934,0.0051736,-0.00253403
9.0495,0.028836,0.00270704,0.00514851,-0.00253438
9.05941,0.0288628,0.00269473,0.00512342,-0.00253467
9.06931,0.0288895,0.00268243,0.00509832,-0.00253489
9.07921,0.0289161,0.00267012,0.00507323,-0.00253506
9.08911,0.0289425,0.00265782,0.00504813,-0.00253516
9.09901,0.0289688,0.00264552,0.00502303,-0.0025352
9.10891,0.028995,0.00263322,0.00499792,-0.00253518
9.11881,0.0290211,0.00262092,0.00497282,-0.0025351
9.12871,0.029047,0.00260862,0.00494772,-0.00253496
9.13861,0.0290729,0.00259633,0.00492263,-0.00253476
9.14851,0.0290986,0.00258404,0.00489753,-0.00253449
9.15842,0.0291242,0.00257175,0.00487243,-0.00253417
9.16832,0.0291496,0.00255946,0.00484734,-0.00253378
9.17822,0.029175,0.00254718,0.00482226,-0.00253333
9.18812,0.0292002,0.0025349,0.00479717,-0.00253282
9.19802,0.0292253,0.00252263,0.0047721,-0.00253225
9.20792,0.0292503,0.00251036,0.00474703,-0.00253162
9.21782,0.0292751,0.00249809,0.00472196,-0.00253093
9.22772,0.0292998,0.00248583,0.0046969,-0.00253017
9.23762,0.0293245,0.00247357,0.00467185,-0.00252936
9.24752,0.0293489,0.00246132,0.00464681,-0.00252848
9.25743,0.0293733,0.00244907,0.00462177,-0.00252754
9.26733,0.0293976,0.00243683,0.00459675,-0.00252655
9.27723,0.0294217,0.00242459,0.00457173,-0.00252549
9.28713,0.0294457,0.00241236,0.00454673,-0.00252437
9.29703,0.0294696,0.00240014,0.00452173,-0.00252319
9.30693,0.0294933,0.00238792,0.00449675,-0.00252195
9.31683,0.029517,0.00237571,0.00447178,-0.00252064
9.32673,0.0295405,0.00236351,0.00444682,-0.00251928
9.33663,0.0295639,0.00235131,0.00442188,-0.00251786
9.34653,0.0295872,0.00233913,0.00439695,-0.00251637
9.35644,0.0296104,0.00232695,0.00437204,-0.00251483
9.36634,0.0296334,0.00231477,0.00434714,-0.00251323
9.37624,0.0296563,0.00230261,0.00432225,-0.00251156
9.38614,0.0296791,0.00229045,0.00429739,-0.00250984
9.39604,0.0297018,0.00227831,0.00427254,-0.00250805
9.40594,0.0297243,0.00226617,0.00424771,-0.00250621
9.41584,0.0297468,0.00225404,0.00422289,-0.0025043
9.42574,0.0297691,0.00224192,0.0041981,-0.00250234
9.43564,0.0297913,0.00222981,0.00417332,-0.00250031
9.44554,0.0298134,0.00221771,0.00414857,-0.00249823
9.45545,0.0298353,0.00220562,0.00412383,-0.00249608
9.46535,0.0298572,0.00219354,0.00409912,-0.00249388
9.47525,0.0298789,0.00218147,0.00407443,-0.00249162
9.48515,0.0299005,0.00216941,0.00404976,-0.00248929
9.49505,0.029922,0.00215736,0.00402511,-0.00248691
9.50495,0.0299433,0.00214533,0.00400049,-0.00248447
9.51485,0.0299646,0.0021333,0.00397589,-0.00248197
9.52475,0.0299857,0.00212129,0.00395131,-0.00247941
9.53465,0.0300067,0.00210929,0.00392676,-0.00247679
9.54455,0.0300276,0.0020973,0.00390224,-0.00247412
9.55446,0.0300483,0.00208533,0.00387775,-0.00247138
9.56436,0.030069,0.00207336,0.00385328,-0.00246859
9.57426,0.0300895,0.00206141,0.00382884,-0.00246574
9.58416,0.0301099,0.00204947,0.00380442,-0.00246282
9.59406,0.0301302,0.00203755,0.00378004,-0.00245986
9.60396,0.0301504,0.00202564,0.00375568,-0.00245683
9.61386,0.0301704,0.00201375,0.00373136,-0.00245375
9.62376,0.0301904,0.00200186,0.00370706,-0.0024506
9.63366,0.0302102,0.00199,0.0036828,-0.0024474
9.64356,0.0302299,0.00197814,0.00365857,-0.00244415
9.65347,0.0302495,0.00196631,0.00363437,-0.00244083
9.66337,0.030269,0.00195448,0.0036102,-0.00243746
9.67327,0.0302883,0.00194268,0.00358607,-0.00243403
9.68317,0.0303075,0.00193089,0.00356197,-0.00243054
9.69307,0.0303267,0.00191911,0.0035379,-0.002427
9.70297,0.0303457,0.00190735,0.00351387,-0.0024234
9.71287,0.0303646,0.00189561,0.00348988,-0.00241975
9.72277,0.0303833,0.00188388,0.00346592,-0.00241603
9.73267,0.030402,0.00187217,0.003442,-0.00241226
9.74257,0.0304205,0.00186048,0.00341812,-0.00240844
9.75248,0.0304389,0.00184881,0.00339427,-0.00240456
9.76238,0.0304572,0.00183715,0.00337046,-0.00240062
9.77228,0.0304754,0.00182551,0.0033467,-0.00239663
9.78218,0.0304935,0.00181389,0.00332297,-0.00239258
9.79208,0.0305115,0.00180229,0.00329928,-0.00238848
9.80198,0.0305293,0.00179071,0.00327563,-0.00238432
9.81188,0.030547,0.00177914,0.00325202,-0.00238011
9.82178,0.0305646,0.0017676,0.00322846,-0.00237584
9.83168,0.0305821,0.00175607,0.00320493,-0.00237152
9.84158,0.0305995,0.00174457,0.00318145,-0.00236714
9.85149,0.0306168,0.00173308,0.00315802,-0.00236271
9.86139,0.030634,0.00172161,0.00313462,-0.00235822
9.87129,0.030651,0.00171017,0.00311127,-0.00235368
9.88119,0.0306679,0.00169875,0.00308797,-0.00234909
9.89109,0.0306848,0.00168734,0.00306471,-0.00234444
