0,0.998065,-0.390483,0.0619803,6.2479
0.00990099,0.992268,-0.77947,0.123721,6.21162
0.019802,0.98263,-1.16548,0.184983,6.15129
0.029703,0.969188,-1.54705,0.245528,6.06714
0.039604,0.951995,-1.92273,0.305124,5.95948
0.049505,0.931114,-2.29109,0.363538,5.8287
0.0594059,0.906626,-2.65071,0.420543,5.67528
0.0693069,0.878624,-3.00022,0.475919,5.49979
0.0792079,0.847215,-3.33827,0.52945,5.30288
0.0891089,0.812518,-3.66357,0.580926,5.08527
0.0990099,0.774668,-3.97486,0.630147,4.84777
0.108911,0.733807,-4.27091,0.676921,4.59127
0.118812,0.690094,-4.55058,0.721063,4.31672
0.128713,0.643696,-4.81276,0.762399,4.02514
0.138614,0.594791,-5.05642,0.800767,3.71764
0.148515,0.543568,-5.28058,0.836014,3.39536
0.158416,0.490224,-5.48435,0.868,3.05953
0.168317,0.434966,-5.66689,0.896597,2.71142
0.178218,0.378007,-5.82745,0.92169,2.35234
0.188119,0.31957,-5.96536,0.943177,1.98369
0.19802,0.259881,-6.08004,0.960969,1.60688
0.207921,0.199172,-6.17099,0.974994,1.22336
0.217822,0.137682,-6.2378,0.985192,0.83462
0.227723,0.0756514,-6.28016,0.991519,0.442171
0.237624,0.0133227,-6.29785,0.993946,0.0475456
0.247525,-0.0490585,-6.29074,0.992458,-0.347705
0.257426,-0.111246,-6.25881,0.987058,-0.742022
0.267327,-0.172995,-6.20213,0.977763,-1.13384
0.277228,-0.23406,-6.12086,0.964604,-1.52161
0.287129,-0.2942,-6.01528,0.94763,-1.90377
0.29703,-0.353174,-5.88575,0.926903,-2.27879
0.306931,-0.410749,-5.73275,0.902503,-2.64516
0.316832,-0.466693,-5.55683,0.874522,-3.00139
0.326733,-0.520784,-5.35865,0.843068,-3.34605
0.336634,-0.572804,-5.13898,0.808262,-3.67771
0.346535,-0.622545,-4.89864,0.770241,-3.99503
0.356436,-0.669806,-4.63858,0.729152,-4.2967
0.366337,-0.714397,-4.35981,0.685156,-4.58148
0.376238,-0.756138,-4.06343,0.638428,-4.84819
0.386139,-0.79486,-3.75061,0.589152,-5.09572
0.39604,-0.830406,-3.42259,0.537522,-5.32305
0.405941,-0.862633,-3.08068,0.483744,-5.52923
0.415842,-0.891409,-2.72627,0.428032,-5.7134
0.425743,-0.916617,-2.36077,0.370607,-5.87478
0.435644,-0.938156,-1.98566,0.311699,-6.0127
0.445545,-0.955937,-1.60246,0.251544,-6.12657
0.455446,-0.969887,-1.21273,0.190381,-6.21593
0.465347,-0.979951,-0.818052,0.128456,-6.28039
0.475248,-0.986086,-0.420029,0.0660165,-6.31968
0.485149,-0.988268,-0.0202841,0.00331346,-6.33364
0.49505,-0.986488,0.379554,-0.0594021,-6.3222
0.50495,-0.980752,0.777856,-0.121879,-6.28541
0.514851,-0.971085,1.173,-0.183866,-6.22342
0.524752,-0.957525,1.56338,-0.245115,-6.1365
0.534653,-0.940127,1.9474,-0.305381,-6.025
0.544554,-0.918963,2.32352,-0.364422,-5.8894
0.554455,-0.894117,2.6902,-0.422003,-5.73025
0.564356,-0.865692,3.04596,-0.477892,-5.54821
0.574257,-0.833802,3.38935,-0.531869,-5.34407
0.584158,-0.798577,3.71902,-0.583716,-5.11865
0.594059,-0.760159,4.03363,-0.633229,-4.87291
0.60396,-0.718704,4.33193,-0.68021,-4.60785
0.613861,-0.67438,4.61274,-0.724474,-4.32457
0.623762,-0.627364,4.87495,-0.765846,-4.02424
0.633663,-0.577847,5.11754,-0.804163,-3.70809
0.643564,-0.526027,5.33954,-0.839275,-3.37742
0.653465,-0.472114,5.54012,-0.871044,-3.03358
0.663366,-0.416323,5.7185,-0.899347,-2.67796
0.673267,-0.358877,5.874,-0.924075,-2.31201
0.683168,-0.300007,6.00605,-0.945131,-1.93722
0.693069,-0.239946,6.11416,-0.962437,-1.55508
0.70297,-0.178935,6.19794,-0.975927,-1.16714
0.712871,-0.117215,6.25712,-0.985551,-0.774937
0.722772,-0.0550315,6.29149,-0.991274,-0.380044
0.732673,0.0073691,6.30098,-0.993078,0.0159752
0.742574,0.0697404,6.28559,-0.99096,0.411556
0.752475,0.131836,6.24543,-0.98493,0.805139
0.762376,0.193412,6.18071,-0.975018,1.19518
0.772277,0.254227,6.09172,-0.961265,1.58016
0.782178,0.314041,5.97886,-0.94373,1.95857
0.792079,0.372621,5.84262,-0.922483,2.32895
0.80198,0.429737,5.68356,-0.897613,2.68987
0.811881,0.485167,5.50236,-0.86922,3.03993
0.821782,0.538695,5.29975,-0.837418,3.3778
0.831683,0.590114,5.07654,-0.802334,3.70218
0.841584,0.639222,4.83365,-0.764109,4.01183
0.851485,0.68583,4.57204,-0.722893,4.30557
0.861386,0.729758,4.29275,-0.678851,4.5823
0.871287,0.770836,3.99688,-0.632155,4.84097
0.881188,0.808905,3.6856,-0.582991,5.08059
0.891089,0.843819,3.36011,-0.53155,5.30028
0.90099,0.875443,3.02169,-0.478035,5.49921
0.910891,0.903656,2.67166,-0.422655,5.67662
0.920792,0.928348,2.31136,-0.365627,5.83187
0.930693,0.949426,1.94218,-0.307173,5.96436
0.940594,0.966808,1.56556,-0.247521,6.0736
0.950495,0.980427,1.18295,-0.186904,6.15919
0.960396,0.990233,0.795804,-0.125557,6.22081
0.970297,0.996186,0.405619,-0.0637194,6.25824
0.980198,0.998265,0.0138867,-0.00163148,6.27133
0.990099,0.996461,-0.377891,0.0604654,6.26004
1,0.990782,-0.768212,0.12233,6.2244
1.0099,0.981249,-1.15558,0.183721,6.16457
1.0198,0.967899,-1.53851,0.2444,6.08075
1.0297,0.950783,-1.91553,0.304132,5.97326
1.0396,0.929967,-2.28519,0.362683,5.84251
1.0495,0.905531,-2.64607,0.419825,5.68898
1.05941,0.877569,-2.99677,0.475335,5.51325
1.06931,0.846188,-3.33594,0.528998,5.31597
1.07921,0.81151,-3.66226,0.580602,5.0979
1.08911,0.773668,-3.97446,0.629946,4.85985
1.09901,0.732807,-4.27132,0.676836,4.60272
1.10891,0.689086,-4.55168,0.721088,4.32748
1.11881,0.642674,-4.81444,0.762528,4.03518
1.12871,0.59375,-5.05855,0.800991,3.72692
1.13861,0.542504,-5.28304,0.836327,3.40388
1.14851,0.489135,-5.48702,0.868394,3.0673
1.15842,0.433849,-5.66966,0.897064,2.71847
1.16832,0.376863,-5.83022,0.922224,2.35872
1.17822,0.318399,-5.96804,0.94377,1.98944
1.18812,0.258684,-6.08253,0.961617,1.61206
1.19802,0.197952,-6.17323,0.975691,1.22805
1.20792,0.136441,-6.23972,0.985933,0.838904
1.21782,0.0743931,-6.28172,0.992301,0.446136
1.22772,0.0120508,-6.29902,0.994766,0.0512879
1.23762,-0.05034,-6.29149,0.993315,-0.344086
1.24752,-0.112533,-6.25915,0.987951,-0.738427
1.25743,-0.174283,-6.20206,0.978691,-1.13017
1.26733,-0.235346,-6.12042,0.96557,-1.51777
1.27723,-0.295479,-6.01451,0.948635,-1.89967
1.28713,-0.354445,-5.88471,0.927951,-2.27435
1.29703,-0.412008,-5.7315,0.903597,-2.64031
1.30693,-0.467939,-5.55544,0.875666,-2.99608
1.31683,-0.522016,-5.35722,0.844267,-3.34021
1.32673,-0.574022,-5.1376,0.809522,-3.6713
1.33663,-0.62375,-4.89742,0.771567,-3.98803
1.34653,-0.671,-4.63763,0.73055,-4.28911
1.35644,-0.715583,-4.35923,0.686633,-4.5733
1.36634,-0.75732,-4.06332,0.639989,-4.83944
1.37624,-0.796044,-3.75108,0.590802,-5.08645
1.38614,-0.831598,-3.42375,0.539267,-5.31331
1.39604,-0.86384,-3.08262,0.485588,-5.51908
1.40594,-0.89264,-2.72907,0.429978,-5.70293
1.41584,-0.917881,-2.3645,0.372658,-5.86409
1.42574,-0.939461,-1.99039,0.313857,-6.00189
1.43564,-0.957294,-1.60824,0.253809,-6.11577
1.44554,-0.971307,-1.21959,0.192753,-6.20525
1.45545,-0.981444,-0.82601,0.130933,-6.26996
1.46535,-0.987663,-0.429086,0.0685952,-6.30964
1.47525,-0.989941,-0.0304244,0.00598936,-6.32411
1.48515,-0.988266,0.368363,-0.0566348,-6.31333
1.49505,-0.982646,0.765664,-0.119027,-6.27733
1.50495,-0.973104,1.15987,-0.180938,-6.21625
1.51485,-0.959679,1.5494,-0.242121,-6.13036
1.52475,-0.942424,1.93267,-0.302332,-6.02001
1.53465,-0.921409,2.30813,-0.361329,-5.88565
1.54455,-0.896719,2.67429,-0.418879,-5.72783
1.55446,-0.868453,3.02965,-0.474752,-5.54721
1.56436,-0.836726,3.37282,-0.528725,-5.34453
1.57426,-0.801665,3.70239,-0.580585,-5.12062
1.58416,-0.763412,4.01708,-0.630124,-4.87641
1.59406,-0.72212,4.31561,-0.677148,-4.61288
1.60396,-0.677955,4.59682,-0.721469,-4.33112
1.61386,-0.631095,4.85958,-0.762913,-4.03227
1.62376,-0.581726,5.10287,-0.801317,-3.71756
1.63366,-0.530048,5.32574,-0.836529,-3.38826
1.64356,-0.476267,5.52733,-0.868412,-3.0457
1.65347,-0.420597,5.70684,-0.896841,-2.69126
1.66337,-0.363261,5.86361,-0.921705,-2.32638
1.67327,-0.304486,5.99702,-0.942909,-1.95251
1.68317,-0.244508,6.10659,-0.96037,-1.57117
1.69307,-0.183564,6.19191,-0.974023,-1.18387
1.70297,-0.121896,6.25268,-0.983815,-0.792158
1.71287,-0.059749,6.28869,-0.98971,-0.397595
1.72277,0.00263203,6.29984,-0.991689,-0.0017404
1.73267,0.0650002,6.28611,-0.989746,0.393843
1.74257,0.12711,6.24761,-0.983892,0.787595
1.75248,0.188716,6.18452,-0.974152,1.17797
1.76238,0.249576,6.09711,-0.960567,1.56344
1.77228,0.309451,5.98577,-0.943194,1.9425
1.78218,0.368106,5.85096,-0.922103,2.31367
1.79208,0.425312,5.69325,-0.89738,2.67551
1.80198,0.480844,5.51328,-0.869124,3.02661
1.81188,0.534486,5.31177,-0.837448,3.36563
1.82178,0.586028,5.08956,-0.802478,3.69125
1.83168,0.63527,4.84751,-0.764355,4.00222
1.84158,0.682019,4.5866,-0.723227,4.29735
1.85149,0.726095,4.30787,-0.679259,4.5755
1.86139,0.767324,4.0124,-0.632624,4.83562
1.87129,0.805549,3.70137,-0.583505,5.07671
1.88119,0.840619,3.37599,-0.532095,5.29786
1.89109,0.872401,3.03753,-0.478597,5.49822
1.90099,0.900769,2.68732,-0.42322,5.67703
1.91089,0.925615,2.32671,-0.366181,5.83362
1.92079,0.946843,1.95711,-0.307703,5.9674
1.93069,0.96437,1.57995,-0.248015,6.07785
1.94059,0.97813,1.19669,-0.187349,6.16456
1.9505,0.988067,0.808803,-0.125944,6.22721
1.9604,0.994146,0.417799,-0.0640383,6.26556
1.9703,0.996341,0.0251845,-0.0018736,6.27946
1.9802,0.994644,-0.367525,0.0603075,6.26887
1.9901,0.989063,-0.758814,0.122262,6.23382
2,0.979618,-1.14717,0.18375,6.17445
2.0099,0.966346,-1.5311,0.244529,6.09098
2.0198,0.949299,-1.90911,0.304363,5.98373
2.0297,0.928542,-2.27974,0.363018,5.85311
2.0396,0.904155,-2.64156,0.420266,5.69961
2.0495,0.876233,-2.99317,0.475882,5.52381
2.05941,0.844884,-3.33318,0.529648,5.32637
2.06931,0.810229,-3.66029,0.581354,5.10806
2.07921,0.772403,-3.9732,0.630798,4.86971
2.08911,0.731551,-4.27071,0.677784,4.61223
2.09901,0.687834,-4.55163,0.722128,4.33659
2.10891,0.641419,-4.81487,0.763656,4.04386
2.11881,0.592489,-5.05938,0.802204,3.73515
2.12871,0.541233,-5.2842,0.837619,3.41166
2.13861,0.487851,-5.48842,0.869761,3.07462
2.14851,0.432551,-5.67123,0.898502,2.72534
2.15842,0.375549,-5.83189,0.923727,2.36517
2.16832,0.317067,-5.96974,0.945336,1.99551
2.17822,0.257336,-6.08421,0.963241,1.61779
2.18812,0.196588,-6.17484,0.97737,1.23348
2.19802,0.135061,-6.24123,0.987665,0.844085
2.20792,0.0729986,-6.28309,0.994083,0.451131
2.21782,0.0106436,-6.30023,0.996597,0.0561584
2.22772,-0.0517584,-6.29254,0.995194,-0.339278
2.23762,-0.113961,-6.26003,0.989877,-0.733618
2.24752,-0.175719,-6.2028,0.980666,-1.1253
2.25743,-0.236789,-6.12103,0.967593,-1.51278
2.26733,-0.296928,-6.01503,0.950709,-1.8945
2.27723,-0.355898,-5.88517,0.930077,-2.26896
2.28713,-0.413465,-5.73196,0.905778,-2.63465
2.29703,-0.469402,-5.55597,0.877905,-2.99011
2.30693,-0.523484,-5.35788,0.846567,-3.33391
2.31683,-0.575498,-5.13845,0.811886,-3.66467
2.32673,-0.625235,-4.89853,0.773998,-3.98107
2.33663,-0.672498,-4.63907,0.733052,-4.28181
2.34653,-0.717097,-4.36107,0.689209,-4.56568
2.35644,-0.758855,-4.06564,0.642642,-4.83154
2.36634,-0.797604,-3.75394,0.593535,-5.0783
2.37624,-0.83319,-3.42721,0.542081,-5.30496
2.38614,-0.865469,-3.08675,0.488486,-5.51059
2.39604,-0.894313,-2.73391,0.43296,-5.69437
2.40594,-0.919606,-2.3701,0.375726,-5.85553
2.41584,-0.941245,-1.99677,0.317009,-5.99343
2.42574,-0.959145,-1.61542,0.257044,-6.10748
2.43564,-0.973233,-1.22758,0.196069,-6.19723
2.44554,-0.983454,-0.834815,0.134326,-6.26231
2.45545,-0.989764,-0.438699,0.0720628,-6.30244
2.46535,-0.992141,-0.0408204,0.00952567,-6.31748
2.47525,-0.990573,0.35722,-0.0530357,-6.30734
2.48515,-0.985067,0.753824,-0.115372,-6.27209
2.49505,-0.975646,1.1474,-0.177235,-6.21185
2.50495,-0.962346,1.53636,-0.238379,-6.12688
2.51485,-0.945223,1.91914,-0.29856,-6.01751
2.52475,-0.924344,2.29422,-0.357538,-5.88421
2.53465,-0.899793,2.66008,-0.415079,-5.7275
2.54455,-0.871669,3.01527,-0.470954,-5.54804
2.55446,-0.840085,3.35837,-0.524941,-5.34654
2.56436,-0.805168,3.688,-0.576826,-5.12384
2.57426,-0.767056,4.00285,-0.626404,-4.88084
2.58416,-0.725904,4.30168,-0.673477,-4.61851
2.59406,-0.681875,4.5833,-0.71786,-4.33793
2.60396,-0.635146,4.8466,-0.759377,-4.04024
2.61386,-0.585903,5.09054,-0.797865,-3.72663
2.62376,-0.534344,5.31417,-0.833172,-3.39837
2.63366,-0.480673,5.51662,-0.86516,-3.05677
2.64356,-0.425104,5.69709,-0.893703,-2.70323
2.65347,-0.36786,5.8549,-0.91869,-2.33914
2.66337,-0.309166,5.98944,-0.940024,-1.96598
2.67327,-0.249257,6.1002,-0.957622,-1.58522
2.68317,-0.188371,6.18676,-0.971416,-1.19839
2.69307,-0.126747,6.24882,-0.981353,-0.80703
2.70297,-0.0646318,6.28614,-0.987397,-0.412685
2.71287,-0.00226946,6.29862,-0.989526,-0.0169208
2.72277,0.0600933,6.28623,-0.987733,0.3787
2.73267,0.12221,6.24904,-0.982028,0.772617
2.74257,0.183837,6.18723,-0.972435,1.16328
2.75248,0.24473,6.10108,-0.958994,1.54916
2.76238,0.30465,5.99094,-0.94176,1.92874
2.77228,0.363363,5.85726,-0.920802,2.30055
2.78218,0.420636,5.70062,-0.896205,2.66312
2.79208,0.476246,5.52162,-0.868068,3.01506
2.80198,0.529976,5.321,-0.836502,3.35499
2.81188,0.581613,5.09956,-0.801633,3.68158
2.82178,0.630958,4.8582,-0.7636,3.99359
2.83168,0.677816,4.59786,-0.722553,4.28979
2.84158,0.722005,4.31959,-0.678654,4.56906
2.85149,0.763353,4.02448,-0.632077,4.83032
2.86139,0.801698,3.71368,-0.583004,5.07256
2.87129,0.836891,3.38843,-0.53163,5.29485
2.88119,0.868796,3.04999,-0.478156,5.49634
2.89109,0.897288,2.69968,-0.422792,5.67626
2.90099,0.922255,2.33889,-0.365755,5.83392
2.91089,0.943602,1.969,-0.307269,5.96872
2.92079,0.961246,1.59146,-0.247563,6.08014
2.93069,0.975117,1.20775,-0.18687,6.16776
2.94059,0.985162,0.819344,-0.125429,6.23125
2.9505,0.991342,0.427758,-0.0634792,6.27036
2.9604,0.993632,0.0345102,-0.00126334,6.28495
2.9703,0.992025,-0.358873,0.0609752,6.27495
2.9802,0.986526,-0.750866,0.122993,6.24042
2.9901,0.977156,-1.13995,0.184548,6.18148
3,0.963952,-1.5246,0.245399,6.09836
3.0099,0.946966,-1.90335,0.305308,5.99138
3.0198,0.926262,-2.2747,0.36404,5.86094
3.0297,0.901922,-2.63722,0.421366,5.70755
3.0396,0.87404,-2.9895,0.477061,5.5318
3.0495,0.842723,-3.33015,0.530906,5.33435
3.05941,0.808095,-3.65786,0.582691,5.11597
3.06931,0.77029,-3.97134,0.632212,4.8775
3.07921,0.729455,-4.26936,0.679275,4.61985
3.08911,0.685748,-4.55074,0.723694,4.34402
3.09901,0.63934,-4.81439,0.765295,4.05106
3.10891,0.590413,-5.05926,0.803913,3.74212
3.11881,0.539156,-5.28438,0.839395,3.41837
3.12871,0.485771,-5.48886,0.871603,3.08109
3.13861,0.430466,-5.67187,0.900407,2.73157
3.14851,0.373457,-5.83268,0.925692,2.37117
3.15842,0.314967,-5.97066,0.94736,2.0013
3.16832,0.255225,-6.08522,0.965321,1.62339
3.17822,0.194467,-6.1759,0.979505,1.23892
3.18812,0.13293,-6.24232,0.989854,0.849407
3.19802,0.0708566,-6.28419,0.996324,0.456369
3.20792,0.0084906,-6.30133,0.99889,0.0613531
3.21782,-0.0539223,-6.29365,0.997538,-0.334088
3.22772,-0.116136,-6.26116,0.992273,-0.728394
3.23762,-0.177906,-6.20395,0.983114,-1.12001
3.24752,-0.238987,-6.12223,0.970094,-1.50738
3.25743,-0.299138,-6.0163,0.953264,-1.88898
3.26733,-0.358121,-5.88656,0.932688,-2.26328
3.27723,-0.415703,-5.73349,0.908446,-2.62879
3.28713,-0.471655,-5.55769,0.880632,-2.98406
3.29703,-0.525756,-5.35983,0.849354,-3.32767
3.30693,-0.57779,-5.14068,0.814736,-3.65824
3.31683,-0.627551,-4.90109,0.776913,-3.97445
3.32673,-0.674841,-4.642,0.736034,-4.27503
3.33663,-0.719471,-4.36443,0.692259,-4.55876
3.34653,-0.761265,-4.06946,0.645761,-4.82451
3.35644,-0.800054,-3.75828,0.596724,-5.0712
3.36634,-0.835685,-3.4321,0.545341,-5.29784
3.37624,-0.868016,-3.09221,0.491816,-5.50351
3.38614,-0.896917,-2.73998,0.43636,-5.68737
3.39604,-0.922273,-2.37681,0.379194,-5.84869
3.40594,-0.943982,-2.00413,0.320544,-5.9868
3.41584,-0.961958,-1.62343,0.260644,-6.10115
3.42574,-0.976129,-1.23625,0.19973,-6.19127
3.43564,-0.986438,-0.844116,0.138044,-6.25679
3.44554,-0.992844,-0.448608,0.0758327,-6.29745
3.45545,-0.995321,-0.0513053,0.0133423,-6.31307
3.46535,-0.99386,0.346201,-0.0491786,-6.30361
3.47525,-0.988466,0.74232,-0.111482,-6.26908
3.48515,-0.979161,1.13547,-0.173319,-6.20963
3.49505,-0.965982,1.52407,-0.234444,-6.1255
3.50495,-0.948982,1.90657,-0.294616,-6.01704
3.51485,-0.928228,2.28144,-0.353594,-5.88467
3.52475,-0.903805,2.64718,-0.411144,-5.72894
3.53465,-0.875809,3.00235,-0.467038,-5.55047
3.54455,-0.844353,3.34551,-0.521054,-5.34998
3.55446,-0.809562,3.6753,-0.572978,-5.12828
3.56436,-0.771575,3.99041,-0.622605,-4.88627
3.57426,-0.730544,4.28958,-0.669737,-4.62493
3.58416,-0.686633,4.57164,-0.714188,-4.34532
3.59406,-0.640017,4.83548,-0.755783,-4.04855
3.60396,-0.590882,5.08004,-0.794358,-3.73581
3.61386,-0.539423,5.30438,-0.82976,-3.40837
3.62376,-0.485845,5.50761,-0.861851,-3.06754
3.63366,-0.430362,5.68894,-0.890504,-2.71468
3.64356,-0.373193,5.84766,-0.915607,-2.3512
3.65347,-0.314567,5.98317,-0.937063,-1.97855
3.66337,-0.254715,6.09495,-0.954787,-1.59822
3.67327,-0.193875,6.18257,-0.968712,-1.21172
3.68317,-0.132288,6.24571,-0.978782,-0.820581
3.69307,-0.0701977,6.28413,-0.984961,-0.426364
3.70297,-0.00784989,6.29771,-0.987226,-0.0306242
3.71287,0.0545092,6.28641,-0.985569,0.365074
3.72277,0.116633,6.2503,-0.979998,0.759169
3.73267,0.178278,6.18954,-0.970536,1.15011
3.74257,0.239199,6.1044,-0.957224,1.53636
3.75248,0.299157,5.99523,-0.940114,1.9164
3.76238,0.357916,5.86247,-0.919276,2.28874
3.77228,0.415246,5.70668,-0.894793,2.65192
3.78218,0.47092,5.52847,-0.866764,3.00454
3.79208,0.524721,5.32858,-0.835298,3.34521
3.80198,0.576437,5.10778,-0.800522,3.6726
3.81188,0.625865,4.86698,-0.762574,3.98545
3.82178,0.672813,4.60711,-0.721603,4.28253
3.83168,0.717096,4.32922,-0.677772,4.56271
3.84158,0.75854,4.0344,-0.631253,4.82488
3.85149,0.796985,3.72381,-0.58223,5.06804
3.86139,0.832279,3.39867,-0.530896,5.29126
3.87129,0.864286,3.06026,-0.477453,5.49366
3.88119,0.892879,2.70991,-0.422111,5.67448
3.89109,0.917948,2.34899,-0.365087,5.833
3.90099,0.939394,1.97891,-0.306606,5.96863
3.91089,0.957134,1.60111,-0.246896,6.08085
3.92079,0.971099,1.21706,-0.186193,6.16922
3.93069,0.981235,0.828271,-0.124734,6.23339
3.94059,0.987501,0.436257,-0.0627594,6.27313
3.9505,0.989873,0.0425448,-0.000513146,6.28829
3.9604,0.988343,-0.351333,0.0617613,6.27882
3.9703,0.982916,-0.743844,0.12382,6.24474
3.9802,0.973614,-1.13346,0.18542,6.18619
3.9901,0.960471,-1.51866,0.246319,6.1034
4,0.943541,-1.89795,0.306279,5.99669
4.0099,0.922888,-2.26985,0.365065,5.86647
4.0198,0.898593,-2.6329,0.422447,5.71325
4.0297,0.870751,-2.98569,0.478199,5.53761
4.0396,0.83947,-3.32685,0.532102,5.34023
4.0495,0.804873,-3.65503,0.583946,5.12187
4.05941,0.767093,-3.96895,0.633525,4.88339
4.06931,0.726279,-4.26738,0.680646,4.6257
4.07921,0.68259,-4.54915,0.725123,4.3498
4.08911,0.636197,-4.81314,0.76678,4.05676
4.09901,0.58728,-5.05832,0.805454,3.74771
4.10891,0.536031,-5.28372,0.840992,3.42386
4.11881,0.482651,-5.48844,0.873253,3.08647
4.12871,0.427349,-5.67166,0.90211,2.73684
4.13861,0.370341,-5.83267,0.927448,2.37635
4.14851,0.31185,-5.9708,0.949166,2.00639
4.15842,0.252107,-6.0855,0.967177,1.62842
4.16832,0.191345,-6.1763,0.981411,1.24391
4.17822,0.129804,-6.24284,0.991809,0.854371
4.18812,0.0677244,-6.28483,0.998329,0.461328
4.19802,0.00535148,-6.30208,1.00094,0.0663275
4.20792,-0.0570694,-6.29452,0.999641,-0.329077
4.21782,-0.119292,-6.26214,0.994426,-0.723326
4.22772,-0.181072,-6.20507,0.985317,-1.11486
4.23762,-0.242165,-6.12351,0.972349,-1.50214
4.24752,-0.30233,-6.01776,0.955571,-1.88363
4.25743,-0.361329,-5.88822,0.935049,-2.25781
4.26733,-0.418928,-5.73539,0.910861,-2.6232
4.27723,-0.4749,-5.55986,0.883104,-2.97835
4.28713,-0.529024,-5.3623,0.851884,-3.32185
4.29703,-0.581084,-5.14347,0.817324,-3.65232
4.30693,-0.630875,-4.90425,0.77956,-3.96844
4.31683,-0.678198,-4.64556,0.73874,-4.26895
4.32673,-0.722866,-4.36842,0.695026,-4.55264
4.33663,-0.764701,-4.07392,0.648589,-4.81838
4.34653,-0.803537,-3.76323,0.599612,-5.0651
4.35644,-0.83922,-3.43757,0.548289,-5.29181
4.36634,-0.871607,-3.09822,0.494823,-5.49761
4.37624,-0.900571,-2.74654,0.439426,-5.68165
4.38614,-0.925994,-2.38392,0.382315,-5.8432
4.39604,-0.947777,-2.0118,0.323719,-5.98161
4.40594,-0.965831,-1.63165,0.263868,-6.09631
4.41584,-0.980086,-1.245,0.203,-6.18684
4.42574,-0.990485,-0.853384,0.141356,-6.25284
4.43564,-0.996985,-0.45836,0.079181,-6.29404
4.44554,-0.999561,-0.0615056,0.0167215,-6.31026
4.45545,-0.998203,0.335597,-0.0457747,-6.30145
4.46535,-0.992916,0.731362,-0.10806,-6.26762
4.47525,-0.983721,1.12421,-0.169886,-6.20893
4.48515,-0.970654,1.51258,-0.231009,-6.12559
4.49505,-0.953769,1.89491,-0.291185,-6.01795
4.50495,-0.933131,2.26969,-0.350176,-5.88644
4.51485,-0.908825,2.63541,-0.407748,-5.73158
4.52475,-0.880945,2.99063,-0.463673,-5.554
4.53465,-0.849604,3.33393,-0.517728,-5.35441
4.54455,-0.814927,3.66394,-0.569701,-5.1336
4.55446,-0.777052,3.97935,-0.619384,-4.89248
4.56436,-0.736129,4.27891,-0.666582,-4.632
4.57426,-0.692321,4.56144,-0.711107,-4.35321
4.58416,-0.645803,4.82582,-0.752784,-4.05723
4.59406,-0.596761,5.071,-0.791448,-3.74523
4.60396,-0.545388,5.29601,-0.826948,-3.41848
4.61386,-0.491889,5.49998,-0.859142,-3.07827
4.62376,-0.436478,5.68211,-0.887904,-2.72596
4.63366,-0.379373,5.84169,-0.913121,-2.36297
4.64356,-0.320801,5.97809,-0.934696,-1.99073
4.65347,-0.260995,6.09079,-0.952542,-1.61072
4.66337,-0.200192,6.17935,-0.966592,-1.22445
4.67327,-0.138632,6.24345,-0.97679,-0.833464
4.68317,-0.0765593,6.28283,-0.983097,-0.439308
4.69307,-0.0142195,6.29737,-0.985489,-0.0435469
4.70297,0.048141,6.28702,-0.98396,0.352256
4.71287,0.110276,6.25184,-0.978515,0.746538
4.72277,0.17194,6.19199,-0.969177,1.13775
4.73267,0.23289,6.10772,-0.955986,1.52434
4.74257,0.292885,5.99938,-0.938993,1.9048
4.75248,0.351689,5.86741,-0.918267,2.27763
4.76238,0.409071,5.71234,-0.893892,2.64136
4.77228,0.464805,5.53481,-0.865964,2.99458
4.78218,0.518672,5.33551,-0.834594,3.3359
4.79208,0.570459,5.11526,-0.799907,3.66399
4.80198,0.619964,4.87492,-0.76204,3.97757
4.81188,0.666993,4.61545,-0.721143,4.27541
4.82178,0.71136,4.33787,-0.677379,4.55636
4.83168,0.752891,4.0433,-0.630919,4.81932
4.84158,0.791425,3.73288,-0.581947,5.06327
4.85149,0.82681,3.40784,-0.530656,5.28727
4.86139,0.858907,3.06947,-0.477249,5.49045
4.87129,0.887592,2.71909,-0.421935,5.67202
4.88119,0.912751,2.35807,-0.364932,5.83127
4.89109,0.934286,1.98783,-0.306464,5.96761
4.90099,0.952114,1.60983,-0.246761,6.08049
4.91089,0.966164,1.22553,-0.186058,6.16948
4.92079,0.976382,0.836451,-0.124593,6.23425
4.93069,0.982728,0.444105,-0.0626078,6.27454
4.94059,0.985176,0.0500285,-0.000345027,6.2902
4.9505,0.983719,-0.344241,0.0619507,6.28118
4.9604,0.97836,-0.737163,0.124035,6.2475
4.9703,0.969121,-1.1272,0.185664,6.18931
4.9802,0.956039,-1.51284,0.246595,6.10683
4.9901,0.939164,-1.89256,0.306591,6.00038
5,0.918562,-2.26489,0.365415,5.87038
5.0099,0.894314,-2.62837,0.422836,5.71733
5.0198,0.866515,-2.98158,0.478629,5.54183
5.0297,0.835273,-3.32314,0.532575,5.34455
5.0396,0.80071,-3.65171,0.584462,5.12627
5.0495,0.762962,-3.966,0.634085,4.88782
5.05941,0.722175,-4.26477,0.68125,4.63015
5.06931,0.67851,-4.54685,0.725771,4.35425
5.07921,0.632138,-4.81114,0.767473,4.06119
5.08911,0.58324,-5.05659,0.80619,3.75213
5.09901,0.532007,-5.28224,0.841772,3.42826
5.10891,0.478641,-5.48718,0.874076,3.09084
5.11881,0.42335,-5.67062,0.902976,2.74119
5.12871,0.366351,-5.83181,0.928357,2.38068
5.13861,0.307868,-5.97012,0.950118,2.01071
5.14851,0.248131,-6.08499,0.968173,1.63274
5.15842,0.187373,-6.17596,0.982449,1.24824
5.16832,0.125834,-6.24265,0.99289,0.858722
5.17822,0.063756,-6.2848,0.999453,0.465715
5.18812,0.00138257,-6.30222,1.00211,0.0707627
5.19802,-0.0610405,-6.29482,1.00085,-0.324581
5.20792,-0.123267,-6.26263,0.995683,-0.718758
5.21782,-0.185053,-6.20575,0.98662,-1.11021
5.22772,-0.246153,-6.1244,0.973698,-1.49741
5.23762,-0.306328,-6.01887,0.956968,-1.8788
5.24752,-0.365339,-5.88959,0.936494,-2.25289
5.25743,-0.422953,-5.73703,0.912356,-2.61819
5.26733,-0.478944,-5.5618,0.884648,-2.97325
5.27723,-0.533088,-5.36457,0.853479,-3.31667
5.28713,-0.585172,-5.14611,0.818971,-3.64707
5.29703,-0.634991,-4.90727,0.781259,-3.96315
5.30693,-0.682346,-4.64899,0.740492,-4.26364
5.31683,-0.72705,-4.37229,0.69683,-4.54735
5.32673,-0.768926,-4.07825,0.650445,-4.81314
5.33663,-0.807807,-3.76802,0.60152,-5.05995
5.34653,-0.84354,-3.44284,0.550248,-5.28679
5.35644,-0.875982,-3.10399,0.496831,-5.49275
5.36634,-0.905005,-2.75281,0.441481,-5.67701
5.37624,-0.930493,-2.39068,0.384415,-5.83883
5.38614,-0.952345,-2.01905,0.32586,-5.97756
5.39604,-0.970474,-1.63938,0.266047,-6.09263
5.40594,-0.984808,-1.25319,0.205214,-6.1836
5.41584,-0.995289,-0.862006,0.1436,-6.25007
5.42574,-1.00188,-0.46738,0.08145,-6.29179
5.43564,-1.00454,-0.0708913,0.01901,-6.30858
5.44554,-1.00328,0.325883,-0.0434725,-6.30038
5.45545,-0.998091,0.721367,-0.10575,-6.26721
5.46535,-0.988996,1.11399,-0.167576,-6.20921
5.47525,-0.976032,1.50218,-0.228705,-6.12661
5.48515,-0.95925,1.8844,-0.288895,-6.01972
5.49505,-0.938717,2.25914,-0.347907,-5.88899
5.50495,-0.914515,2.62489,-0.405508,-5.73492
5.51485,-0.886739,2.9802,-0.46147,-5.55814
5.52475,-0.855501,3.32367,-0.515571,-5.35935
5.53465,-0.820924,3.65392,-0.567596,-5.13934
5.54455,-0.783147,3.96965,-0.61734,-4.899
5.55446,-0.742318,4.2696,-0.664606,-4.63928
5.56436,-0.6986,4.55258,-0.709207,-4.36121
5.57426,-0.652168,4.81748,-0.750967,-4.06592
5.58416,-0.603205,5.06325,-0.78972,-3.75457
5.59406,-0.551906,5.28891,-0.825315,-3.42841
5.60396,-0.498474,5.49358,-0.85761,-3.08874
5.61386,-0.443122,5.67645,-0.886478,-2.73691
5.62376,-0.38607,5.83681,-0.911807,-2.37433
5.63366,-0.327542,5.97403,-0.933495,-2.00243
5.64356,-0.267772,6.08757,-0.951459,-1.62269
5.65347,-0.206996,6.177,-0.965628,-1.23662
5.66337,-0.145455,6.24198,-0.975947,-0.845761
5.67327,-0.083393,6.28225,-0.982376,-0.451652
5.68317,-0.0210546,6.29767,-0.984891,-0.0558564
5.69307,0.0413131,6.28819,-0.983483,0.340059
5.70297,0.103464,6.25386,-0.978158,0.734529
5.71287,0.165152,6.19483,-0.968938,1.126
5.72277,0.226134,6.11135,-0.955861,1.51292
5.73267,0.286169,6.00376,-0.93898,1.89377
5.74257,0.34502,5.87249,-0.918362,2.26704
5.75248,0.402456,5.71808,-0.894089,2.63128
5.76238,0.45825,5.54114,-0.866257,2.98506
5.77228,0.512182,5.34239,-0.834979,3.32697
5.78218,0.56404,5.12262,-0.800377,3.6557
5.79208,0.61362,4.88269,-0.762589,3.96994
5.80198,0.660727,4.62356,-0.721765,4.26846
5.81188,0.705176,4.34627,-0.678066,4.5501
5.82178,0.746792,4.05192,-0.631664,4.81376
5.83168,0.785412,3.74166,-0.582744,5.05842
5.84158,0.820884,3.41672,-0.531498,5.28311
5.85149,0.85307,3.07838,-0.478128,5.48698
5.86139,0.881842,2.72797,-0.422845,5.66922
5.87129,0.907089,2.36688,-0.365866,5.82913
5.88119,0.928712,1.99652,-0.307417,5.96609
5.89109,0.946625,1.61834,-0.247726,6.07956
5.90099,0.960758,1.23383,-0.18703,6.16912
5.91089,0.971057,0.844498,-0.125565,6.23442
5.92079,0.977481,0.451869,-0.0635757,6.2752
5.93069,0.980005,0.0574812,-0.00130406,6.29131
5.94059,0.978619,-0.337121,0.0610047,6.2827
5.9505,0.973329,-0.730394,0.123106,6.24939
5.9604,0.964156,-1.1208,0.184755,6.19153
5.9703,0.951135,-1.5068,0.24571,6.10933
5.9802,0.934318,-1.8869,0.305732,6.00313
5.9901,0.913771,-2.2596,0.364584,5.87334
6,0.889574,-2.62344,0.422036,5.72047
6.0099,0.861821,-2.97701,0.477861,5.54511
6.0198,0.830623,-3.3189,0.53184,5.34795
6.0297,0.7961,-3.6478,0.58376,5.12976
6.0396,0.758389,-3.9624,0.633419,4.89139
6.0495,0.717637,-4.26147,0.680619,4.63377
6.05941,0.674003,-4.54384,0.725177,4.35791
6.06931,0.62766,-4.80839,0.766915,4.06488
6.07921,0.578787,-5.05409,0.805669,3.75583
6.08911,0.527578,-5.27997,0.841287,3.43197
6.09901,0.474233,-5.48513,0.873629,3.09456
6.10891,0.418962,-5.66877,0.902565,2.74493
6.11881,0.36198,-5.83016,0.927983,2.38443
6.12871,0.303513,-5.96865,0.949782,2.01448
6.13861,0.243789,-6.0837,0.967874,1.63654
6.14851,0.183043,-6.17484,0.982188,1.25207
6.15842,0.121515,-6.24171,0.992667,0.862591
6.16832,0.059445,-6.28403,0.999268,0.469628
6.17822,-0.0029216,-6.30162,1.00197,0.0747278
6.18812,-0.0653396,-6.29441,1.00075,-0.320551
6.19802,-0.127563,-6.26241,0.995618,-0.714654
6.20792,-0.189348,-6.20574,0.986596,-1.10603
6.21782,-0.250449,-6.12461,0.973716,-1.49314
6.22772,-0.310627,-6.01934,0.957028,-1.87445
6.23762,-0.369644,-5.89032,0.936598,-2.24846
6.24752,-0.427267,-5.73805,0.912504,-2.61369
6.25743,-0.483269,-5.56312,0.884841,-2.96869
6.26733,-0.537428,-5.36622,0.853717,-3.31205
6.27723,-0.58953,-5.14811,0.819255,-3.64243
6.28713,-0.639371,-4.90965,0.78159,-3.95849
6.29703,-0.686751,-4.65176,0.740869,-4.259
6.30693,-0.731484,-4.37546,0.697253,-4.54275
6.31683,-0.773394,-4.08184,0.650913,-4.80861
6.32673,-0.812313,-3.77205,0.602033,-5.05552
6.33663,-0.848088,-3.44732,0.550804,-5.28251
6.34653,-0.880576,-3.10891,0.497428,-5.48866
6.35644,-0.90965,-2.75818,0.442117,-5.67314
6.36634,-0.935193,-2.3965,0.385089,-5.83523
6.37624,-0.957105,-2.0253,0.326568,-5.97427
6.38614,-0.975298,-1.64606,0.266786,-6.0897
6.39604,-0.9897,-1.26028,0.20598,-6.18106
6.40594,-1.00025,-0.869486,0.144389,-6.24798
6.41584,-1.00692,-0.475225,0.0822575,-6.29018
6.42574,-1.00966,-0.0790653,0.0198309,-6.30751
6.43564,-1.00848,0.317423,-0.0426437,-6.29988
6.44554,-1.00338,0.712664,-0.104919,-6.26732
6.45545,-0.994371,1.10509,-0.166749,-6.20995
6.46535,-0.981496,1.49314,-0.227889,-6.12801
6.47525,-0.964804,1.87528,-0.288096,-6.02181
6.48515,-0.944362,2.24998,-0.347132,-5.89178
6.49505,-0.92025,2.61576,-0.404765,-5.73843
6.50495,-0.892564,2.97117,-0.460765,-5.56236
6.51485,-0.861415,3.31479,-0.51491,-5.36429
6.52475,-0.826925,3.64527,-0.566988,-5.145
6.53465,-0.789232,3.96129,-0.616792,-4.90535
6.54455,-0.748484,4.2616,-0.664124,-4.6463
6.55446,-0.704844,4.54499,-0.708798,-4.36888
6.56436,-0.658484,4.81036,-0.750637,-4.07421
6.57426,-0.609589,5.05665,-0.789475,-3.76344
6.58416,-0.558353,5.28289,-0.82516,-3.43782
6.59406,-0.504978,5.48819,-0.857551,-3.09864
6.60396,-0.449676,5.67174,-0.88652,-2.74725
6.61386,-0.392666,5.83281,-0.911952,-2.38505
6.62376,-0.334175,5.97077,-0.933749,-2.01346
6.63366,-0.274433,6.08509,-0.951823,-1.63398
6.64356,-0.213678,6.17531,-0.966105,-1.2481
6.65347,-0.15215,6.24109,-0.976538,-0.857351
6.66337,-0.0900924,6.28217,-0.983083,-0.463287
6.67327,-0.0277507,6.2984,-0.985713,-0.067467
6.68317,0.0346284,6.28973,-0.984419,0.328543
6.69307,0.0967983,6.25619,-0.979207,0.723176
6.70297,0.158513,6.19794,-0.970099,1.11487
6.71287,0.21953,6.1152,-0.957131,1.50209
6.72277,0.279606,6.00832,-0.940355,1.88329
6.73267,0.338506,5.87772,-0.919839,2.25697
6.74257,0.395997,5.72393,-0.895663,2.62167
6.75248,0.451852,5.54757,-0.867925,2.97595
6.76238,0.50585,5.34935,-0.836734,3.31841
6.77228,0.557779,5.13004,-0.802214,3.64771
6.78218,0.607435,4.89053,-0.764502,3.96255
6.79208,0.654622,4.63177,-0.723748,4.2617
6.80198,0.699154,4.35478,-0.680113,4.54399
6.81188,0.740855,4.06066,-0.633768,4.80831
6.82178,0.779563,3.75058,-0.584899,5.05362
6.83168,0.815124,3.42576,-0.533697,5.27898
6.84158,0.8474,3.08748,-0.480365,5.4835
6.85149,0.876263,2.73708,-0.425113,5.66638
6.86139,0.9016,2.37593,-0.368159,5.82691
6.87129,0.923311,2.00547,-0.309729,5.96447
6.88119,0.941312,1.62716,-0.250051,6.07853
6.89109,0.955532,1.24246,-0.189362,6.16863
6.90099,0.965916,0.85291,-0.1279,6.23445
6.91089,0.972422,0.460023,-0.0659075,6.27571
6.92079,0.975025,0.0653468,-0.00362857,6.29226
6.93069,0.973716,-0.329564,0.0586917,6.28405
6.94059,0.968499,-0.723158,0.120808,6.2511
6.9505,0.959396,-1.11389,0.182476,6.19356
6.9604,0.946442,-1.50024,0.243453,6.11166
6.9703,0.929688,-1.88068,0.303499,6.00571
6.9802,0.909201,-2.25373,0.362378,5.87614
6.9901,0.88506,-2.61792,0.419858,5.72346
7,0.857361,-2.97182,0.475713,5.54825
7.0099,0.826212,-3.31405,0.529724,5.35122
7.0198,0.791736,-3.64327,0.581678,5.13314
7.0297,0.754068,-3.95818,0.631371,4.89485
7.0396,0.713356,-4.25755,0.678606,4.63729
7.0495,0.66976,-4.5402,0.723198,4.36148
7.05941,0.623451,-4.80502,0.764972,4.06849
7.06931,0.574611,-5.05097,0.803762,3.75946
7.07921,0.523431,-5.27708,0.839416,3.43562
7.08911,0.470114,-5.48247,0.871794,3.09822
7.09901,0.414868,-5.66632,0.900767,2.74859
7.10891,0.357909,-5.82791,0.926221,2.3881
7.11881,0.299463,-5.96659,0.948056,2.01817
7.12871,0.239759,-6.08182,0.966185,1.64024
7.13861,0.179031,-6.17314,0.980536,1.2558
7.14851,0.117519,-6.24018,0.991052,0.86635
7.15842,0.0554631,-6.28268,0.997691,0.473429
7.16832,-0.006891,-6.30045,1.00043,0.078578
7.17822,-0.0692984,-6.29343,0.999246,-0.31665
7.18812,-0.131513,-6.26163,0.994155,-0.710702
7.19802,-0.193291,-6.20516,0.985173,-1.10202
7.20792,-0.254388,-6.12426,0.972333,-1.48908
7.21782,-0.314563,-6.01921,0.955686,-1.87033
7.22772,-0.37358,-5.89044,0.935296,-2.24429
7.23762,-0.431206,-5.73843,0.911244,-2.60947
7.24752,-0.487212,-5.56379,0.883623,-2.96443
7.25743,-0.54138,-5.36718,0.852542,-3.30778
7.26733,-0.593493,-5.14939,0.818122,-3.63814
7.27723,-0.643348,-4.91126,0.780499,-3.95421
7.28713,-0.690746,-4.65372,0.739821,-4.25475
7.29703,-0.7355,-4.37777,0.696246,-4.53856
7.30693,-0.777434,-4.08452,0.649948,-4.80449
7.31683,-0.816382,-3.77511,0.601108,-5.05151
7.32673,-0.852189,-3.45077,0.549918,-5.27864
7.33663,-0.884714,-3.11276,0.49658,-5.48495
7.34653,-0.913827,-2.76242,0.441305,-5.66965
7.35644,-0.939415,-2.40113,0.38431,-5.83198
7.36634,-0.961374,-2.03033,0.32582,-5.9713
7.37624,-0.979619,-1.65146,0.266066,-6.08705
7.38614,-0.994076,-1.26604,0.205284,-6.17877
7.39604,-1.00469,-0.875584,0.143714,-6.24609
7.40594,-1.01141,-0.481639,0.0815988,-6.28874
7.41584,-1.01423,-0.0857638,0.0191843,-6.30654
7.42574,-1.01311,0.310472,-0.0432831,-6.29941
7.43564,-1.00808,0.7055,-0.105557,-6.26739
7.44554,-0.999142,1.09775,-0.16739,-6.21059
7.45545,-0.986341,1.48568,-0.228539,-6.12923
7.46535,-0.969723,1.86773,-0.288761,-6.02364
7.47525,-0.949356,2.2424,-0.347819,-5.89423
7.48515,-0.925319,2.60821,-0.405478,-5.74151
7.49505,-0.897708,2.96369,-0.461512,-5.56609
7.50495,-0.866632,3.30744,-0.515698,-5.36866
7.51485,-0.832214,3.6381,-0.567822,-5.15
7.52475,-0.794591,3.95436,-0.617678,-4.91098
7.53465,-0.75391,4.25495,-0.665069,-4.65255
7.54455,-0.710334,4.5387,-0.709808,-4.37572
7.55446,-0.664035,4.80447,-0.751717,-4.08161
7.56436,-0.615196,5.05122,-0.790632,-3.77138
7.57426,-0.564011,5.27797,-0.826398,-3.44626
7.58416,-0.510682,5.48381,-0.858875,-3.10753
7.59406,-0.455421,5.66795,-0.887934,-2.75655
7.60396,-0.398446,5.82964,-0.91346,-2.3947
7.61386,-0.339983,5.96826,-0.935354,-2.02343
7.62376,-0.280263,6.08326,-0.953528,-1.64419
7.63366,-0.219522,6.17419,-0.967912,-1.2585
7.64356,-0.158001,6.24069,-0.978449,-0.867884
7.65347,-0.0959442,6.2825,-0.985098,-0.473885
7.66337,-0.0335956,6.29947,-0.987833,-0.0780635
7.67327,0.0287977,6.29152,-0.986644,0.318012
7.68317,0.090989,6.25871,-0.981536,0.712768
7.69307,0.152732,6.20115,-0.97253,1.10464
7.70297,0.213784,6.1191,-0.959663,1.49209
7.71287,0.273903,6.01288,-0.942984,1.87359
7.72277,0.332851,5.88292,-0.922562,2.24762
7.73267,0.390396,5.72974,-0.898477,2.61272
7.74257,0.446311,5.55394,-0.870826,2.96743
7.75248,0.500375,5.35623,-0.839717,3.31038
7.76238,0.552375,5.1374,-0.805274,3.6402
7.77228,0.602106,4.89831,-0.767634,3.95559
7.78218,0.649372,4.63992,-0.726946,4.25532
7.79208,0.693986,4.36324,-0.68337,4.53821
7.80198,0.735773,4.06939,-0.63708,4.80315
7.81188,0.774568,3.75951,-0.588259,5.04909
7.82178,0.810219,3.43484,-0.537098,5.27508
7.83168,0.842585,3.09666,-0.483802,5.48023
7.84158,0.871539,2.7463,-0.428579,5.66373
7.85149,0.896967,2.38515,-0.371649,5.82487
7.86139,0.91877,2.01464,-0.313235,5.96302
7.87129,0.936861,1.63622,-0.253569,6.07765
7.88119,0.95117,1.25138,-0.192886,6.1683
7.89109,0.961641,0.861647,-0.131425,6.23463
7.90099,0.968233,0.46855,-0.0694281,6.27638
7.91089,0.970919,0.0736364,-0.00714009,6.2934
7.92079,0.969691,-0.321541,0.0551936,6.28561
7.93069,0.964552,-0.715428,0.117327,6.25306
7.94059,0.955524,-1.10648,0.179017,6.19588
7.9505,0.942642,-1.49315,0.240018,6.11429
7.9604,0.925957,-1.87393,0.300092,6.00863
7.9703,0.905534,-2.24732,0.359001,5.8793
7.9802,0.881455,-2.61185,0.416513,5.72683
7.9901,0.853815,-2.9661,0.472403,5.55181
8,0.822721,-3.30867,0.52645,5.35493
8.0099,0.788296,-3.63822,0.578441,5.13697
8.0198,0.750677,-3.95346,0.628172,4.89878
8.0297,0.71001,-4.25314,0.675447,4.6413
8.0396,0.666456,-4.5361,0.720079,4.36553
8.0495,0.620186,-4.80121,0.761893,4.07257
8.05941,0.571383,-5.04743,0.800724,3.76356
8.06931,0.520237,-5.2738,0.836419,3.43973
8.07921,0.466951,-5.47943,0.868837,3.10233
8.08911,0.411733,-5.66351,0.897851,2.75271
8.09901,0.354802,-5.82532,0.923346,2.39221
8.10891,0.29638,-5.96421,0.945222,2.02227
8.11881,0.236699,-6.07964,0.963391,1.64434
8.12871,0.175991,-6.17115,0.977783,1.25989
8.13861,0.114498,-6.23838,0.988339,0.870444
8.14851,0.0524592,-6.28106,0.995019,0.477525
8.15842,-0.00987981,-6.29902,0.997795,0.0826799
8.16832,-0.0722739,-6.29218,0.996656,-0.31254
8.17822,-0.134477,-6.26056,0.991606,-0.706579
8.18812,-0.196245,-6.20429,0.982664,-1.09789
8.19802,-0.257335,-6.12358,0.969865,-1.48493
8.20792,-0.317504,-6.01875,0.953259,-1.86617
8.21782,-0.376518,-5.89019,0.932911,-2.24011
8.22772,-0.434142,-5.73841,0.9089,-2.60528
8.23762,-0.49015,-5.56401,0.881321,-2.96024
8.24752,-0.54432,-5.36765,0.850281,-3.30358
8.25743,-0.59644,-5.15013,0.815903,-3.63396
8.26733,-0.646303,-4.91227,0.778322,-3.95006
8.27723,-0.693712,-4.65502,0.737684,-4.25063
8.28713,-0.738481,-4.37939,0.69415,-4.53449
8.29703,-0.780433,-4.08646,0.647892,-4.8005
8.30693,-0.819401,-3.77737,0.599091,-5.04763
8.31683,-0.855232,-3.45335,0.547939,-5.27488
8.32673,-0.887784,-3.11568,0.494638,-5.48135
8.33663,-0.916928,-2.76567,0.439397,-5.66623
8.34653,-0.94255,-2.40472,0.382435,-5.82878
8.35644,-0.964546,-2.03424,0.323975,-5.96835
8.36634,-0.982832,-1.65569,0.264249,-6.08438
8.37624,-0.997332,-1.27057,0.203493,-6.17641
8.38614,-1.00799,-0.880408,0.141944,-6.24407
8.39604,-1.01477,-0.486731,0.0798475,-6.28709
8.40594,-1.01763,-0.0911,0.0174473,-6.3053
8.41584,-1.01657,0.304923,-0.04501,-6.2986
8.42574,-1.01159,0.699766,-0.107278,-6.26703
8.43564,-1.00271,1.09186,-0.16911,-6.21071
8.44554,-0.98997,1.47966,-0.230262,-6.12986
8.45545,-0.973413,1.86163,-0.290493,-6.02479
8.46535,-0.953106,2.23626,-0.349565,-5.89592
8.47525,-0.92913,2.60207,-0.407244,-5.74375
8.48515,-0.90158,2.95759,-0.463303,-5.56889
8.49505,-0.870564,3.30144,-0.517519,-5.37202
8.50495,-0.836205,3.63224,-0.569679,-5.15392
8.51485,-0.798638,3.94869,-0.619577,-4.91546
8.52475,-0.758013,4.24952,-0.667015,-4.65757
8.53465,-0.714489,4.53355,-0.711806,-4.38128
8.54455,-0.66824,4.79966,-0.753773,-4.08767
8.55446,-0.619447,5.04679,-0.79275,-3.77793
8.56436,-0.568303,5.27395,-0.828584,-3.45326
8.57426,-0.515012,5.48026,-0.861132,-3.11495
8.58416,-0.459783,5.66489,-0.890266,-2.76436
8.59406,-0.402836,5.82712,-0.915871,-2.40285
8.60396,-0.344395,5.9663,-0.937847,-2.03188
8.61386,-0.284691,6.08189,-0.956107,-1.65289
8.62376,-0.223962,6.17342,-0.970578,-1.26741
8.63366,-0.162446,6.24055,-0.981204,-0.876945
8.64356,-0.100386,6.283,-0.987943,-0.48305
8.65347,-0.0380297,6.30061,-0.99077,-0.0872829
8.66337,0.0243781,6.29332,-0.989672,0.30879
8.67327,0.0865904,6.26115,-0.984655,0.703603
8.68317,0.148361,6.20425,-0.975739,1.09559
8.69307,0.209447,6.12283,-0.96296,1.48321
8.70297,0.269605,6.01722,-0.946369,1.86493
8.71287,0.3286,5.88785,-0.926031,2.23923
8.72277,0.386197,5.73523,-0.902028,2.60464
8.73267,0.442169,5.55997,-0.874455,2.95972
8.74257,0.496295,5.36276,-0.84342,3.30307
8.75248,0.548362,5.1444,-0.809047,3.63333
8.76238,0.598164,4.90574,-0.771473,3.9492
8.77228,0.645506,4.64773,-0.730846,4.24944
8.78218,0.690199,4.37139,-0.687326,4.53287
8.79208,0.732068,4.07782,-0.641086,4.79836
8.80198,0.770948,3.76817,-0.592309,5.04488
8.81188,0.806685,3.44369,-0.541188,5.27144
8.82178,0.83914,3.10566,-0.487924,5.47717
8.83168,0.868184,2.7554,-0.432729,5.66127
8.84158,0.893702,2.3943,-0.37582,5.823
8.85149,0.915595,2.02379,-0.317422,5.96173
8.86139,0.933777,1.64532,-0.257766,6.07693
8.87129,0.948176,1.2604,-0.197087,6.16813
8.88119,0.958736,0.870547,-0.135625,6.235
8.89109,0.965415,0.477287,-0.073622,6.27727
8.90099,0.968187,0.0821748,-0.0113227,6.29477
8.91089,0.967042,-0.313233,0.0510269,6.28745
8.92079,0.961985,-0.707379,0.113181,6.25533
8.93069,0.953035,-1.09871,0.174895,6.19855
8.94059,0.940228,-1.48569,0.235925,6.11733
8.9505,0.923616,-1.86679,0.29603,6.012
8.9604,0.903262,-2.24052,0.354974,5.88298
8.9703,0.879249,-2.6054,0.412525,5.73077
8.9802,0.85167,-2.96,0.468455,5.55598
8.9901,0.820635,-3.30292,0.522544,5.3593
9,0.786266,-3.63282,0.57458,5.14151
9.0099,0.748698,-3.94841,0.624356,4.90346
9.0198,0.70808,-4.24843,0.671678,4.64609
9.0297,0.664571,-4.53172,0.716358,4.37041
9.0396,0.618343,-4.79715,0.758221,4.07752
9.0495,0.569578,-5.04369,0.797101,3.76856
9.05941,0.518468,-5.27037,0.832846,3.44475
9.06931,0.465214,-5.47629,0.865314,3.10737
9.07921,0.410026,-5.66065,0.894378,2.75773
9.08911,0.353122,-5.82272,0.919922,2.39723
9.09901,0.294725,-5.96187,0.941847,2.02726
9.10891,0.235065,-6.07754,0.960066,1.64929
9.11881,0.174378,-6.16928,0.974506,1.26481
9.12871,0.112901,-6.23673,0.985112,0.875319
9.13861,0.0508779,-6.27962,0.991839,0.482357
9.14851,-0.0114479,-6.29778,0.994663,0.0874651
9.15842,-0.0738307,-6.29115,0.993571,-0.307804
9.16832,-0.136025,-6.25972,0.988568,-0.701895
9.17822,-0.197786,-6.20364,0.979672,-1.09325
9.18812,-0.258869,-6.12312,0.966919,-1.48033
9.19802,-0.319035,-6.01847,0.950359,-1.86161
9.20792,-0.378047,-5.8901,0.930055,-2.2356
9.21782,-0.435671,-5.73852,0.906089,-2.60081
9.22772,-0.491681,-5.56432,0.878554,-2.95581
9.23762,-0.545856,-5.36818,0.847558,-3.2992
9.24752,-0.597982,-5.15087,0.813223,-3.62963
9.25743,-0.647853,-4.91324,0.775684,-3.94579
9.26733,-0.695273,-4.65622,0.735088,-4.24644
9.27723,-0.740055,-4.38082,0.691596,-4.53038
9.28713,-0.782022,-4.08813,0.645378,-4.7965
9.29703,-0.821008,-3.7793,0.596616,-5.04373
9.30693,-0.85686,-3.45553,0.545502,-5.27111
9.31683,-0.889434,-3.11811,0.492237,-5.47774
9.32673,-0.918604,-2.76836,0.437031,-5.66278
9.33663,-0.944253,-2.40766,0.380102,-5.82552
9.34653,-0.96628,-2.03743,0.321674,-5.9653
9.35644,-0.984598,-1.65913,0.261978,-6.08157
9.36634,-0.999134,-1.27425,0.201247,-6.17386
9.37624,-1.00983,-0.884308,0.139723,-6.2418
9.38614,-1.01665,-0.490847,0.077647,-6.28513
9.39604,-1.01955,-0.0954186,0.0152647,-6.30366
9.40594,-1.01853,0.300417,-0.047178,-6.29733
9.41584,-1.0136,0.695095,-0.109435,-6.26614
9.42574,-1.00477,1.08706,-0.17126,-6.21022
9.43564,-0.992075,1.47475,-0.232409,-6.12978
9.44554,-0.975567,1.85665,-0.292642,-6.02515
9.45545,-0.95531,2.23123,-0.351719,-5.89673
9.46535,-0.931384,2.59703,-0.409409,-5.74502
9.47525,-0.903883,2.95258,-0.465482,-5.57062
9.48515,-0.872917,3.29649,-0.519718,-5.37423
9.49505,-0.838606,3.6274,-0.571902,-5.1566
9.50495,-0.801087,3.94399,-0.621829,-4.91861
9.51485,-0.760507,4.24501,-0.669301,-4.66119
9.52475,-0.717028,4.52926,-0.71413,-4.38535
9.53465,-0.670819,4.79564,-0.756139,-4.09219
9.54455,-0.622064,5.04307,-0.795163,-3.78286
9.55446,-0.570956,5.27057,-0.831048,-3.45859
9.56436,-0.517697,5.47725,-0.86365,-3.12067
9.57426,-0.462496,5.66228,-0.892843,-2.77043
9.58416,-0.405572,5.82495,-0.91851,-2.40925
9.59406,-0.347151,5.96459,-0.940551,-2.03856
9.60396,-0.287462,6.08067,-0.958878,-1.65983
9.61386,-0.226741,6.17272,-0.973419,-1.27456
9.62376,-0.165229,6.24038,-0.984117,-0.884272
9.63366,-0.103169,6.28338,-0.990929,-0.490507
9.64356,-0.0408061,6.30156,-0.99383,-0.0948242
9.65347,0.0216139,6.29483,-0.992807,0.301211
9.66337,0.083844,6.26324,-0.987866,0.696032
9.67327,0.145638,6.2069,-0.979025,1.08808
9.68317,0.206753,6.12605,-0.96632,1.4758
9.69307,0.266946,6.02099,-0.949801,1.85766
9.70297,0.325981,5.89217,-0.929534,2.23216
9.71287,0.383623,5.74007,-0.9056,2.59781
9.72277,0.439645,5.56531,-0.878093,2.95317
9.73267,0.493827,5.36858,-0.847122,3.29683
9.74257,0.545954,5.15066,-0.812809,3.62745
9.75248,0.59582,4.91242,-0.775291,3.94371
9.76238,0.64323,4.65479,-0.734716,4.24436
9.77228,0.687994,4.3788,-0.691245,4.52823
9.78218,0.729939,4.08554,-0.645048,4.79419
9.79208,0.768896,3.77618,-0.59631,5.04119
9.80198,0.804715,3.45193,-0.545223,5.26827
9.81188,0.837252,3.11408,-0.491988,5.47453
9.82178,0.86638,2.76396,-0.436816,5.65916
9.83168,0.891984,2.40296,-0.379926,5.82142
9.84158,0.913963,2.03251,-0.321541,5.9607
9.85149,0.932231,1.65406,-0.261892,6.07643
9.86139,0.946717,1.26911,-0.201215,6.16817
9.87129,0.957362,0.879185,-0.13975,6.23556
9.88119,0.964127,0.485818,-0.0777391,6.27834
9.89109,0.966983,0.0905606,-0.0154267,6.29634
