0,-0.0272277,-2.74996,5.19993,-0.0144553
0.00990099,-0.0544547,-2.74985,5.19971,-0.0289102
0.019802,-0.0816802,-2.74966,5.19936,-0.0433644
0.029703,-0.108903,-2.74939,5.19886,-0.0578173
0.039604,-0.136124,-2.74905,5.19821,-0.0722687
0.049505,-0.16334,-2.74864,5.19742,-0.0867182
0.0594059,-0.190552,-2.74815,5.19649,-0.101165
0.0693069,-0.217759,-2.74758,5.19542,-0.11561
0.0792079,-0.24496,-2.74693,5.1942,-0.130051
0.0891089,-0.272154,-2.74622,5.19285,-0.144488
0.0990099,-0.29934,-2.74542,5.19134,-0.158922
0.108911,-0.326518,-2.74455,5.1897,-0.173352
0.118812,-0.353688,-2.74361,5.18791,-0.187776
0.128713,-0.380847,-2.74259,5.18598,-0.202196
0.138614,-0.407996,-2.74149,5.18391,-0.21661
0.148515,-0.435134,-2.74032,5.18169,-0.231018
0.158416,-0.46226,-2.73907,5.17933,-0.24542
0.168317,-0.489373,-2.73775,5.17683,-0.259815
0.178218,-0.516473,-2.73635,5.17419,-0.274204
0.188119,-0.543558,-2.73488,5.1714,-0.288584
0.19802,-0.570629,-2.73333,5.16847,-0.302957
0.207921,-0.597684,-2.7317,5.1654,-0.317322
0.217822,-0.624722,-2.73,5.16219,-0.331678
0.227723,-0.651743,-2.72823,5.15883,-0.346025
0.237624,-0.678746,-2.72638,5.15534,-0.360363
0.247525,-0.705731,-2.72445,5.1517,-0.374691
0.257426,-0.732696,-2.72245,5.14792,-0.389009
0.267327,-0.759641,-2.72038,5.144,-0.403316
0.277228,-0.786565,-2.71823,5.13993,-0.417612
0.287129,-0.813467,-2.71601,5.13573,-0.431897
0.29703,-0.840347,-2.71371,5.13138,-0.44617
0.306931,-0.867204,-2.71133,5.12689,-0.460431
0.316832,-0.894037,-2.70889,5.12226,-0.47468
0.326733,-0.920845,-2.70636,5.11749,-0.488915
0.336634,-0.947628,-2.70376,5.11258,-0.503137
0.346535,-0.974385,-2.70109,5.10753,-0.517346
0.356436,-1.00112,-2.69835,5.10234,-0.531541
0.366337,-1.02782,-2.69552,5.097,-0.545721
0.376238,-1.05449,-2.69263,5.09153,-0.559886
0.386139,-1.08114,-2.68966,5.08592,-0.574036
0.39604,-1.10775,-2.68662,5.08016,-0.588171
0.405941,-1.13434,-2.6835,5.07427,-0.602289
0.415842,-1.16089,-2.68031,5.06824,-0.616392
0.425743,-1.18741,-2.67704,5.06206,-0.630477
0.435644,-1.2139,-2.6737,5.05575,-0.644545
0.445545,-1.24036,-2.67029,5.0493,-0.658596
0.455446,-1.26678,-2.66681,5.04271,-0.672629
0.465347,-1.29317,-2.66325,5.03598,-0.686643
0.475248,-1.31952,-2.65961,5.02911,-0.700639
0.485149,-1.34583,-2.65591,5.02211,-0.714616
0.49505,-1.37211,-2.65213,5.01496,-0.728574
0.50495,-1.39835,-2.64827,5.00768,-0.742511
0.514851,-1.42455,-2.64435,5.00026,-0.756429
0.524752,-1.45071,-2.64035,4.9927,-0.770326
0.534653,-1.47683,-2.63628,4.985,-0.784202
0.544554,-1.50292,-2.63213,4.97717,-0.798056
0.554455,-1.52896,-2.62792,4.9692,-0.811889
0.564356,-1.55495,-2.62363,4.96109,-0.8257
0.574257,-1.58091,-2.61927,4.95285,-0.839488
0.584158,-1.60682,-2.61483,4.94447,-0.853254
0.594059,-1.63269,-2.61033,4.93595,-0.866996
0.60396,-1.65851,-2.60575,4.9273,-0.880715
0.613861,-1.68429,-2.6011,4.91851,-0.89441
0.623762,-1.71002,-2.59638,4.90959,-0.908081
0.633663,-1.7357,-2.59159,4.90053,-0.921726
0.643564,-1.76134,-2.58672,4.89134,-0.935347
0.653465,-1.78692,-2.58179,4.88201,-0.948942
0.663366,-1.81246,-2.57678,4.87255,-0.962512
0.673267,-1.83795,-2.5717,4.86295,-0.976055
0.683168,-1.86338,-2.56655,4.85322,-0.989572
0.693069,-1.88877,-2.56133,4.84336,-1.00306
0.70297,-1.9141,-2.55604,4.83336,-1.01652
0.712871,-1.93938,-2.55068,4.82323,-1.02996
0.722772,-1.96461,-2.54525,4.81296,-1.04337
0.732673,-1.98979,-2.53974,4.80257,-1.05674
0.742574,-2.0149,-2.53417,4.79204,-1.07009
0.752475,-2.03997,-2.52853,4.78138,-1.08341
0.762376,-2.06497,-2.52282,4.77058,-1.09671
0.772277,-2.08992,-2.51704,4.75966,-1.10997
0.782178,-2.11482,-2.51118,4.7486,-1.1232
0.792079,-2.13965,-2.50526,4.73742,-1.1364
0.80198,-2.16443,-2.49927,4.7261,-1.14957
0.811881,-2.18914,-2.49321,4.71465,-1.16271
0.821782,-2.2138,-2.48709,4.70308,-1.17581
0.831683,-2.23839,-2.48089,4.69137,-1.18889
0.841584,-2.26292,-2.47463,4.67953,-1.20193
0.851485,-2.28739,-2.46829,4.66757,-1.21494
0.861386,-2.3118,-2.46189,4.65548,-1.22792
0.871287,-2.33614,-2.45542,4.64325,-1.24086
0.881188,-2.36042,-2.44888,4.63091,-1.25377
0.891089,-2.38464,-2.44228,4.61843,-1.26664
0.90099,-2.40878,-2.4356,4.60582,-1.27948
0.910891,-2.43287,-2.42886,4.59309,-1.29229
0.920792,-2.45688,-2.42206,4.58023,-1.30506
0.930693,-2.48083,-2.41518,4.56725,-1.31779
0.940594,-2.50471,-2.40824,4.55414,-1.33049
0.950495,-2.52851,-2.40123,4.5409,-1.34315
0.960396,-2.55225,-2.39416,4.52754,-1.35578
0.970297,-2.57592,-2.38702,4.51406,-1.36837
0.980198,-2.59952,-2.37981,4.50044,-1.38092
0.990099,-2.62305,-2.37254,4.48671,-1.39344
1,-2.6465,-2.3652,4.47285,-1.40591
1.0099,-2.66988,-2.35779,4.45887,-1.41835
1.0198,-2.69319,-2.35033,4.44477,-1.43075
1.0297,-2.71643,-2.34279,4.43054,-1.44311
1.0396,-2.73958,-2.33519,4.41619,-1.45543
1.0495,-2.76267,-2.32753,4.40172,-1.46771
1.05941,-2.78567,-2.3198,4.38713,-1.47995
1.06931,-2.8086,-2.31201,4.37241,-1.49215
1.07921,-2.83146,-2.30415,4.35758,-1.50431
1.08911,-2.85423,-2.29623,4.34262,-1.51643
1.09901,-2.87693,-2.28824,4.32755,-1.52851
1.10891,-2.89954,-2.2802,4.31236,-1.54054
1.11881,-2.92208,-2.27209,4.29704,-1.55254
1.12871,-2.94453,-2.26391,4.28161,-1.56449
1.13861,-2.96691,-2.25567,4.26606,-1.5764
1.14851,-2.9892,-2.24738,4.2504,-1.58826
1.15842,-3.01141,-2.23901,4.23461,-1.60009
1.16832,-3.03354,-2.23059,4.21871,-1.61187
1.17822,-3.05558,-2.2221,4.2027,-1.6236
1.18812,-3.07754,-2.21356,4.18656,-1.63529
1.19802,-3.09941,-2.20495,4.17031,-1.64694
1.20792,-3.1212,-2.19628,4.15395,-1.65854
1.21782,-3.1429,-2.18755,4.13747,-1.67009
1.22772,-3.16452,-2.17875,4.12088,-1.6816
1.23762,-3.18605,-2.1699,4.10417,-1.69307
1.24752,-3.20749,-2.16099,4.08735,-1.70448
1.25743,-3.22884,-2.15202,4.07042,-1.71585
1.26733,-3.2501,-2.14298,4.05337,-1.72718
1.27723,-3.27127,-2.13389,4.03622,-1.73846
1.28713,-3.29236,-2.12474,4.01895,-1.74968
1.29703,-3.31335,-2.11553,4.00157,-1.76087
1.30693,-3.33425,-2.10626,3.98408,-1.772
1.31683,-3.35506,-2.09693,3.96648,-1.78308
1.32673,-3.37577,-2.08754,3.94877,-1.79412
1.33663,-3.39639,-2.0781,3.93095,-1.80511
1.34653,-3.41692,-2.0686,3.91303,-1.81605
1.35644,-3.43736,-2.05904,3.89499,-1.82693
1.36634,-3.4577,-2.04942,3.87685,-1.83777
1.37624,-3.47794,-2.03974,3.8586,-1.84856
1.38614,-3.49809,-2.03001,3.84025,-1.8593
1.39604,-3.51814,-2.02023,3.82178,-1.86998
1.40594,-3.53809,-2.01038,3.80322,-1.88062
1.41584,-3.55795,-2.00048,3.78454,-1.8912
1.42574,-3.5777,-1.99052,3.76577,-1.90174
1.43564,-3.59736,-1.98051,3.74689,-1.91222
1.44554,-3.61692,-1.97045,3.7279,-1.92264
1.45545,-3.63638,-1.96033,3.70881,-1.93302
1.46535,-3.65574,-1.95015,3.68962,-1.94334
1.47525,-3.675,-1.93992,3.67033,-1.95361
1.48515,-3.69416,-1.92963,3.65094,-1.96382
1.49505,-3.71321,-1.91929,3.63144,-1.97399
1.50495,-3.73216,-1.9089,3.61185,-1.98409
1.51485,-3.75101,-1.89846,3.59216,-1.99415
1.52475,-3.76975,-1.88796,3.57236,-2.00415
1.53465,-3.78839,-1.87741,3.55247,-2.01409
1.54455,-3.80693,-1.8668,3.53248,-2.02398
1.55446,-3.82536,-1.85615,3.51239,-2.03381
1.56436,-3.84369,-1.84544,3.4922,-2.04359
1.57426,-3.8619,-1.83468,3.47192,-2.05331
1.58416,-3.88002,-1.82387,3.45155,-2.06297
1.59406,-3.89802,-1.81301,3.43107,-2.07258
1.60396,-3.91592,-1.80209,3.4105,-2.08213
1.61386,-3.93371,-1.79113,3.38984,-2.09163
1.62376,-3.95139,-1.78012,3.36909,-2.10107
1.63366,-3.96896,-1.76905,3.34824,-2.11045
1.64356,-3.98642,-1.75794,3.32729,-2.11977
1.65347,-4.00377,-1.74678,3.30626,-2.12903
1.66337,-4.02101,-1.73557,3.28514,-2.13824
1.67327,-4.03813,-1.72431,3.26392,-2.14738
1.68317,-4.05515,-1.713,3.24261,-2.15647
1.69307,-4.07206,-1.70165,3.22122,-2.1655
1.70297,-4.08885,-1.69024,3.19973,-2.17447
1.71287,-4.10553,-1.67879,3.17816,-2.18338
1.72277,-4.12209,-1.66729,3.1565,-2.19222
1.73267,-4.13854,-1.65575,3.13475,-2.20101
1.74257,-4.15488,-1.64416,3.11291,-2.20974
1.75248,-4.1711,-1.63252,3.09099,-2.21841
1.76238,-4.1872,-1.62084,3.06898,-2.22702
1.77228,-4.20319,-1.60911,3.04689,-2.23556
1.78218,-4.21907,-1.59733,3.02471,-2.24405
1.79208,-4.23482,-1.58551,3.00245,-2.25247
1.80198,-4.25046,-1.57365,2.98011,-2.26083
1.81188,-4.26599,-1.56174,2.95769,-2.26913
1.82178,-4.28139,-1.54979,2.93518,-2.27736
1.83168,-4.29667,-1.53779,2.91259,-2.28554
1.84158,-4.31184,-1.52576,2.88992,-2.29365
1.85149,-4.32689,-1.51367,2.86717,-2.3017
1.86139,-4.34181,-1.50155,2.84434,-2.30968
1.87129,-4.35662,-1.48938,2.82143,-2.3176
1.88119,-4.37131,-1.47717,2.79845,-2.32546
1.89109,-4.38587,-1.46492,2.77539,-2.33325
1.90099,-4.40032,-1.45263,2.75225,-2.34098
1.91089,-4.41464,-1.4403,2.72903,-2.34864
1.92079,-4.42884,-1.42792,2.70574,-2.35624
1.93069,-4.44291,-1.41551,2.68237,-2.36378
1.94059,-4.45687,-1.40306,2.65893,-2.37125
1.9505,-4.4707,-1.39056,2.63542,-2.37865
1.9604,-4.4844,-1.37803,2.61183,-2.38599
1.9703,-4.49798,-1.36546,2.58817,-2.39326
1.9802,-4.51144,-1.35285,2.56444,-2.40047
1.9901,-4.52477,-1.3402,2.54063,-2.40761
2,-4.53798,-1.32751,2.51676,-2.41469
2.0099,-4.55106,-1.31479,2.49282,-2.4217
2.0198,-4.56402,-1.30203,2.46881,-2.42864
2.0297,-4.57684,-1.28923,2.44473,-2.43551
2.0396,-4.58954,-1.27639,2.42058,-2.44232
2.0495,-4.60212,-1.26352,2.39636,-2.44906
2.05941,-4.61456,-1.25061,2.37208,-2.45573
2.06931,-4.62688,-1.23767,2.34774,-2.46234
2.07921,-4.63907,-1.22469,2.32332,-2.46887
2.08911,-4.65113,-1.21168,2.29885,-2.47534
2.09901,-4.66307,-1.19863,2.27431,-2.48174
2.10891,-4.67487,-1.18555,2.2497,-2.48807
2.11881,-4.68654,-1.17244,2.22504,-2.49434
2.12871,-4.69809,-1.15929,2.20031,-2.50053
2.13861,-4.7095,-1.14611,2.17552,-2.50666
2.14851,-4.72078,-1.13289,2.15067,-2.51271
2.15842,-4.73193,-1.11965,2.12577,-2.5187
2.16832,-4.74295,-1.10637,2.1008,-2.52462
2.17822,-4.75384,-1.09306,2.07577,-2.53046
2.18812,-4.7646,-1.07972,2.05069,-2.53624
2.19802,-4.77522,-1.06635,2.02555,-2.54195
2.20792,-4.78571,-1.05294,2.00036,-2.54759
2.21782,-4.79607,-1.03951,1.9751,-2.55315
2.22772,-4.8063,-1.02605,1.9498,-2.55865
2.23762,-4.81639,-1.01256,1.92444,-2.56408
2.24752,-4.82635,-0.999037,1.89902,-2.56943
2.25743,-4.83617,-0.985488,1.87356,-2.57471
2.26733,-4.84586,-0.97191,1.84804,-2.57993
2.27723,-4.85542,-0.958305,1.82247,-2.58507
2.28713,-4.86484,-0.944672,1.79685,-2.59014
2.29703,-4.87413,-0.931011,1.77118,-2.59513
2.30693,-4.88328,-0.917324,1.74546,-2.60006
2.31683,-4.89229,-0.903611,1.71969,-2.60491
2.32673,-4.90117,-0.889871,1.69388,-2.6097
2.33663,-4.90991,-0.876106,1.66802,-2.61441
2.34653,-4.91852,-0.862316,1.64211,-2.61904
2.35644,-4.92699,-0.8485,1.61615,-2.62361
2.36634,-4.93532,-0.83466,1.59016,-2.6281
2.37624,-4.94351,-0.820796,1.56411,-2.63252
2.38614,-4.95157,-0.806909,1.53803,-2.63687
2.39604,-4.95949,-0.792997,1.5119,-2.64114
2.40594,-4.96728,-0.779063,1.48573,-2.64534
2.41584,-4.97492,-0.765106,1.45952,-2.64947
2.42574,-4.98243,-0.751127,1.43326,-2.65352
2.43564,-4.98979,-0.737126,1.40697,-2.6575
2.44554,-4.99702,-0.723104,1.38064,-2.66141
2.45545,-5.00411,-0.709061,1.35427,-2.66524
2.46535,-5.01106,-0.694996,1.32786,-2.669
2.47525,-5.01787,-0.680912,1.30142,-2.67268
2.48515,-5.02455,-0.666808,1.27494,-2.67629
2.49505,-5.03108,-0.652684,1.24842,-2.67983
2.50495,-5.03747,-0.638541,1.22187,-2.68329
2.51485,-5.04372,-0.624379,1.19529,-2.68668
2.52475,-5.04984,-0.610199,1.16867,-2.68999
2.53465,-5.05581,-0.596001,1.14202,-2.69323
2.54455,-5.06164,-0.581785,1.11534,-2.69639
2.55446,-5.06733,-0.567552,1.08863,-2.69948
2.56436,-5.07288,-0.553303,1.06188,-2.70249
2.57426,-5.07828,-0.539036,1.03511,-2.70543
2.58416,-5.08355,-0.524754,1.00831,-2.70829
2.59406,-5.08867,-0.510457,0.981482,-2.71108
2.60396,-5.09366,-0.496144,0.954626,-2.71379
2.61386,-5.0985,-0.481816,0.927743,-2.71643
2.62376,-5.1032,-0.467474,0.900835,-2.71899
2.63366,-5.10776,-0.453118,0.873902,-2.72148
2.64356,-5.11217,-0.438748,0.846945,-2.72389
2.65347,-5.11644,-0.424365,0.819964,-2.72622
2.66337,-5.12057,-0.409969,0.79296,-2.72848
2.67327,-5.12456,-0.395561,0.765934,-2.73066
2.68317,-5.12841,-0.38114,0.738887,-2.73277
2.69307,-5.13211,-0.366708,0.71182,-2.7348
2.70297,-5.13567,-0.352265,0.684733,-2.73676
2.71287,-5.13909,-0.337811,0.657627,-2.73863
2.72277,-5.14236,-0.323347,0.630503,-2.74044
2.73267,-5.14549,-0.308872,0.603361,-2.74216
2.74257,-5.14847,-0.294388,0.576202,-2.74381
2.75248,-5.15132,-0.279895,0.549028,-2.74538
2.76238,-5.15402,-0.265392,0.521838,-2.74688
2.77228,-5.15657,-0.250882,0.494634,-2.7483
2.78218,-5.15899,-0.236363,0.467417,-2.74964
2.79208,-5.16125,-0.221837,0.440186,-2.75091
2.80198,-5.16338,-0.207303,0.412943,-2.7521
2.81188,-5.16536,-0.192763,0.385689,-2.75321
2.82178,-5.16719,-0.178216,0.358424,-2.75425
2.83168,-5.16889,-0.163663,0.331149,-2.75521
2.84158,-5.17044,-0.149105,0.303865,-2.75609
2.85149,-5.17184,-0.134541,0.276573,-2.7569
2.86139,-5.1731,-0.119973,0.249273,-2.75763
2.87129,-5.17422,-0.1054,0.221967,-2.75828
2.88119,-5.17519,-0.0908237,0.194654,-2.75885
2.89109,-5.17601,-0.0762435,0.167336,-2.75935
2.90099,-5.1767,-0.0616601,0.140013,-2.75977
2.91089,-5.17724,-0.0470739,0.112687,-2.76012
2.92079,-5.17763,-0.0324854,0.0853575,-2.76039
2.93069,-5.17788,-0.0178949,0.0580258,-2.76057
2.94059,-5.17798,-0.00330292,0.0306927,-2.76069
2.9505,-5.17794,0.0112902,0.00335876,-2.76072
2.9604,-5.17776,0.025884,-0.0239751,-2.76068
2.9703,-5.17743,0.0404782,-0.0513082,-2.76056
2.9802,-5.17696,0.0550723,-0.0786397,-2.76037
2.9901,-5.17634,0.0696658,-0.105969,-2.76009
3,-5.17558,0.0842585,-0.133295,-2.75974
3.0099,-5.17467,0.0988498,-0.160617,-2.75932
3.0198,-5.17362,0.113439,-0.187935,-2.75881
3.0297,-5.17243,0.128027,-0.215247,-2.75823
3.0396,-5.17109,0.142612,-0.242553,-2.75757
3.0495,-5.1696,0.157194,-0.269853,-2.75684
3.05941,-5.16797,0.171772,-0.297144,-2.75602
3.06931,-5.1662,0.186347,-0.324427,-2.75513
3.07921,-5.16428,0.200918,-0.351701,-2.75416
3.08911,-5.16222,0.215484,-0.378965,-2.75312
3.09901,-5.16002,0.230045,-0.406219,-2.752
3.10891,-5.15767,0.244601,-0.43346,-2.7508
3.11881,-5.15517,0.25915,-0.46069,-2.74952
3.12871,-5.15253,0.273694,-0.487906,-2.74817
3.13861,-5.14975,0.288231,-0.515109,-2.74674
3.14851,-5.14683,0.302761,-0.542297,-2.74523
3.15842,-5.14376,0.317283,-0.56947,-2.74365
3.16832,-5.14054,0.331798,-0.596627,-2.74199
3.17822,-5.13719,0.346304,-0.623767,-2.74025
3.18812,-5.13369,0.360802,-0.650889,-2.73844
3.19802,-5.13004,0.375291,-0.677993,-2.73655
3.20792,-5.12626,0.38977,-0.705078,-2.73458
3.21782,-5.12232,0.404239,-0.732144,-2.73254
3.22772,-5.11825,0.418698,-0.759188,-2.73041
3.23762,-5.11403,0.433146,-0.786211,-2.72822
3.24752,-5.10967,0.447584,-0.813212,-2.72594
3.25743,-5.10517,0.462009,-0.84019,-2.72359
3.26733,-5.10052,0.476423,-0.867145,-2.72116
3.27723,-5.09574,0.490824,-0.894075,-2.71866
3.28713,-5.09081,0.505213,-0.920979,-2.71608
3.29703,-5.08573,0.519588,-0.947858,-2.71342
3.30693,-5.08052,0.53395,-0.974711,-2.71069
3.31683,-5.07516,0.548298,-1.00154,-2.70788
3.32673,-5.06966,0.562632,-1.02833,-2.705
3.33663,-5.06402,0.57695,-1.0551,-2.70204
3.34653,-5.05823,0.591254,-1.08184,-2.699
3.35644,-5.05231,0.605542,-1.10855,-2.69589
3.36634,-5.04624,0.619814,-1.13522,-2.6927
3.37624,-5.04004,0.63407,-1.16187,-2.68943
3.38614,-5.03369,0.648309,-1.18848,-2.68609
3.39604,-5.0272,0.66253,-1.21506,-2.68268
3.40594,-5.02057,0.676735,-1.2416,-2.67919
3.41584,-5.0138,0.690921,-1.26811,-2.67562
3.42574,-5.00689,0.705088,-1.29458,-2.67198
3.43564,-4.99984,0.719237,-1.32102,-2.66826
3.44554,-4.99264,0.733367,-1.34742,-2.66447
3.45545,-4.98531,0.747477,-1.37378,-2.6606
3.46535,-4.97784,0.761567,-1.4001,-2.65666
3.47525,-4.97023,0.775637,-1.42639,-2.65265
3.48515,-4.96248,0.789686,-1.45263,-2.64855
3.49505,-4.9546,0.803714,-1.47884,-2.64439
3.50495,-4.94657,0.81772,-1.505,-2.64015
3.51485,-4.9384,0.831704,-1.53112,-2.63583
3.52475,-4.9301,0.845665,-1.55719,-2.63144
3.53465,-4.92166,0.859604,-1.58322,-2.62698
3.54455,-4.91308,0.87352,-1.60921,-2.62244
3.55446,-4.90436,0.887412,-1.63515,-2.61783
3.56436,-4.8955,0.901281,-1.66105,-2.61315
3.57426,-4.88651,0.915124,-1.6869,-2.60839
3.58416,-4.87738,0.928943,-1.7127,-2.60356
3.59406,-4.86812,0.942737,-1.73845,-2.59865
3.60396,-4.85872,0.956506,-1.76416,-2.59367
3.61386,-4.84918,0.970248,-1.78981,-2.58862
3.62376,-4.8395,0.983964,-1.81542,-2.58349
3.63366,-4.82969,0.997653,-1.84097,-2.57829
3.64356,-4.81975,1.01132,-1.86647,-2.57302
3.65347,-4.80967,1.02495,-1.89192,-2.56768
3.66337,-4.79945,1.03856,-1.91732,-2.56226
3.67327,-4.7891,1.05214,-1.94266,-2.55678
3.68317,-4.77862,1.06569,-1.96795,-2.55121
3.69307,-4.768,1.07921,-1.99318,-2.54558
3.70297,-4.75725,1.0927,-2.01836,-2.53988
3.71287,-4.74636,1.10616,-2.04347,-2.5341
3.72277,-4.73534,1.11959,-2.06854,-2.52825
3.73267,-4.72419,1.13299,-2.09354,-2.52233
3.74257,-4.71291,1.14636,-2.11848,-2.51634
3.75248,-4.70149,1.1597,-2.14337,-2.51028
3.76238,-4.68994,1.17301,-2.16819,-2.50415
3.77228,-4.67826,1.18628,-2.19295,-2.49794
3.78218,-4.66645,1.19952,-2.21766,-2.49167
3.79208,-4.65451,1.21273,-2.24229,-2.48532
3.80198,-4.64244,1.22591,-2.26687,-2.47891
3.81188,-4.63023,1.23905,-2.29138,-2.47242
3.82178,-4.6179,1.25216,-2.31583,-2.46587
3.83168,-4.60544,1.26523,-2.34021,-2.45924
3.84158,-4.59285,1.27827,-2.36453,-2.45255
3.85149,-4.58013,1.29128,-2.38878,-2.44578
3.86139,-4.56728,1.30424,-2.41296,-2.43895
3.87129,-4.5543,1.31718,-2.43707,-2.43205
3.88119,-4.54119,1.33007,-2.46112,-2.42507
3.89109,-4.52796,1.34293,-2.48509,-2.41803
3.90099,-4.5146,1.35576,-2.509,-2.41092
3.91089,-4.50112,1.36854,-2.53283,-2.40375
3.92079,-4.4875,1.38129,-2.5566,-2.3965
3.93069,-4.47376,1.394,-2.58029,-2.38919
3.94059,-4.4599,1.40667,-2.60391,-2.38181
3.9505,-4.44591,1.4193,-2.62745,-2.37436
3.9604,-4.43179,1.43189,-2.65093,-2.36684
3.9703,-4.41755,1.44445,-2.67432,-2.35926
3.9802,-4.40319,1.45696,-2.69764,-2.35161
3.9901,-4.3887,1.46943,-2.72089,-2.3439
4,-4.37409,1.48187,-2.74406,-2.33611
4.0099,-4.35936,1.49426,-2.76715,-2.32826
4.0198,-4.3445,1.50661,-2.79016,-2.32035
4.0297,-4.32953,1.51892,-2.8131,-2.31237
4.0396,-4.31443,1.53118,-2.83595,-2.30432
4.0495,-4.2992,1.54341,-2.85873,-2.29621
4.05941,-4.28386,1.55559,-2.88142,-2.28803
4.06931,-4.2684,1.56773,-2.90403,-2.27979
4.07921,-4.25282,1.57982,-2.92656,-2.27148
4.08911,-4.23712,1.59187,-2.94901,-2.26311
4.09901,-4.2213,1.60388,-2.97138,-2.25467
4.10891,-4.20536,1.61584,-2.99366,-2.24617
4.11881,-4.1893,1.62776,-3.01586,-2.23761
4.12871,-4.17312,1.63963,-3.03797,-2.22898
4.13861,-4.15683,1.65146,-3.06,-2.22029
4.14851,-4.14042,1.66324,-3.08194,-2.21154
4.15842,-4.1239,1.67498,-3.10379,-2.20272
4.16832,-4.10725,1.68666,-3.12555,-2.19384
4.17822,-4.0905,1.6983,-3.14723,-2.1849
4.18812,-4.07362,1.7099,-3.16882,-2.1759
4.19802,-4.05664,1.72144,-3.19032,-2.16683
4.20792,-4.03954,1.73294,-3.21173,-2.1577
4.21782,-4.02232,1.74439,-3.23304,-2.14851
4.22772,-4.00499,1.7558,-3.25427,-2.13926
4.23762,-3.98755,1.76715,-3.27541,-2.12995
4.24752,-3.97,1.77845,-3.29645,-2.12058
4.25743,-3.95234,1.78971,-3.3174,-2.11115
4.26733,-3.93456,1.80091,-3.33825,-2.10166
4.27723,-3.91668,1.81206,-3.35902,-2.09211
4.28713,-3.89868,1.82317,-3.37968,-2.0825
4.29703,-3.88057,1.83422,-3.40025,-2.07283
4.30693,-3.86236,1.84522,-3.42073,-2.0631
4.31683,-3.84403,1.85617,-3.44111,-2.05331
4.32673,-3.8256,1.86707,-3.46139,-2.04346
4.33663,-3.80706,1.87792,-3.48157,-2.03356
4.34653,-3.78842,1.88871,-3.50166,-2.02359
4.35644,-3.76966,1.89945,-3.52164,-2.01357
4.36634,-3.7508,1.91014,-3.54153,-2.00349
4.37624,-3.73184,1.92077,-3.56132,-1.99336
4.38614,-3.71277,1.93135,-3.581,-1.98317
4.39604,-3.69359,1.94188,-3.60059,-1.97292
4.40594,-3.67431,1.95235,-3.62007,-1.96261
4.41584,-3.65493,1.96277,-3.63945,-1.95225
4.42574,-3.63545,1.97313,-3.65873,-1.94184
4.43564,-3.61586,1.98344,-3.6779,-1.93136
4.44554,-3.59617,1.99369,-3.69697,-1.92084
4.45545,-3.57638,2.00389,-3.71594,-1.91026
4.46535,-3.55649,2.01403,-3.7348,-1.89962
4.47525,-3.5365,2.02411,-3.75355,-1.88893
4.48515,-3.51641,2.03414,-3.7722,-1.87819
4.49505,-3.49622,2.04411,-3.79075,-1.86739
4.50495,-3.47593,2.05402,-3.80918,-1.85654
4.51485,-3.45555,2.06388,-3.82751,-1.84563
4.52475,-3.43506,2.07368,-3.84573,-1.83468
4.53465,-3.41448,2.08341,-3.86384,-1.82367
4.54455,-3.39381,2.0931,-3.88184,-1.8126
4.55446,-3.37304,2.10272,-3.89973,-1.80149
4.56436,-3.35217,2.11228,-3.91751,-1.79033
4.57426,-3.33121,2.12179,-3.93518,-1.77911
4.58416,-3.31015,2.13123,-3.95274,-1.76785
4.59406,-3.28901,2.14061,-3.97019,-1.75653
4.60396,-3.26777,2.14994,-3.98753,-1.74516
4.61386,-3.24643,2.1592,-4.00475,-1.73374
4.62376,-3.22501,2.16841,-4.02186,-1.72228
4.63366,-3.20349,2.17755,-4.03885,-1.71076
4.64356,-3.18189,2.18663,-4.05573,-1.6992
4.65347,-3.16019,2.19565,-4.0725,-1.68758
4.66337,-3.13841,2.20461,-4.08915,-1.67592
4.67327,-3.11654,2.21351,-4.10569,-1.66421
4.68317,-3.09458,2.22234,-4.12211,-1.65245
4.69307,-3.07253,2.23111,-4.13841,-1.64065
4.70297,-3.0504,2.23982,-4.15459,-1.6288
4.71287,-3.02818,2.24847,-4.17066,-1.6169
4.72277,-3.00587,2.25705,-4.18661,-1.60496
4.73267,-2.98349,2.26557,-4.20244,-1.59297
4.74257,-2.96101,2.27402,-4.21816,-1.58093
4.75248,-2.93846,2.28242,-4.23375,-1.56885
4.76238,-2.91582,2.29074,-4.24922,-1.55672
4.77228,-2.89309,2.29901,-4.26458,-1.54455
4.78218,-2.87029,2.3072,-4.27981,-1.53234
4.79208,-2.84741,2.31534,-4.29492,-1.52008
4.80198,-2.82444,2.32341,-4.30991,-1.50778
4.81188,-2.8014,2.33141,-4.32478,-1.49543
4.82178,-2.77828,2.33935,-4.33952,-1.48305
4.83168,-2.75508,2.34722,-4.35414,-1.47062
4.84158,-2.7318,2.35502,-4.36864,-1.45814
4.85149,-2.70844,2.36276,-4.38302,-1.44563
4.86139,-2.68501,2.37043,-4.39727,-1.43307
4.87129,-2.6615,2.37804,-4.4114,-1.42048
4.88119,-2.63792,2.38557,-4.4254,-1.40784
4.89109,-2.61426,2.39305,-4.43927,-1.39516
4.90099,-2.59053,2.40045,-4.45302,-1.38244
4.91089,-2.56673,2.40778,-4.46665,-1.36969
4.92079,-2.54285,2.41505,-4.48015,-1.35689
4.93069,-2.51891,2.42225,-4.49352,-1.34405
4.94059,-2.49489,2.42938,-4.50676,-1.33118
4.9505,-2.4708,2.43645,-4.51988,-1.31827
4.9604,-2.44664,2.44344,-4.53287,-1.30532
4.9703,-2.42241,2.45036,-4.54573,-1.29233
4.9802,-2.39812,2.45722,-4.55846,-1.27931
4.9901,-2.37376,2.46401,-4.57106,-1.26624
5,-2.34933,2.47072,-4.58353,-1.25315
5.0099,-2.32483,2.47737,-4.59587,-1.24001
5.0198,-2.30027,2.48395,-4.60809,-1.22684
5.0297,-2.27564,2.49046,-4.62017,-1.21364
5.0396,-2.25095,2.49689,-4.63212,-1.2004
5.0495,-2.2262,2.50326,-4.64394,-1.18713
5.05941,-2.20139,2.50955,-4.65563,-1.17382
5.06931,-2.17651,2.51578,-4.66718,-1.16048
5.07921,-2.15157,2.52193,-4.67861,-1.1471
5.08911,-2.12657,2.52801,-4.6899,-1.1337
5.09901,-2.10151,2.53402,-4.70105,-1.12026
5.10891,-2.07639,2.53996,-4.71208,-1.10678
5.11881,-2.05121,2.54583,-4.72297,-1.09328
5.12871,-2.02598,2.55163,-4.73373,-1.07975
5.13861,-2.00068,2.55735,-4.74435,-1.06618
5.14851,-1.97534,2.563,-4.75484,-1.05258
5.15842,-1.94993,2.56858,-4.7652,-1.03896
5.16832,-1.92447,2.57408,-4.77541,-1.0253
5.17822,-1.89896,2.57952,-4.7855,-1.01161
5.18812,-1.87339,2.58488,-4.79545,-0.997896
5.19802,-1.84777,2.59016,-4.80526,-0.984152
5.20792,-1.8221,2.59538,-4.81493,-0.970379
5.21782,-1.79638,2.60052,-4.82447,-0.956579
5.22772,-1.77061,2.60558,-4.83388,-0.942751
5.23762,-1.74478,2.61058,-4.84314,-0.928896
5.24752,-1.71891,2.6155,-4.85227,-0.915015
5.25743,-1.69299,2.62034,-4.86126,-0.901107
5.26733,-1.66703,2.62511,-4.87011,-0.887173
5.27723,-1.64101,2.62981,-4.87883,-0.873214
5.28713,-1.61495,2.63443,-4.88741,-0.859229
5.29703,-1.58884,2.63898,-4.89584,-0.84522
5.30693,-1.56269,2.64345,-4.90414,-0.831187
5.31683,-1.5365,2.64785,-4.9123,-0.81713
5.32673,-1.51026,2.65217,-4.92032,-0.803049
5.33663,-1.48398,2.65642,-4.9282,-0.788945
5.34653,-1.45766,2.66059,-4.93595,-0.774818
5.35644,-1.43129,2.66469,-4.94355,-0.76067
5.36634,-1.40489,2.66871,-4.95101,-0.746499
5.37624,-1.37845,2.67266,-4.95833,-0.732307
5.38614,-1.35197,2.67653,-4.96551,-0.718093
5.39604,-1.32545,2.68032,-4.97255,-0.70386
5.40594,-1.29889,2.68404,-4.97945,-0.689605
5.41584,-1.2723,2.68768,-4.98621,-0.675331
5.42574,-1.24567,2.69125,-4.99282,-0.661038
5.43564,-1.21901,2.69474,-4.99929,-0.646725
5.44554,-1.19231,2.69815,-5.00563,-0.632394
5.45545,-1.16558,2.70149,-5.01182,-0.618045
5.46535,-1.13881,2.70475,-5.01787,-0.603678
5.47525,-1.11202,2.70794,-5.02377,-0.589294
5.48515,-1.08519,2.71104,-5.02953,-0.574892
5.49505,-1.05833,2.71407,-5.03516,-0.560474
5.50495,-1.03145,2.71703,-5.04063,-0.54604
5.51485,-1.00453,2.7199,-5.04597,-0.53159
5.52475,-0.977588,2.7227,-5.05116,-0.517125
5.53465,-0.950617,2.72542,-5.05621,-0.502645
5.54455,-0.92362,2.72807,-5.06111,-0.488151
5.55446,-0.896596,2.73064,-5.06587,-0.473642
5.56436,-0.869548,2.73313,-5.07049,-0.45912
5.57426,-0.842475,2.73554,-5.07497,-0.444584
5.58416,-0.815378,2.73787,-5.0793,-0.430036
5.59406,-0.788259,2.74013,-5.08348,-0.415475
5.60396,-0.761118,2.74231,-5.08752,-0.400903
5.61386,-0.733956,2.74441,-5.09142,-0.386318
5.62376,-0.706774,2.74644,-5.09517,-0.371723
5.63366,-0.679571,2.74838,-5.09878,-0.357117
5.64356,-0.65235,2.75025,-5.10224,-0.342501
5.65347,-0.625111,2.75204,-5.10556,-0.327874
5.66337,-0.597854,2.75375,-5.10874,-0.313239
5.67327,-0.570581,2.75539,-5.11177,-0.298594
5.68317,-0.543292,2.75694,-5.11465,-0.283941
5.69307,-0.515988,2.75842,-5.11739,-0.269279
5.70297,-0.48867,2.75982,-5.11998,-0.25461
5.71287,-0.461338,2.76114,-5.12243,-0.239933
5.72277,-0.433994,2.76238,-5.12473,-0.225249
5.73267,-0.406638,2.76355,-5.12689,-0.210559
5.74257,-0.37927,2.76463,-5.1289,-0.195863
5.75248,-0.351892,2.76564,-5.13077,-0.181161
5.76238,-0.324505,2.76657,-5.13249,-0.166454
5.77228,-0.297109,2.76742,-5.13407,-0.151742
5.78218,-0.269705,2.76819,-5.1355,-0.137026
5.79208,-0.242293,2.76889,-5.13678,-0.122305
5.80198,-0.214875,2.7695,-5.13792,-0.107581
5.81188,-0.187451,2.77004,-5.13891,-0.0928545
5.82178,-0.160023,2.77049,-5.13976,-0.0781248
5.83168,-0.13259,2.77087,-5.14046,-0.0633928
5.84158,-0.105154,2.77117,-5.14101,-0.0486589
5.85149,-0.0777154,2.7714,-5.14142,-0.0339236
5.86139,-0.050275,2.77154,-5.14168,-0.0191873
5.87129,-0.0228335,2.7716,-5.1418,-0.00445043
5.88119,0.00460826,2.77159,-5.14177,0.0102866
5.89109,0.0320495,2.7715,-5.1416,0.0250234
5.90099,0.0594894,2.77132,-5.14128,0.0397595
5.91089,0.0869272,2.77107,-5.14081,0.0544945
5.92079,0.114362,2.77075,-5.1402,0.069228
5.93069,0.141793,2.77034,-5.13944,0.0839595
5.94059,0.16922,2.76985,-5.13853,0.0986886
5.9505,0.196642,2.76929,-5.13748,0.113415
5.9604,0.224058,2.76864,-5.13629,0.128138
5.9703,0.251467,2.76792,-5.13495,0.142858
5.9802,0.278868,2.76712,-5.13346,0.157573
5.9901,0.306261,2.76624,-5.13183,0.172284
6,0.333645,2.76528,-5.13005,0.18699
6.0099,0.361019,2.76425,-5.12812,0.20169
6.0198,0.388383,2.76313,-5.12605,0.216385
6.0297,0.415735,2.76194,-5.12384,0.231074
6.0396,0.443074,2.76067,-5.12148,0.245756
6.0495,0.470401,2.75932,-5.11897,0.260431
6.05941,0.497714,2.75789,-5.11632,0.275099
6.06931,0.525013,2.75639,-5.11352,0.289758
6.07921,0.552296,2.7548,-5.11058,0.30441
6.08911,0.579564,2.75314,-5.1075,0.319052
6.09901,0.606814,2.7514,-5.10427,0.333686
6.10891,0.634047,2.74958,-5.10089,0.34831
6.11881,0.661261,2.74768,-5.09737,0.362924
6.12871,0.688456,2.74571,-5.0937,0.377528
6.13861,0.715632,2.74366,-5.08989,0.39212
6.14851,0.742786,2.74152,-5.08594,0.406702
6.15842,0.769919,2.73932,-5.08184,0.421272
6.16832,0.79703,2.73703,-5.0776,0.43583
6.17822,0.824118,2.73467,-5.07321,0.450375
6.18812,0.851182,2.73223,-5.06868,0.464908
6.19802,0.878221,2.72971,-5.064,0.479427
6.20792,0.905235,2.72711,-5.05918,0.493932
6.21782,0.932223,2.72444,-5.05422,0.508423
6.22772,0.959185,2.72169,-5.04912,0.5229
6.23762,0.986118,2.71886,-5.04387,0.537361
6.24752,1.01302,2.71595,-5.03848,0.551808
6.25743,1.0399,2.71297,-5.03294,0.566238
6.26733,1.06675,2.70991,-5.02726,0.580652
6.27723,1.09356,2.70678,-5.02144,0.59505
6.28713,1.12035,2.70356,-5.01548,0.60943
6.29703,1.1471,2.70027,-5.00937,0.623793
6.30693,1.17382,2.69691,-5.00313,0.638138
6.31683,1.2005,2.69347,-4.99674,0.652465
6.32673,1.22715,2.68995,-4.99021,0.666773
6.33663,1.25377,2.68635,-4.98353,0.681062
6.34653,1.28035,2.68268,-4.97672,0.695331
6.35644,1.30689,2.67893,-4.96977,0.70958
6.36634,1.3334,2.67511,-4.96267,0.723809
6.37624,1.35986,2.67121,-4.95543,0.738018
6.38614,1.38629,2.66724,-4.94806,0.752205
6.39604,1.41268,2.66319,-4.94054,0.76637
6.40594,1.43903,2.65906,-4.93288,0.780514
6.41584,1.46533,2.65486,-4.92508,0.794635
6.42574,1.4916,2.65058,-4.91714,0.808733
6.43564,1.51782,2.64623,-4.90907,0.822809
6.44554,1.544,2.6418,-4.90085,0.83686
6.45545,1.57013,2.6373,-4.8925,0.850888
6.46535,1.59622,2.63273,-4.884,0.864891
6.47525,1.62227,2.62808,-4.87537,0.878869
6.48515,1.64826,2.62335,-4.8666,0.892822
6.49505,1.67421,2.61855,-4.85769,0.90675
6.50495,1.70012,2.61368,-4.84864,0.920651
6.51485,1.72597,2.60873,-4.83946,0.934526
6.52475,1.75177,2.60371,-4.83014,0.948375
6.53465,1.77753,2.59861,-4.82068,0.962196
6.54455,1.80323,2.59345,-4.81108,0.975989
6.55446,1.82888,2.5882,-4.80135,0.989755
6.56436,1.85448,2.58289,-4.79148,1.00349
6.57426,1.88003,2.5775,-4.78148,1.0172
6.58416,1.90552,2.57204,-4.77134,1.03088
6.59406,1.93096,2.5665,-4.76107,1.04453
6.60396,1.95635,2.5609,-4.75066,1.05815
6.61386,1.98167,2.55522,-4.74011,1.07174
6.62376,2.00694,2.54946,-4.72944,1.0853
6.63366,2.03216,2.54364,-4.71862,1.09882
6.64356,2.05731,2.53774,-4.70768,1.11232
6.65347,2.08241,2.53178,-4.6966,1.12578
6.66337,2.10745,2.52574,-4.68538,1.13922
6.67327,2.13242,2.51963,-4.67404,1.15262
6.68317,2.15734,2.51344,-4.66256,1.16598
6.69307,2.1822,2.50719,-4.65095,1.17931
6.70297,2.20699,2.50087,-4.63921,1.19261
6.71287,2.23172,2.49447,-4.62733,1.20588
6.72277,2.25638,2.48801,-4.61533,1.21911
6.73267,2.28098,2.48147,-4.60319,1.2323
6.74257,2.30552,2.47487,-4.59093,1.24546
6.75248,2.32999,2.46819,-4.57853,1.25859
6.76238,2.3544,2.46145,-4.566,1.27168
6.77228,2.37873,2.45463,-4.55335,1.28473
6.78218,2.403,2.44775,-4.54056,1.29774
6.79208,2.4272,2.44079,-4.52765,1.31072
6.80198,2.45134,2.43377,-4.51461,1.32366
6.81188,2.4754,2.42668,-4.50144,1.33656
6.82178,2.49939,2.41952,-4.48814,1.34943
6.83168,2.52331,2.41229,-4.47472,1.36225
6.84158,2.54716,2.405,-4.46117,1.37504
6.85149,2.57093,2.39763,-4.44749,1.38779
6.86139,2.59463,2.3902,-4.43369,1.40049
6.87129,2.61826,2.3827,-4.41976,1.41316
6.88119,2.64182,2.37513,-4.4057,1.42579
6.89109,2.6653,2.3675,-4.39152,1.43837
6.90099,2.6887,2.3598,-4.37722,1.45092
6.91089,2.71202,2.35203,-4.36279,1.46342
6.92079,2.73527,2.3442,-4.34824,1.47588
6.93069,2.75844,2.3363,-4.33357,1.4883
6.94059,2.78154,2.32834,-4.31877,1.50068
6.9505,2.80455,2.3203,-4.30385,1.51301
6.9604,2.82748,2.31221,-4.28881,1.5253
6.9703,2.85034,2.30405,-4.27365,1.53755
6.9802,2.87311,2.29582,-4.25836,1.54975
6.9901,2.8958,2.28753,-4.24296,1.56191
7,2.91841,2.27917,-4.22743,1.57402
7.0099,2.94093,2.27075,-4.21179,1.58609
7.0198,2.96337,2.26227,-4.19603,1.59811
7.0297,2.98573,2.25372,-4.18014,1.61009
7.0396,3.008,2.24511,-4.16414,1.62202
7.0495,3.03018,2.23644,-4.14803,1.63391
7.05941,3.05228,2.2277,-4.13179,1.64574
7.06931,3.0743,2.2189,-4.11544,1.65753
7.07921,3.09622,2.21004,-4.09897,1.66928
7.08911,3.11806,2.20111,-4.08238,1.68097
7.09901,3.13981,2.19213,-4.06568,1.69262
7.10891,3.16147,2.18308,-4.04886,1.70422
7.11881,3.18304,2.17397,-4.03193,1.71577
7.12871,3.20452,2.1648,-4.01489,1.72727
7.13861,3.22591,2.15557,-3.99773,1.73873
7.14851,3.2472,2.14628,-3.98046,1.75013
7.15842,3.26841,2.13692,-3.96307,1.76148
7.16832,3.28952,2.12751,-3.94558,1.77278
7.17822,3.31054,2.11804,-3.92797,1.78404
7.18812,3.33146,2.10851,-3.91025,1.79524
7.19802,3.35229,2.09892,-3.89242,1.80639
7.20792,3.37302,2.08927,-3.87448,1.81748
7.21782,3.39366,2.07956,-3.85643,1.82853
7.22772,3.4142,2.06979,-3.83827,1.83952
7.23762,3.43465,2.05997,-3.82,1.85047
7.24752,3.45499,2.05008,-3.80163,1.86135
7.25743,3.47524,2.04014,-3.78315,1.87219
7.26733,3.49539,2.03014,-3.76456,1.88297
7.27723,3.51544,2.02009,-3.74586,1.8937
7.28713,3.53539,2.00998,-3.72706,1.90437
7.29703,3.55524,1.99981,-3.70815,1.91499
7.30693,3.57499,1.98959,-3.68914,1.92556
7.31683,3.59464,1.97931,-3.67002,1.93607
7.32673,3.61419,1.96897,-3.6508,1.94652
7.33663,3.63363,1.95858,-3.63147,1.95692
7.34653,3.65297,1.94814,-3.61205,1.96727
7.35644,3.67221,1.93764,-3.59252,1.97755
7.36634,3.69134,1.92708,-3.57289,1.98778
7.37624,3.71037,1.91648,-3.55316,1.99796
7.38614,3.72929,1.90582,-3.53332,2.00807
7.39604,3.74811,1.8951,-3.51339,2.01813
7.40594,3.76682,1.88433,-3.49336,2.02814
7.41584,3.78542,1.87351,-3.47323,2.03808
7.42574,3.80392,1.86264,-3.453,2.04797
7.43564,3.8223,1.85172,-3.43268,2.0578
7.44554,3.84058,1.84074,-3.41225,2.06757
7.45545,3.85876,1.82971,-3.39174,2.07728
7.46535,3.87682,1.81863,-3.37112,2.08693
7.47525,3.89477,1.8075,-3.35041,2.09652
7.48515,3.91261,1.79632,-3.3296,2.10605
7.49505,3.93034,1.78509,-3.30871,2.11553
7.50495,3.94796,1.77381,-3.28771,2.12494
7.51485,3.96546,1.76248,-3.26663,2.13429
7.52475,3.98286,1.7511,-3.24545,2.14358
7.53465,4.00014,1.73967,-3.22418,2.15281
7.54455,4.01731,1.7282,-3.20282,2.16198
7.55446,4.03436,1.71667,-3.18137,2.17108
7.56436,4.0513,1.7051,-3.15983,2.18013
7.57426,4.06812,1.69348,-3.1382,2.18911
7.58416,4.08483,1.68181,-3.11648,2.19803
7.59406,4.10143,1.6701,-3.09467,2.20689
7.60396,4.11791,1.65834,-3.07278,2.21569
7.61386,4.13427,1.64653,-3.0508,2.22442
7.62376,4.15051,1.63468,-3.02873,2.23309
7.63366,4.16664,1.62278,-3.00658,2.2417
7.64356,4.18264,1.61084,-2.98434,2.25024
7.65347,4.19853,1.59885,-2.96202,2.25871
7.66337,4.2143,1.58682,-2.93961,2.26713
7.67327,4.22996,1.57474,-2.91713,2.27548
7.68317,4.24549,1.56262,-2.89456,2.28376
7.69307,4.2609,1.55046,-2.8719,2.29198
7.70297,4.27619,1.53825,-2.84917,2.30014
7.71287,4.29136,1.526,-2.82636,2.30823
7.72277,4.30641,1.51371,-2.80346,2.31625
7.73267,4.32133,1.50138,-2.78049,2.32421
7.74257,4.33614,1.489,-2.75744,2.3321
7.75248,4.35082,1.47659,-2.73431,2.33993
7.76238,4.36538,1.46413,-2.7111,2.34768
7.77228,4.37981,1.45163,-2.68782,2.35538
7.78218,4.39412,1.4391,-2.66446,2.363
7.79208,4.40831,1.42652,-2.64103,2.37056
7.80198,4.42237,1.4139,-2.61752,2.37805
7.81188,4.43631,1.40125,-2.59394,2.38548
7.82178,4.45012,1.38855,-2.57028,2.39283
7.83168,4.4638,1.37582,-2.54656,2.40012
7.84158,4.47736,1.36305,-2.52276,2.40734
7.85149,4.49079,1.35024,-2.49888,2.41449
7.86139,4.5041,1.33739,-2.47494,2.42158
7.87129,4.51728,1.32451,-2.45093,2.42859
7.88119,4.53033,1.31159,-2.42685,2.43554
7.89109,4.54325,1.29863,-2.4027,2.44241
7.90099,4.55604,1.28564,-2.37849,2.44922
7.91089,4.56871,1.27261,-2.35421,2.45596
7.92079,4.58124,1.25955,-2.32986,2.46263
7.93069,4.59365,1.24646,-2.30544,2.46923
7.94059,4.60593,1.23332,-2.28096,2.47576
7.9505,4.61807,1.22016,-2.25642,2.48221
7.9604,4.63009,1.20696,-2.23181,2.4886
7.9703,4.64197,1.19373,-2.20714,2.49492
7.9802,4.65373,1.18047,-2.1824,2.50117
7.9901,4.66535,1.16717,-2.15761,2.50734
8,4.67684,1.15384,-2.13275,2.51345
8.0099,4.6882,1.14048,-2.10784,2.51948
8.0198,4.69942,1.12709,-2.08286,2.52545
8.0297,4.71051,1.11367,-2.05783,2.53134
8.0396,4.72147,1.10021,-2.03274,2.53716
8.0495,4.7323,1.08673,-2.00759,2.54291
8.05941,4.74299,1.07322,-1.98238,2.54858
8.06931,4.75355,1.05968,-1.95712,2.55419
8.07921,4.76398,1.04611,-1.9318,2.55972
8.08911,4.77427,1.03251,-1.90643,2.56518
8.09901,4.78442,1.01888,-1.88101,2.57057
8.10891,4.79444,1.00522,-1.85553,2.57588
8.11881,4.80433,0.991541,-1.83,2.58112
8.12871,4.81408,0.977831,-1.80442,2.58629
8.13861,4.82369,0.964095,-1.77879,2.59139
8.14851,4.83317,0.950333,-1.7531,2.59641
8.15842,4.84251,0.936545,-1.72737,2.60136
8.16832,4.85171,0.922731,-1.70159,2.60623
8.17822,4.86078,0.908892,-1.67576,2.61104
8.18812,4.86971,0.895029,-1.64989,2.61576
8.19802,4.8785,0.881142,-1.62397,2.62042
8.20792,4.88716,0.867231,-1.598,2.625
8.21782,4.89568,0.853296,-1.57199,2.6295
8.22772,4.90406,0.839338,-1.54593,2.63394
8.23762,4.9123,0.825358,-1.51983,2.63829
8.24752,4.9204,0.811356,-1.49369,2.64258
8.25743,4.92836,0.797331,-1.4675,2.64679
8.26733,4.93619,0.783285,-1.44127,2.65092
8.27723,4.94388,0.769218,-1.41501,2.65498
8.28713,4.95142,0.755131,-1.3887,2.65896
8.29703,4.95883,0.741023,-1.36235,2.66287
8.30693,4.9661,0.726896,-1.33597,2.66671
8.31683,4.97322,0.712749,-1.30955,2.67047
8.32673,4.98021,0.698583,-1.28309,2.67415
8.33663,4.98706,0.684398,-1.2566,2.67776
8.34653,4.99376,0.670195,-1.23007,2.68129
8.35644,5.00033,0.655975,-1.2035,2.68475
8.36634,5.00675,0.641736,-1.1769,2.68813
8.37624,5.01303,0.627481,-1.15027,2.69144
8.38614,5.01918,0.61321,-1.12361,2.69467
8.39604,5.02518,0.598922,-1.09691,2.69782
8.40594,5.03104,0.584618,-1.07018,2.7009
8.41584,5.03675,0.570299,-1.04343,2.70391
8.42574,5.04233,0.555965,-1.01664,2.70683
8.43564,5.04776,0.541616,-0.989826,2.70968
8.44554,5.05305,0.527253,-0.962984,2.71246
8.45545,5.0582,0.512877,-0.936114,2.71516
8.46535,5.06321,0.498487,-0.909218,2.71778
8.47525,5.06808,0.484084,-0.882297,2.72032
8.48515,5.0728,0.469668,-0.855351,2.72279
8.49505,5.07738,0.455241,-0.82838,2.72518
8.50495,5.08181,0.440801,-0.801387,2.7275
8.51485,5.0861,0.426351,-0.77437,2.72974
8.52475,5.09025,0.411889,-0.747332,2.7319
8.53465,5.09426,0.397417,-0.720273,2.73399
8.54455,5.09812,0.382935,-0.693194,2.73599
8.55446,5.10184,0.368443,-0.666095,2.73793
8.56436,5.10542,0.353942,-0.638978,2.73978
8.57426,5.10885,0.339432,-0.611842,2.74156
8.58416,5.11214,0.324913,-0.584689,2.74326
8.59406,5.11529,0.310387,-0.55752,2.74488
8.60396,5.11829,0.295853,-0.530335,2.74643
8.61386,5.12114,0.281311,-0.503136,2.7479
8.62376,5.12386,0.266763,-0.475921,2.74929
8.63366,5.12643,0.252208,-0.448694,2.75061
8.64356,5.12885,0.237648,-0.421454,2.75185
8.65347,5.13113,0.223082,-0.394202,2.75301
8.66337,5.13327,0.20851,-0.366939,2.75409
8.67327,5.13526,0.193934,-0.339666,2.7551
8.68317,5.13711,0.179354,-0.312383,2.75603
8.69307,5.13881,0.164769,-0.285091,2.75688
8.70297,5.14037,0.150181,-0.257791,2.75766
8.71287,5.14179,0.13559,-0.230484,2.75836
8.72277,5.14306,0.120996,-0.20317,2.75898
8.73267,5.14418,0.1064,-0.17585,2.75952
8.74257,5.14516,0.091802,-0.148526,2.75999
8.75248,5.146,0.0772024,-0.121197,2.76037
8.76238,5.14669,0.0626018,-0.0938651,2.76069
8.77228,5.14724,0.0480005,-0.0665302,2.76092
8.78218,5.14764,0.033399,-0.0391934,2.76108
8.79208,5.1479,0.0187976,-0.0118555,2.76116
8.80198,5.14802,0.00419679,0.0154829,2.76116
8.81188,5.14799,-0.0104031,0.0428209,2.76108
8.82178,5.14781,-0.0250016,0.0701578,2.76093
8.83168,5.14749,-0.0395982,0.0974929,2.7607
8.84158,5.14703,-0.0541927,0.124825,2.7604
8.85149,5.14642,-0.0687846,0.152154,2.76001
8.86139,5.14566,-0.0833735,0.179479,2.75955
8.87129,5.14477,-0.097959,0.206799,2.75901
8.88119,5.14372,-0.112541,0.234113,2.7584
8.89109,5.14254,-0.127118,0.26142,2.75771
8.90099,5.14121,-0.141691,0.288721,2.75694
8.91089,5.13973,-0.156258,0.316013,2.75609
8.92079,5.13811,-0.170821,0.343297,2.75517
8.93069,5.13635,-0.185377,0.370571,2.75417
8.94059,5.13444,-0.199927,0.397835,2.75309
8.9505,5.13239,-0.214471,0.425088,2.75194
8.9604,5.13019,-0.229007,0.452329,2.75071
8.9703,5.12786,-0.243536,0.479557,2.7494
8.9802,5.12537,-0.258057,0.506772,2.74801
8.9901,5.12275,-0.27257,0.533973,2.74655
9,5.11997,-0.287074,0.561159,2.74502
9.0099,5.11706,-0.301568,0.58833,2.7434
9.0198,5.114,-0.316054,0.615484,2.74171
9.0297,5.1108,-0.330529,0.642621,2.73994
9.0396,5.10746,-0.344994,0.669741,2.7381
9.0495,5.10397,-0.359449,0.696841,2.73618
9.05941,5.10034,-0.373892,0.723922,2.73418
9.06931,5.09657,-0.388324,0.750983,2.73211
9.07921,5.09265,-0.402744,0.778024,2.72996
9.08911,5.08859,-0.417151,0.805042,2.72774
9.09901,5.08439,-0.431546,0.832038,2.72544
9.10891,5.08005,-0.445928,0.859011,2.72306
9.11881,5.07556,-0.460296,0.88596,2.72061
9.12871,5.07093,-0.47465,0.912885,2.71808
9.13861,5.06616,-0.48899,0.939784,2.71548
9.14851,5.06125,-0.503315,0.966657,2.7128
9.15842,5.05619,-0.517625,0.993503,2.71005
9.16832,5.051,-0.53192,1.02032,2.70722
9.17822,5.04566,-0.546199,1.04711,2.70431
9.18812,5.04018,-0.560461,1.07387,2.70133
9.19802,5.03456,-0.574707,1.1006,2.69828
9.20792,5.0288,-0.588935,1.1273,2.69514
9.21782,5.0229,-0.603146,1.15397,2.69194
9.22772,5.01686,-0.617339,1.18061,2.68866
9.23762,5.01068,-0.631514,1.20721,2.6853
9.24752,5.00435,-0.645671,1.23378,2.68187
9.25743,4.99789,-0.659808,1.26032,2.67837
9.26733,4.99129,-0.673926,1.28682,2.67479
9.27723,4.98455,-0.688024,1.31329,2.67114
9.28713,4.97766,-0.702101,1.33971,2.66741
9.29703,4.97064,-0.716159,1.36611,2.66361
9.30693,4.96348,-0.730195,1.39246,2.65974
9.31683,4.95618,-0.744209,1.41877,2.65579
9.32673,4.94875,-0.758202,1.44505,2.65176
9.33663,4.94117,-0.772173,1.47128,2.64767
9.34653,4.93346,-0.786121,1.49748,2.6435
9.35644,4.9256,-0.800047,1.52363,2.63925
9.36634,4.91761,-0.813949,1.54974,2.63494
9.37624,4.90949,-0.827827,1.57581,2.63055
9.38614,4.90122,-0.841681,1.60183,2.62609
9.39604,4.89282,-0.855511,1.62781,2.62155
9.40594,4.88428,-0.869316,1.65374,2.61694
9.41584,4.8756,-0.883096,1.67963,2.61226
9.42574,4.86679,-0.89685,1.70547,2.60751
9.43564,4.85784,-0.910578,1.73126,2.60269
9.44554,4.84876,-0.92428,1.75701,2.59779
9.45545,4.83954,-0.937955,1.7827,2.59282
9.46535,4.83019,-0.951603,1.80835,2.58778
9.47525,4.8207,-0.965223,1.83395,2.58267
9.48515,4.81107,-0.978816,1.85949,2.57748
9.49505,4.80132,-0.99238,1.88499,2.57223
9.50495,4.79142,-1.00592,1.91043,2.5669
9.51485,4.7814,-1.01942,1.93582,2.5615
9.52475,4.77124,-1.0329,1.96115,2.55604
9.53465,4.76094,-1.04635,1.98643,2.5505
9.54455,4.75052,-1.05977,2.01166,2.54489
9.55446,4.73996,-1.07315,2.03682,2.53921
9.56436,4.72927,-1.08651,2.06194,2.53346
9.57426,4.71844,-1.09983,2.08699,2.52764
9.58416,4.70749,-1.11313,2.11199,2.52175
9.59406,4.6964,-1.12639,2.13693,2.51579
9.60396,4.68518,-1.13962,2.16181,2.50976
9.61386,4.67383,-1.15282,2.18663,2.50366
9.62376,4.66235,-1.16598,2.21138,2.49749
9.63366,4.65075,-1.17911,2.23608,2.49125
9.64356,4.63901,-1.19221,2.26072,2.48495
9.65347,4.62714,-1.20527,2.28529,2.47857
9.66337,4.61514,-1.2183,2.3098,2.47213
9.67327,4.60301,-1.23129,2.33424,2.46562
9.68317,4.59076,-1.24425,2.35862,2.45904
9.69307,4.57837,-1.25718,2.38294,2.4524
9.70297,4.56586,-1.27006,2.40718,2.44568
9.71287,4.55322,-1.28291,2.43136,2.4389
9.72277,4.54046,-1.29573,2.45548,2.43205
9.73267,4.52757,-1.30851,2.47952,2.42513
9.74257,4.51455,-1.32125,2.5035,2.41815
9.75248,4.5014,-1.33395,2.52741,2.4111
9.76238,4.48813,-1.34661,2.55125,2.40398
9.77228,4.47474,-1.35924,2.57501,2.3968
9.78218,4.46122,-1.37183,2.59871,2.38955
9.79208,4.44757,-1.38438,2.62233,2.38224
9.80198,4.4338,-1.39689,2.64588,2.37486
9.81188,4.41991,-1.40936,2.66936,2.36741
9.82178,4.4059,-1.42179,2.69276,2.3599
9.83168,4.39176,-1.43418,2.71609,2.35233
9.84158,4.3775,-1.44653,2.73934,2.34469
9.85149,4.36311,-1.45883,2.76252,2.33698
9.86139,4.34861,-1.4711,2.78562,2.32921
9.87129,4.33398,-1.48333,2.80864,2.32138
9.88119,4.31924,-1.49551,2.83158,2.31348
9.89109,4.30437,-1.50765,2.85445,2.30552
