0,1.51916,-0.169133,0.0500991,5.05722
0.00990099,1.51665,-0.338084,0.100143,5.04887
0.019802,1.51247,-0.506674,0.150077,5.03496
0.029703,1.50662,-0.674724,0.199845,5.01549
0.039604,1.49911,-0.842058,0.249393,4.9905
0.049505,1.48994,-1.0085,0.298667,4.95999
0.0594059,1.47914,-1.17387,0.347611,4.92401
0.0693069,1.4667,-1.33799,0.396172,4.88259
0.0792079,1.45264,-1.50069,0.444296,4.83576
0.0891089,1.43698,-1.6618,0.49193,4.78358
0.0990099,1.41973,-1.82115,0.53902,4.72609
0.108911,1.40092,-1.97855,0.585515,4.66335
0.118812,1.38055,-2.13385,0.631364,4.59543
0.128713,1.35866,-2.28687,0.676514,4.52238
0.138614,1.33527,-2.43746,0.720915,4.44429
0.148515,1.3104,-2.58544,0.764519,4.36122
0.158416,1.28407,-2.73066,0.807276,4.27327
0.168317,1.25632,-2.87295,0.849138,4.18051
0.178218,1.22718,-3.01216,0.890058,4.08305
0.188119,1.19668,-3.14814,0.92999,3.98097
0.19802,1.16484,-3.28073,0.968889,3.87438
0.207921,1.13171,-3.40978,1.00671,3.76339
0.217822,1.09732,-3.53515,1.04341,3.64811
0.227723,1.06171,-3.6567,1.07895,3.52865
0.237624,1.02491,-3.77428,1.11328,3.40514
0.247525,0.986968,-3.88777,1.14638,3.27771
0.257426,0.947924,-3.99703,1.17819,3.14648
0.267327,0.907819,-4.10192,1.20868,3.0116
0.277228,0.866697,-4.20234,1.23782,2.87319
0.287129,0.824603,-4.29815,1.26558,2.73141
0.29703,0.781584,-4.38925,1.29191,2.5864
0.306931,0.737687,-4.47552,1.31679,2.43831
0.316832,0.69296,-4.55685,1.34019,2.28731
0.326733,0.647452,-4.63314,1.36208,2.13354
0.336634,0.601214,-4.7043,1.38244,1.97718
0.346535,0.554297,-4.77024,1.40124,1.8184
0.356436,0.506753,-4.83086,1.41845,1.65736
0.366337,0.458636,-4.88609,1.43405,1.49423
0.376238,0.409999,-4.93585,1.44803,1.3292
0.386139,0.360896,-4.98006,1.46037,1.16245
0.39604,0.311383,-5.01868,1.47105,0.994156
0.405941,0.261516,-5.05163,1.48006,0.824508
0.415842,0.211351,-5.07886,1.48738,0.653695
0.425743,0.160944,-5.10034,1.493,0.481906
0.435644,0.110354,-5.11601,1.49692,0.309337
0.445545,0.0596372,-5.12585,1.49913,0.136181
0.455446,0.00885205,-5.12982,1.49962,-0.0373647
0.465347,-0.0419434,-5.12791,1.49838,-0.211102
0.475248,-0.0926907,-5.12011,1.49543,-0.38483
0.485149,-0.143332,-5.1064,1.49076,-0.558349
0.49505,-0.193807,-5.08679,1.48438,-0.731458
0.50495,-0.24406,-5.06128,1.47628,-0.903954
0.514851,-0.294031,-5.02989,1.46647,-1.07563
0.524752,-0.343661,-4.99264,1.45498,-1.2463
0.534653,-0.392894,-4.94955,1.44179,-1.41574
0.544554,-0.441672,-4.90066,1.42694,-1.58376
0.554455,-0.489937,-4.84602,1.41043,-1.75016
0.564356,-0.537633,-4.78568,1.39228,-1.91473
0.574257,-0.584702,-4.71968,1.37252,-2.07728
0.584158,-0.631091,-4.6481,1.35115,-2.2376
0.594059,-0.676744,-4.571,1.32821,-2.39551
0.60396,-0.721606,-4.48847,1.30371,-2.55081
0.613861,-0.765624,-4.40059,1.27769,-2.70331
0.623762,-0.808746,-4.30746,1.25018,-2.85282
0.633663,-0.850919,-4.20916,1.2212,-2.99914
0.643564,-0.892095,-4.10581,1.19079,-3.14211
0.653465,-0.932222,-3.99753,1.15898,-3.28154
0.663366,-0.971253,-3.88443,1.12581,-3.41725
0.673267,-1.00914,-3.76663,1.09131,-3.54907
0.683168,-1.04584,-3.64428,1.05553,-3.67684
0.693069,-1.0813,-3.51751,1.0185,-3.80039
0.70297,-1.11549,-3.38647,0.980274,-3.91956
0.712871,-1.14836,-3.25131,0.940887,-4.03421
0.722772,-1.17987,-3.11219,0.900388,-4.14417
0.732673,-1.20999,-2.96927,0.858824,-4.24932
0.742574,-1.23867,-2.82271,0.816242,-4.34952
0.752475,-1.26588,-2.6727,0.772694,-4.44462
0.762376,-1.2916,-2.51942,0.72823,-4.53452
0.772277,-1.31577,-2.36304,0.682901,-4.61909
0.782178,-1.33839,-2.20375,0.636762,-4.69822
0.792079,-1.35941,-2.04175,0.589867,-4.77181
0.80198,-1.37882,-1.87724,0.542271,-4.83977
0.811881,-1.39658,-1.71041,0.49403,-4.90199
0.821782,-1.41269,-1.54147,0.445202,-4.9584
0.831683,-1.42711,-1.37062,0.395844,-5.00893
0.841584,-1.43983,-1.19808,0.346015,-5.05351
0.851485,-1.45083,-1.02405,0.295774,-5.09207
0.861386,-1.46011,-0.848757,0.245182,-5.12457
0.871287,-1.46764,-0.67241,0.194298,-5.15096
0.881188,-1.47342,-0.495228,0.143182,-5.17122
0.891089,-1.47745,-0.317431,0.0918972,-5.1853
0.90099,-1.47971,-0.139238,0.0405031,-5.1932
0.910891,-1.4802,0.0391289,-0.0109384,-5.1949
0.920792,-1.47893,0.217449,-0.0623661,-5.1904
0.930693,-1.4759,0.395503,-0.113719,-5.1797
0.940594,-1.4711,0.573068,-0.164934,-5.16282
0.950495,-1.46455,0.749926,-0.215953,-5.13979
0.960396,-1.45625,0.925858,-0.266713,-5.11063
0.970297,-1.44621,1.10065,-0.317153,-5.07537
0.980198,-1.43446,1.27408,-0.367215,-5.03408
0.990099,-1.42099,1.44593,-0.416838,-4.98679
1,-1.40582,1.61601,-0.465963,-4.93358
1.0099,-1.38899,1.78409,-0.514533,-4.87451
1.0198,-1.3705,1.94997,-0.562489,-4.80967
1.0297,-1.35037,2.11345,-0.609774,-4.73913
1.0396,-1.32865,2.27434,-0.656333,-4.66299
1.0495,-1.30534,2.43243,-0.70211,-4.58134
1.05941,-1.28048,2.58754,-0.747053,-4.49431
1.06931,-1.2541,2.73947,-0.791107,-4.40199
1.07921,-1.22623,2.88806,-0.834221,-4.30451
1.08911,-1.19691,3.03311,-0.876345,-4.20199
1.09901,-1.16617,3.17446,-0.917429,-4.09457
1.10891,-1.13405,3.31195,-0.957426,-3.98239
1.11881,-1.10059,3.4454,-0.996289,-3.86558
1.12871,-1.06583,3.57467,-1.03397,-3.74431
1.13861,-1.0298,3.6996,-1.07043,-3.61872
1.14851,-0.992567,3.82006,-1.10563,-3.48897
1.15842,-0.954159,3.9359,-1.13952,-3.35523
1.16832,-0.914628,4.04699,-1.17207,-3.21766
1.17822,-0.874021,4.15321,-1.20324,-3.07645
1.18812,-0.832387,4.25445,-1.23299,-2.93177
1.19802,-0.789776,4.35058,-1.2613,-2.78379
1.20792,-0.746238,4.44151,-1.28812,-2.6327
1.21782,-0.701825,4.52714,-1.31343,-2.47869
1.22772,-0.656592,4.60737,-1.3372,-2.32195
1.23762,-0.610591,4.68213,-1.35941,-2.16267
1.24752,-0.563877,4.75134,-1.38003,-2.00105
1.25743,-0.516505,4.81493,-1.39903,-1.83727
1.26733,-0.468532,4.87283,-1.41641,-1.67155
1.27723,-0.420014,4.925,-1.43214,-1.50408
1.28713,-0.371007,4.97138,-1.4462,-1.33506
1.29703,-0.321571,5.01193,-1.45857,-1.16469
1.30693,-0.271762,5.04663,-1.46926,-0.993181
1.31683,-0.221638,5.07544,-1.47824,-0.820727
1.32673,-0.171258,5.09835,-1.48551,-0.647534
1.33663,-0.120681,5.11533,-1.49107,-0.473806
1.34653,-0.0699642,5.1264,-1.4949,-0.299744
1.35644,-0.0191677,5.13155,-1.497,-0.125551
1.36634,0.0316506,5.13079,-1.49738,0.048573
1.37624,0.0824321,5.12413,-1.49604,0.222427
1.38614,0.133118,5.11159,-1.49298,0.395812
1.39604,0.183652,5.09321,-1.4882,0.568532
1.40594,0.233974,5.06903,-1.48172,0.740391
1.41584,0.284029,5.03907,-1.47354,0.911196
1.42574,0.333758,5.0034,-1.46368,1.08075
1.43564,0.383106,4.96206,-1.45214,1.24888
1.44554,0.432017,4.91511,-1.43895,1.41538
1.45545,0.480435,4.86263,-1.42412,1.58008
1.46535,0.528307,4.80468,-1.40766,1.74279
1.47525,0.575578,4.74134,-1.38961,1.90333
1.48515,0.622195,4.67269,-1.36997,2.06154
1.49505,0.668107,4.59883,-1.34879,2.21724
1.50495,0.713262,4.51984,-1.32607,2.37026
1.51485,0.757609,4.43583,-1.30185,2.52043
1.52475,0.8011,4.3469,-1.27616,2.6676
1.53465,0.843687,4.25316,-1.24903,2.81162
1.54455,0.885322,4.15472,-1.22049,2.95232
1.55446,0.925959,4.0517,-1.19057,3.08955
1.56436,0.965554,3.94422,-1.15931,3.22319
1.57426,1.00406,3.83241,-1.12674,3.35308
1.58416,1.04144,3.71639,-1.09291,3.47908
1.59406,1.07766,3.59632,-1.05785,3.60108
1.60396,1.11266,3.47231,-1.0216,3.71893
1.61386,1.14641,3.34452,-0.984208,3.83253
1.62376,1.17889,3.21309,-0.945711,3.94175
1.63366,1.21004,3.07817,-0.906154,4.04648
1.64356,1.23984,2.9399,-0.865583,4.14662
1.65347,1.26826,2.79846,-0.824043,4.24206
1.66337,1.29526,2.65398,-0.781582,4.3327
1.67327,1.32081,2.50664,-0.738247,4.41846
1.68317,1.34489,2.35659,-0.694088,4.49925
1.69307,1.36748,2.204,-0.649153,4.57498
1.70297,1.38854,2.04904,-0.603494,4.64559
1.71287,1.40805,1.89187,-0.557162,4.71099
1.72277,1.426,1.73267,-0.510207,4.77113
1.73267,1.44236,1.57162,-0.462684,4.82594
1.74257,1.45712,1.40887,-0.414644,4.87537
1.75248,1.47026,1.24462,-0.366142,4.91937
1.76238,1.48177,1.07904,-0.317231,4.9579
1.77228,1.49163,0.9123,-0.267966,4.99092
1.78218,1.49983,0.744586,-0.218401,5.01839
1.79208,1.50637,0.576078,-0.168592,5.0403
1.80198,1.51124,0.406956,-0.118593,5.05661
1.81188,1.51443,0.2374,-0.0684609,5.06731
1.82178,1.51594,0.0675925,-0.0182504,5.07239
1.83168,1.51577,-0.102285,0.0319825,5.07185
1.84158,1.51392,-0.27205,0.0821823,5.06569
1.85149,1.51038,-0.441522,0.132293,5.05391
1.86139,1.50517,-0.61052,0.18226,5.03653
1.87129,1.49829,-0.778861,0.232027,5.01356
1.88119,1.48975,-0.946366,0.281538,4.98503
1.89109,1.47955,-1.11286,0.33074,4.95096
1.90099,1.46771,-1.27815,0.379577,4.91139
1.91089,1.45424,-1.44207,0.427995,4.86636
1.92079,1.43916,-1.60444,0.475941,4.81591
1.93069,1.42247,-1.76509,0.52336,4.7601
1.94059,1.40421,-1.92384,0.5702,4.69898
1.9505,1.38438,-2.08052,0.616409,4.63261
1.9604,1.36301,-2.23495,0.661935,4.56106
1.9703,1.34012,-2.38698,0.706726,4.4844
1.9802,1.31574,-2.53643,0.750734,4.4027
1.9901,1.28989,-2.68314,0.793909,4.31606
2,1.26261,-2.82694,0.836201,4.22456
2.0099,1.23391,-2.96769,0.877563,4.12829
2.0198,1.20384,-3.10522,0.917949,4.02736
2.0297,1.17242,-3.23937,0.957312,3.92185
2.0396,1.13969,-3.37,0.995609,3.81189
2.0495,1.10569,-3.49697,1.03279,3.69759
2.05941,1.07045,-3.62011,1.06883,3.57905
2.06931,1.034,-3.73931,1.10367,3.45642
2.07921,0.996401,-3.85441,1.13727,3.32981
2.08911,0.957678,-3.96528,1.1696,3.19935
2.09901,0.91788,-4.07181,1.20062,3.06519
2.10891,0.877048,-4.17385,1.2303,2.92746
2.11881,0.835229,-4.27129,1.25859,2.78631
2.12871,0.792468,-4.36402,1.28547,2.64189
2.13861,0.748812,-4.45192,1.31091,2.49436
2.14851,0.70431,-4.53488,1.33487,2.34386
2.15842,0.659012,-4.61281,1.35732,2.19056
2.16832,0.612967,-4.6856,1.37824,2.03463
2.17822,0.566227,-4.75316,1.39761,1.87623
2.18812,0.518845,-4.81542,1.41539,1.71555
2.19802,0.470872,-4.87227,1.43158,1.55274
2.20792,0.422364,-4.92366,1.44614,1.38799
2.21782,0.373374,-4.96951,1.45906,1.22149
2.22772,0.323957,-5.00975,1.47033,1.05341
2.23762,0.27417,-5.04433,1.47992,0.88394
2.24752,0.224069,-5.0732,1.48783,0.713275
2.25743,0.173711,-5.09631,1.49404,0.541602
2.26733,0.123152,-5.11362,1.49855,0.369115
2.27723,0.0724511,-5.12509,1.50135,0.196009
2.28713,0.0216652,-5.13071,1.50243,0.0224809
2.29703,-0.0291471,-5.13044,1.5018,-0.151271
2.30693,-0.0799277,-5.12429,1.49944,-0.325048
2.31683,-0.130618,-5.11223,1.49536,-0.49865
2.32673,-0.18116,-5.09428,1.48956,-0.671875
2.33663,-0.231495,-5.07043,1.48205,-0.844523
2.34653,-0.281564,-5.04071,1.47284,-1.01639
2.35644,-0.331311,-5.00513,1.46193,-1.18728
2.36634,-0.380676,-4.96372,1.44933,-1.35698
2.37624,-0.429602,-4.91652,1.43505,-1.5253
2.38614,-0.478032,-4.86357,1.41912,-1.69204
2.39604,-0.52591,-4.80492,1.40155,-1.85699
2.40594,-0.573179,-4.74063,1.38235,-2.01996
2.41584,-0.619784,-4.67075,1.36155,-2.18076
2.42574,-0.665669,-4.59536,1.33917,-2.33918
2.43564,-0.710781,-4.51454,1.31523,-2.49504
2.44554,-0.755065,-4.42838,1.28976,-2.64814
2.45545,-0.798471,-4.33695,1.26279,-2.79831
2.46535,-0.840945,-4.24037,1.23435,-2.94534
2.47525,-0.882438,-4.13874,1.20446,-3.08907
2.48515,-0.9229,-4.03216,1.17318,-3.22931
2.49505,-0.962282,-3.92076,1.14052,-3.36589
2.50495,-1.00054,-3.80467,1.10652,-3.49864
2.51485,-1.03762,-3.68401,1.07124,-3.62739
2.52475,-1.07349,-3.55891,1.03469,-3.75199
2.53465,-1.10809,-3.42954,0.996938,-3.87226
2.54455,-1.1414,-3.29603,0.958014,-3.98807
2.55446,-1.17336,-3.15853,0.917966,-4.09926
2.56436,-1.20394,-3.01722,0.87684,-4.2057
2.57426,-1.23311,-2.87225,0.834685,-4.30725
2.58416,-1.26082,-2.7238,0.791548,-4.40377
2.59406,-1.28704,-2.57205,0.747481,-4.49515
2.60396,-1.31175,-2.41716,0.702535,-4.58126
2.61386,-1.33491,-2.25933,0.656763,-4.662
2.62376,-1.35649,-2.09875,0.610218,-4.73727
2.63366,-1.37647,-1.93562,0.562955,-4.80695
2.64356,-1.39482,-1.77012,0.51503,-4.87098
2.65347,-1.41152,-1.60245,0.4665,-4.92925
2.66337,-1.42655,-1.43283,0.417421,-4.9817
2.67327,-1.43989,-1.26146,0.367852,-5.02826
2.68317,-1.45153,-1.08854,0.317852,-5.06886
2.69307,-1.46145,-0.914289,0.267479,-5.10346
2.70297,-1.46963,-0.738918,0.216793,-5.132
2.71287,-1.47608,-0.562643,0.165855,-5.15446
2.72277,-1.48078,-0.385678,0.114725,-5.1708
2.73267,-1.48372,-0.20824,0.0634632,-5.18099
2.74257,-1.4849,-0.0305475,0.012131,-5.18504
2.75248,-1.48432,0.147182,-0.0392108,-5.18292
2.76238,-1.48198,0.32473,-0.0905011,-5.17465
2.77228,-1.47789,0.50188,-0.141679,-5.16024
2.78218,-1.47205,0.678414,-0.192684,-5.13969
2.79208,-1.46446,0.854115,-0.243455,-5.11305
2.80198,-1.45513,1.02877,-0.293933,-5.08034
2.81188,-1.44409,1.20216,-0.344056,-5.04161
2.82178,-1.43133,1.37408,-0.393767,-4.99691
2.83168,-1.41688,1.54432,-0.443005,-4.94629
2.84158,-1.40075,1.71267,-0.491713,-4.88982
2.85149,-1.38296,1.87893,-0.539833,-4.82758
2.86139,-1.36354,2.04289,-0.587309,-4.75964
2.87129,-1.34251,2.20436,-0.634083,-4.68609
2.88119,-1.31989,2.36315,-0.680103,-4.60702
2.89109,-1.29571,2.51905,-0.725312,-4.52255
2.90099,-1.27001,2.67189,-0.769658,-4.43277
2.91089,-1.24281,2.82149,-0.81309,-4.33781
2.92079,-1.21414,2.96766,-0.855556,-4.23777
2.93069,-1.18404,3.11023,-0.897006,-4.1328
2.94059,-1.15255,3.24904,-0.937394,-4.02302
2.9505,-1.1197,3.38392,-0.97667,-3.90857
2.9604,-1.08554,3.51471,-1.01479,-3.7896
2.9703,-1.05011,3.64127,-1.05171,-3.66626
2.9802,-1.01344,3.76345,-1.08739,-3.5387
2.9901,-0.975584,3.8811,-1.12179,-3.40708
3,-0.936586,3.9941,-1.15486,-3.27157
3.0099,-0.896493,4.10231,-1.18657,-3.13234
3.0198,-0.855353,4.20563,-1.21689,-2.98955
3.0297,-0.813214,4.30392,-1.24577,-2.84339
3.0396,-0.770127,4.39708,-1.27319,-2.69403
3.0495,-0.726143,4.48502,-1.29912,-2.54166
3.05941,-0.681315,4.56764,-1.32352,-2.38647
3.06931,-0.635696,4.64484,-1.34638,-2.22864
3.07921,-0.589338,4.71656,-1.36765,-2.06837
3.08911,-0.542299,4.78271,-1.38733,-1.90584
3.09901,-0.494632,4.84322,-1.40539,-1.74126
3.10891,-0.446394,4.89805,-1.42182,-1.57482
3.11881,-0.397641,4.94714,-1.43658,-1.40673
3.12871,-0.348431,4.99043,-1.44967,-1.23717
3.13861,-0.298821,5.0279,-1.46108,-1.06636
3.14851,-0.248869,5.05951,-1.47079,-0.894487
3.15842,-0.198633,5.08523,-1.47879,-0.721764
3.16832,-0.148171,5.10505,-1.48508,-0.548388
3.17822,-0.0975426,5.11897,-1.48965,-0.374562
3.18812,-0.0468055,5.12696,-1.4925,-0.200488
3.19802,0.00398144,5.12905,-1.49362,-0.0263669
3.20792,0.0547598,5.12524,-1.49302,0.147601
3.21782,0.105471,5.11554,-1.4907,0.321217
3.22772,0.156058,5.09998,-1.48666,0.494283
3.23762,0.206461,5.07859,-1.48091,0.666601
3.24752,0.256624,5.05141,-1.47346,0.837977
3.25743,0.306489,5.01847,-1.46432,1.00822
3.26733,0.356,4.97984,-1.4535,1.17713
3.27723,0.4051,4.93555,-1.44101,1.34454
3.28713,0.453734,4.88569,-1.42688,1.51024
3.29703,0.501846,4.83031,-1.41111,1.67405
3.30693,0.549384,4.76948,-1.39373,1.8358
3.31683,0.596292,4.70329,-1.37476,1.99531
3.32673,0.642518,4.63183,-1.35422,2.1524
3.33663,0.688012,4.55517,-1.33214,2.30691
3.34653,0.73272,4.47342,-1.30854,2.45866
3.35644,0.776594,4.38667,-1.28345,2.60748
3.36634,0.819585,4.29504,-1.2569,2.75323
3.37624,0.861645,4.19863,-1.22893,2.89574
3.38614,0.902727,4.09756,-1.19956,3.03486
3.39604,0.942785,3.99194,-1.16884,3.17044
3.40594,0.981776,3.88191,-1.13678,3.30233
3.41584,1.01966,3.76759,-1.10344,3.43041
3.42574,1.05638,3.64911,-1.06885,3.55453
3.43564,1.09192,3.52661,-1.03306,3.67456
3.44554,1.12622,3.40023,-0.996091,3.79037
3.45545,1.15925,3.27012,-0.958,3.90186
3.46535,1.19097,3.13642,-0.918827,4.00889
3.47525,1.22135,2.99929,-0.878617,4.11135
3.48515,1.25036,2.85887,-0.837415,4.20915
3.49505,1.27797,2.71533,-0.795268,4.30218
3.50495,1.30413,2.56882,-0.752223,4.39034
3.51485,1.32883,2.41951,-0.70833,4.47354
3.52475,1.35204,2.26756,-0.663639,4.5517
3.53465,1.37374,2.11315,-0.618198,4.62474
3.54455,1.39389,1.95643,-0.57206,4.69258
3.55446,1.41248,1.79759,-0.525276,4.75515
3.56436,1.42949,1.6368,-0.477898,4.81239
3.57426,1.44489,1.47422,-0.429981,4.86424
3.58416,1.45868,1.31005,-0.381577,4.91065
3.59406,1.47083,1.14446,-0.33274,4.95157
3.60396,1.48134,0.977628,-0.283526,4.98696
3.61386,1.49019,0.809734,-0.233989,5.01678
3.62376,1.49738,0.640963,-0.184184,5.041
3.63366,1.50288,0.471496,-0.134167,5.05961
3.64356,1.50671,0.301517,-0.0839937,5.07257
3.65347,1.50885,0.131211,-0.0337201,5.07988
3.66337,1.50931,-0.0392398,0.0165979,5.08153
3.67327,1.50808,-0.20965,0.0669042,5.07751
3.68317,1.50516,-0.379835,0.117143,5.06784
3.69307,1.50056,-0.549611,0.167258,5.05252
3.70297,1.49428,-0.718795,0.217193,5.03157
3.71287,1.48632,-0.887203,0.266893,5.00501
3.72277,1.47671,-1.05465,0.316302,4.97286
3.73267,1.46544,-1.22096,0.365365,4.93516
3.74257,1.45253,-1.38595,0.414028,4.89195
3.75248,1.43799,-1.54944,0.462235,4.84327
3.76238,1.42185,-1.71125,0.509934,4.78917
3.77228,1.40411,-1.87121,0.55707,4.72971
3.78218,1.38479,-2.02914,0.603591,4.66494
3.79208,1.36393,-2.18486,0.649445,4.59494
3.80198,1.34153,-2.33821,0.69458,4.51978
3.81188,1.31762,-2.48902,0.738946,4.43953
3.82178,1.29224,-2.63712,0.782491,4.35427
3.83168,1.2654,-2.78234,0.825169,4.2641
3.84158,1.23714,-2.92453,0.866929,4.16911
3.85149,1.20749,-3.06353,0.907725,4.06939
3.86139,1.17648,-3.19917,0.947511,3.96506
3.87129,1.14414,-3.33131,0.986241,3.85621
3.88119,1.11051,-3.4598,1.02387,3.74296
3.89109,1.07563,-3.58449,1.06036,3.62544
3.90099,1.03953,-3.70524,1.09566,3.50376
3.91089,1.00226,-3.82191,1.12974,3.37806
3.92079,0.96385,-3.93436,1.16255,3.24846
3.93069,0.92435,-4.04247,1.19406,3.1151
3.94059,0.883801,-4.14611,1.22424,2.97814
3.9505,0.842248,-4.24516,1.25304,2.8377
3.9604,0.799738,-4.3395,1.28043,2.69395
3.9703,0.756317,-4.42901,1.30638,2.54703
3.9802,0.712034,-4.51359,1.33086,2.39711
3.9901,0.666938,-4.59314,1.35385,2.24435
4,0.62108,-4.66756,1.37531,2.08891
4.0099,0.574511,-4.73675,1.39521,1.93097
4.0198,0.527283,-4.80063,1.41354,1.77069
4.0297,0.479449,-4.85912,1.43028,1.60825
4.0396,0.431063,-4.91214,1.44539,1.44384
4.0495,0.382178,-4.95963,1.45887,1.27763
4.05941,0.332852,-5.0015,1.47069,1.1098
4.06931,0.283139,-5.03772,1.48084,0.940554
4.07921,0.233095,-5.06823,1.48931,0.77007
4.08911,0.182778,-5.09297,1.49609,0.598543
4.09901,0.132244,-5.11192,1.50116,0.426166
4.10891,0.0815513,-5.12503,1.50453,0.253133
4.11881,0.0307579,-5.13229,1.50617,0.0796431
4.12871,-0.0200783,-5.13367,1.5061,-0.0941073
4.13861,-0.0708989,-5.12916,1.50431,-0.267919
4.14851,-0.121646,-5.11875,1.5008,-0.441591
4.15842,-0.17226,-5.10245,1.49557,-0.614923
4.16832,-0.222684,-5.08026,1.48862,-0.787715
4.17822,-0.272859,-5.05219,1.47997,-0.959765
4.18812,-0.322728,-5.01826,1.46961,-1.13087
4.19802,-0.372231,-4.97852,1.45757,-1.30084
4.20792,-0.421312,-4.93298,1.44385,-1.46945
4.21782,-0.469913,-4.88169,1.42847,-1.63653
4.22772,-0.517979,-4.8247,1.41145,-1.80187
4.23762,-0.565452,-4.76207,1.39279,-1.96526
4.24752,-0.612277,-4.69386,1.37253,-2.12653
4.25743,-0.658399,-4.62014,1.35068,-2.28546
4.26733,-0.703765,-4.54099,1.32727,-2.44188
4.27723,-0.74832,-4.45649,1.30233,-2.5956
4.28713,-0.792012,-4.36673,1.27587,-2.74641
4.29703,-0.834789,-4.2718,1.24794,-2.89416
4.30693,-0.876601,-4.17182,1.21856,-3.03864
4.31683,-0.917399,-4.0669,1.18777,-3.17969
4.32673,-0.957134,-3.95714,1.1556,-3.31714
4.33663,-0.995758,-3.84267,1.12208,-3.4508
4.34653,-1.03323,-3.72363,1.08727,-3.58053
4.35644,-1.06949,-3.60015,1.05118,-3.70615
4.36634,-1.10452,-3.47237,1.01388,-3.82752
4.37624,-1.13825,-3.34043,0.975389,-3.94448
4.38614,-1.17066,-3.20449,0.935767,-4.05688
4.39604,-1.20171,-3.06471,0.895054,-4.16459
4.40594,-1.23135,-2.92125,0.853299,-4.26746
4.41584,-1.25955,-2.77428,0.81055,-4.36538
4.42574,-1.28628,-2.62397,0.766856,-4.45821
4.43564,-1.31151,-2.4705,0.722268,-4.54584
4.44554,-1.33521,-2.31405,0.676839,-4.62816
4.45545,-1.35733,-2.15481,0.630621,-4.70507
4.46535,-1.37787,-1.99296,0.583669,-4.77646
4.47525,-1.3968,-1.82871,0.536038,-4.84224
4.48515,-1.41409,-1.66225,0.487783,-4.90234
4.49505,-1.42971,-1.49377,0.438962,-4.95667
4.50495,-1.44367,-1.32348,0.389631,-5.00517
4.51485,-1.45592,-1.1516,0.339849,-5.04777
4.52475,-1.46647,-0.978311,0.289675,-5.08442
4.53465,-1.47529,-0.803841,0.239168,-5.11507
4.54455,-1.48239,-0.628396,0.188387,-5.13968
4.55446,-1.48774,-0.452189,0.137392,-5.15822
4.56436,-1.49134,-0.275434,0.0862438,-5.17067
4.57426,-1.49319,-0.0983453,0.0350026,-5.177
4.58416,-1.49329,0.0788617,-0.0162711,-5.17722
4.59406,-1.49163,0.255972,-0.0675167,-5.17132
4.60396,-1.48822,0.43277,-0.118674,-5.15931
4.61386,-1.48306,0.609042,-0.169681,-5.1412
4.62376,-1.47616,0.784573,-0.220479,-5.11702
4.63366,-1.46752,0.95915,-0.271008,-5.08679
4.64356,-1.45717,1.13256,-0.321208,-5.05056
4.65347,-1.4451,1.3046,-0.371019,-5.00837
4.66337,-1.43133,1.47505,-0.420384,-4.96028
4.67327,-1.41589,1.64372,-0.469243,-4.90634
4.68317,-1.39878,1.81039,-0.517539,-4.84662
4.69307,-1.38004,1.97487,-0.565216,-4.78121
4.70297,-1.35968,2.13695,-0.612216,-4.71018
4.71287,-1.33772,2.29646,-0.658486,-4.63362
4.72277,-1.3142,2.45318,-0.703971,-4.55163
4.73267,-1.28915,2.60695,-0.748618,-4.46431
4.74257,-1.26258,2.75757,-0.792374,-4.37178
4.75248,-1.23454,2.90486,-0.835188,-4.27414
4.76238,-1.20506,3.04866,-0.877011,-4.17153
4.77228,-1.17417,3.18879,-0.917793,-4.06407
4.78218,-1.14192,3.32509,-0.957488,-3.9519
4.79208,-1.10833,3.45739,-0.996049,-3.83515
4.80198,-1.07345,3.58556,-1.03343,-3.71397
4.81188,-1.03733,3.70943,-1.06959,-3.58851
4.82178,-1,3.82886,-1.10449,-3.45893
4.83168,-0.961511,3.94372,-1.13809,-3.32539
4.84158,-0.921907,4.05389,-1.17034,-3.18804
4.85149,-0.881236,4.15922,-1.20122,-3.04707
4.86139,-0.839547,4.25961,-1.23068,-2.90265
4.87129,-0.796888,4.35495,-1.2587,-2.75494
4.88119,-0.75331,4.44512,-1.28523,-2.60413
4.89109,-0.708866,4.53004,-1.31026,-2.45041
4.90099,-0.663607,4.6096,-1.33376,-2.29396
4.91089,-0.617587,4.68373,-1.35569,-2.13496
4.92079,-0.57086,4.75234,-1.37603,-1.97362
4.93069,-0.523482,4.81536,-1.39477,-1.81012
4.94059,-0.475507,4.87274,-1.41188,-1.64466
4.9505,-0.426992,4.92441,-1.42734,-1.47744
4.9604,-0.377994,4.97032,-1.44114,-1.30865
4.9703,-0.32857,5.01043,-1.45325,-1.13849
4.9802,-0.278778,5.0447,-1.46368,-0.967175
4.9901,-0.228675,5.0731,-1.47241,-0.794894
5,-0.178321,5.09562,-1.47942,-0.621851
5.0099,-0.127772,5.11223,-1.48472,-0.448249
5.0198,-0.0770885,5.12293,-1.4883,-0.274288
5.0297,-0.0263282,5.12771,-1.49015,-0.100172
5.0396,0.0244503,5.12659,-1.49028,0.0739001
5.0495,0.0751884,5.11957,-1.48869,0.247727
5.05941,0.125828,5.10667,-1.48538,0.421111
5.06931,0.176311,5.08792,-1.48035,0.593853
5.07921,0.226579,5.06335,-1.47362,0.765757
5.08911,0.276575,5.033,-1.46519,0.936629
5.09901,0.326242,4.99692,-1.45507,1.10628
5.10891,0.375524,4.95515,-1.44328,1.27451
5.11881,0.424364,4.90775,-1.42984,1.44113
5.12871,0.472708,4.85479,-1.41475,1.60597
5.13861,0.520499,4.79634,-1.39804,1.76883
5.14851,0.567685,4.73246,-1.37972,1.92954
5.15842,0.614211,4.66325,-1.35983,2.08791
5.16832,0.660027,4.5888,-1.33838,2.24378
5.17822,0.705079,4.50918,-1.3154,2.39698
5.18812,0.749318,4.4245,-1.29091,2.54732
5.19802,0.792693,4.33487,-1.26496,2.69466
5.20792,0.835157,4.24039,-1.23755,2.83884
5.21782,0.876662,4.14117,-1.20874,2.97969
5.22772,0.917161,4.03733,-1.17855,3.11706
5.23762,0.956609,3.929,-1.14702,3.2508
5.24752,0.994963,3.8163,-1.11418,3.38078
5.25743,1.03218,3.69936,-1.08007,3.50686
5.26733,1.06822,3.57832,-1.04474,3.62889
5.27723,1.10304,3.45331,-1.00821,3.74675
5.28713,1.1366,3.32448,-0.970545,3.86031
5.29703,1.16887,3.19199,-0.931773,3.96946
5.30693,1.19981,3.05596,-0.891942,4.07408
5.31683,1.22938,2.91657,-0.851098,4.17406
5.32673,1.25756,2.77397,-0.809288,4.26929
5.33663,1.28431,2.62831,-0.766558,4.35967
5.34653,1.30961,2.47977,-0.722958,4.44512
5.35644,1.33342,2.3285,-0.678536,4.52553
5.36634,1.35572,2.17467,-0.633343,4.60083
5.37624,1.37648,2.01846,-0.587431,4.67093
5.38614,1.39569,1.86004,-0.54085,4.73578
5.39604,1.41331,1.69958,-0.493653,4.79529
5.40594,1.42934,1.53726,-0.445894,4.8494
5.41584,1.44376,1.37326,-0.397625,4.89807
5.42574,1.45654,1.20776,-0.348902,4.94123
5.43564,1.46767,1.04093,-0.299779,4.97886
5.44554,1.47715,0.87297,-0.250311,5.01089
5.45545,1.48496,0.704053,-0.200554,5.03732
5.46535,1.49109,0.534365,-0.150562,5.05809
5.47525,1.49554,0.364093,-0.100393,5.07321
5.48515,1.4983,0.193421,-0.0501027,5.08264
5.49505,1.49937,0.0225363,0.000253169,5.08639
5.50495,1.49875,-0.148376,0.0506179,5.08444
5.51485,1.49643,-0.319128,0.100935,5.0768
5.52475,1.49243,-0.489535,0.151149,5.06348
5.53465,1.48674,-0.65941,0.201202,5.04449
5.54455,1.47937,-0.828569,0.251039,5.01985
5.55446,1.47033,-0.996827,0.300605,4.98958
5.56436,1.45963,-1.164,0.349843,4.95372
5.57426,1.44728,-1.3299,0.398698,4.91231
5.58416,1.4333,-1.49436,0.447116,4.86539
5.59406,1.41769,-1.65718,0.495043,4.813
5.60396,1.40048,-1.8182,0.542423,4.7552
5.61386,1.38169,-1.97723,0.589205,4.69206
5.62376,1.36133,-2.1341,0.635335,4.62363
5.63366,1.33943,-2.28863,0.680762,4.54999
5.64356,1.31601,-2.44066,0.725434,4.47122
5.65347,1.2911,-2.59002,0.769301,4.3874
5.66337,1.26472,-2.73653,0.812313,4.29861
5.67327,1.23691,-2.88004,0.854422,4.20495
5.68317,1.20769,-3.02039,0.895579,4.10651
5.69307,1.1771,-3.15741,0.935738,4.00341
5.70297,1.14516,-3.29096,0.974854,3.89575
5.71287,1.11193,-3.42087,1.01288,3.78365
5.72277,1.07742,-3.54701,1.04978,3.66721
5.73267,1.04169,-3.66923,1.0855,3.54658
5.74257,1.00477,-3.7874,1.12001,3.42187
5.75248,0.966692,-3.90136,1.15326,3.29322
5.76238,0.927511,-4.011,1.18522,3.16077
5.77228,0.887266,-4.11618,1.21585,3.02465
5.78218,0.846002,-4.21679,1.24511,2.88502
5.79208,0.803765,-4.3127,1.27298,2.74203
5.80198,0.760602,-4.40379,1.29941,2.59584
5.81188,0.716561,-4.48997,1.32438,2.44659
5.82178,0.671691,-4.57112,1.34786,2.29445
5.83168,0.626043,-4.64716,1.36981,2.1396
5.84158,0.579668,-4.71797,1.39022,1.98219
5.85149,0.532617,-4.78349,1.40906,1.82241
5.86139,0.484945,-4.84361,1.42631,1.66043
5.87129,0.436704,-4.89828,1.44194,1.49643
5.88119,0.387949,-4.94741,1.45594,1.33059
5.89109,0.338735,-4.99095,1.46829,1.16309
5.90099,0.289118,-5.02883,1.47897,0.994126
5.91089,0.239154,-5.061,1.48798,0.823887
5.92079,0.1889,-5.08742,1.49529,0.652562
5.93069,0.138413,-5.10804,1.5009,0.480346
5.94059,0.0877509,-5.12284,1.5048,0.307433
5.9505,0.0369709,-5.13178,1.50698,0.134021
5.9604,-0.0138686,-5.13484,1.50745,-0.0396923
5.9703,-0.0647092,-5.13202,1.5062,-0.213509
5.9802,-0.115493,-5.12331,1.50322,-0.387228
5.9901,-0.166161,-5.1087,1.49853,-0.560649
6,-0.216655,-5.0882,1.49212,-0.733572
6.0099,-0.266917,-5.06182,1.484,-0.905797
6.0198,-0.316889,-5.0296,1.47418,-1.07712
6.0297,-0.366513,-4.99154,1.46267,-1.24735
6.0396,-0.415731,-4.9477,1.44948,-1.41627
6.0495,-0.464487,-4.89811,1.43463,-1.5837
6.05941,-0.512723,-4.84281,1.41812,-1.74943
6.06931,-0.560384,-4.78187,1.39998,-1.91327
6.07921,-0.607414,-4.71534,1.38023,-2.07502
6.08911,-0.653757,-4.6433,1.35889,-2.2345
6.09901,-0.69936,-4.56583,1.33599,-2.3915
6.10891,-0.744169,-4.48299,1.31154,-2.54585
6.11881,-0.788132,-4.39489,1.28557,-2.69735
6.12871,-0.831196,-4.30162,1.25812,-2.84583
6.13861,-0.873312,-4.20328,1.22922,-2.9911
6.14851,-0.914429,-4.09998,1.19889,-3.13298
6.15842,-0.9545,-3.99184,1.16718,-3.27132
6.16832,-0.993475,-3.87898,1.13411,-3.40593
6.17822,-1.03131,-3.76152,1.09973,-3.53665
6.18812,-1.06796,-3.6396,1.06408,-3.66333
6.19802,-1.10338,-3.51337,1.02719,-3.7858
6.20792,-1.13753,-3.38295,0.989113,-3.90392
6.21782,-1.17037,-3.24851,0.949887,-4.01754
6.22772,-1.20186,-3.1102,0.909558,-4.12652
6.23762,-1.23196,-2.96819,0.868173,-4.23072
6.24752,-1.26063,-2.82263,0.825781,-4.33002
6.25743,-1.28785,-2.67369,0.78243,-4.42429
6.26733,-1.31358,-2.52156,0.738171,-4.51342
6.27723,-1.33778,-2.36642,0.693055,-4.59729
6.28713,-1.36044,-2.20844,0.647135,-4.6758
6.29703,-1.38151,-2.04781,0.600465,-4.74885
6.30693,-1.40099,-1.88473,0.553099,-4.81635
6.31683,-1.41884,-1.71939,0.505092,-4.87822
6.32673,-1.43504,-1.55198,0.4565,-4.93436
6.33663,-1.44957,-1.38271,0.407381,-4.98473
6.34653,-1.46242,-1.21177,0.357793,-5.02925
6.35644,-1.47356,-1.03939,0.307792,-5.06786
6.36634,-1.483,-0.865747,0.257439,-5.10052
6.37624,-1.49071,-0.691069,0.206792,-5.12719
6.38614,-1.49668,-0.515559,0.15591,-5.14782
6.39604,-1.50092,-0.339431,0.104855,-5.16241
6.40594,-1.5034,-0.162895,0.0536845,-5.17092
6.41584,-1.50414,0.0138345,0.00246024,-5.17334
6.42574,-1.50313,0.190546,-0.0487579,-5.16968
6.43564,-1.50037,0.367026,-0.0999097,-5.15994
6.44554,-1.49586,0.543062,-0.150935,-5.14413
6.45545,-1.48961,0.718443,-0.201774,-5.12226
6.46535,-1.48163,0.892956,-0.252366,-5.09437
6.47525,-1.47193,1.06639,-0.302652,-5.0605
6.48515,-1.46052,1.23854,-0.352574,-5.02067
6.49505,-1.44741,1.4092,-0.402072,-4.97495
6.50495,-1.43261,1.57816,-0.451088,-4.92339
6.51485,-1.41616,1.74522,-0.499565,-4.86606
6.52475,-1.39805,1.91019,-0.547445,-4.80302
6.53465,-1.37833,2.07286,-0.594674,-4.73436
6.54455,-1.35701,2.23303,-0.641195,-4.66016
6.55446,-1.33411,2.39053,-0.686955,-4.58051
6.56436,-1.30967,2.54516,-0.731899,-4.49552
6.57426,-1.28371,2.69674,-0.775975,-4.40528
6.58416,-1.25627,2.84509,-0.819132,-4.30992
6.59406,-1.22738,2.99004,-0.86132,-4.20954
6.60396,-1.19706,3.13141,-0.90249,-4.10428
6.61386,-1.16537,3.26904,-0.942593,-3.99426
6.62376,-1.13233,3.40277,-0.981584,-3.87962
6.63366,-1.09799,3.53245,-1.01942,-3.7605
6.64356,-1.06238,3.65792,-1.05605,-3.63705
6.65347,-1.02555,3.77904,-1.09144,-3.50942
6.66337,-0.987548,3.89567,-1.12554,-3.37776
6.67327,-0.948411,4.00768,-1.15833,-3.24223
6.68317,-0.908189,4.11494,-1.18975,-3.10301
6.69307,-0.866928,4.21733,-1.21977,-2.96026
6.70297,-0.824677,4.31474,-1.24837,-2.81414
6.71287,-0.781488,4.40705,-1.2755,-2.66485
6.72277,-0.737409,4.49417,-1.30114,-2.51256
6.73267,-0.692495,4.57599,-1.32525,-2.35745
6.74257,-0.646796,4.65243,-1.34782,-2.19971
6.75248,-0.600367,4.72342,-1.36881,-2.03953
6.76238,-0.553263,4.78886,-1.38821,-1.8771
6.77228,-0.505539,4.8487,-1.40598,-1.71261
6.78218,-0.45725,4.90287,-1.42212,-1.54626
6.79208,-0.408452,4.95131,-1.4366,-1.37824
6.80198,-0.359204,4.99399,-1.44941,-1.20875
6.81188,-0.309562,5.03085,-1.46054,-1.038
6.82178,-0.259583,5.06187,-1.46997,-0.86618
6.83168,-0.209327,5.08701,-1.47769,-0.693493
6.84158,-0.158851,5.10626,-1.4837,-0.520142
6.85149,-0.108213,5.1196,-1.48799,-0.346326
6.86139,-0.0574724,5.12704,-1.49056,-0.172249
6.87129,-0.00668751,5.12855,-1.4914,0.00188886
6.88119,0.0440831,5.12417,-1.49052,0.175887
6.89109,0.0947812,5.11389,-1.48792,0.349546
6.90099,0.145348,5.09775,-1.4836,0.522667
6.91089,0.195727,5.07576,-1.47757,0.695052
6.92079,0.245858,5.04796,-1.46984,0.866505
6.93069,0.295686,5.0144,-1.46041,1.03683
6.94059,0.345154,4.97511,-1.44931,1.20584
6.9505,0.394204,4.93016,-1.43654,1.37334
6.9604,0.442781,4.87961,-1.42211,1.53914
6.9703,0.49083,4.82351,-1.40606,1.70305
6.9802,0.538296,4.76194,-1.38839,1.8649
6.9901,0.585126,4.69498,-1.36913,2.02451
7,0.631266,4.62271,-1.3483,2.18169
7.0099,0.676665,4.54522,-1.32593,2.33627
7.0198,0.721271,4.4626,-1.30204,2.48808
7.0297,0.765033,4.37497,-1.27666,2.63696
7.0396,0.807904,4.28241,-1.24982,2.78273
7.0495,0.849834,4.18504,-1.22156,2.92525
7.05941,0.890776,4.08298,-1.1919,3.06435
7.06931,0.930685,3.97635,-1.16088,3.19988
7.07921,0.969516,3.86527,-1.12853,3.33171
7.08911,1.00723,3.74987,-1.0949,3.45967
7.09901,1.04377,3.63029,-1.06003,3.58364
7.10891,1.07911,3.50665,-1.02394,3.70348
7.11881,1.11321,3.37912,-0.98669,3.81907
7.12871,1.14603,3.24783,-0.948316,3.93027
7.13861,1.17752,3.11293,-0.908863,4.03697
7.14851,1.20767,2.97457,-0.868377,4.13906
7.15842,1.23643,2.83292,-0.826902,4.23643
7.16832,1.26377,2.68812,-0.784487,4.32897
7.17822,1.28966,2.54036,-0.74118,4.41658
7.18812,1.31407,2.38978,-0.69703,4.49918
7.19802,1.33698,2.23656,-0.652088,4.57667
7.20792,1.35836,2.08088,-0.606403,4.64897
7.21782,1.37819,1.92289,-0.560029,4.71601
7.22772,1.39644,1.76279,-0.513017,4.77772
7.23762,1.41309,1.60075,-0.465421,4.83403
7.24752,1.42813,1.43694,-0.417294,4.88488
7.25743,1.44155,1.27156,-0.368691,4.93022
7.26733,1.45331,1.10477,-0.319666,4.97
7.27723,1.46342,0.936772,-0.270275,5.00418
7.28713,1.47186,0.767745,-0.220573,5.03273
7.29703,1.47863,0.597875,-0.170617,5.05562
7.30693,1.4837,0.42735,-0.120462,5.07281
7.31683,1.48709,0.256357,-0.0701652,5.0843
7.32673,1.48878,0.0850851,-0.0197829,5.09007
7.33663,1.48877,-0.0862788,0.0306283,5.09012
7.34653,1.48707,-0.257546,0.0810117,5.08445
7.35644,1.48367,-0.428528,0.131311,5.07306
7.36634,1.47859,-0.599037,0.181468,5.05597
7.37624,1.47181,-0.768886,0.231429,5.03319
7.38614,1.46336,-0.937887,0.281136,5.00476
7.39604,1.45324,-1.10586,0.330533,4.97069
7.40594,1.44146,-1.27261,0.379565,4.93102
7.41584,1.42804,-1.43796,0.428177,4.88581
7.42574,1.41299,-1.60172,0.476313,4.83508
7.43564,1.39632,-1.76372,0.523921,4.77891
7.44554,1.37806,-1.92378,0.570945,4.71735
7.45545,1.35823,-2.08171,0.617334,4.65046
7.46535,1.33684,-2.23735,0.663034,4.57832
7.47525,1.31392,-2.39052,0.707993,4.50099
7.48515,1.2895,-2.54104,0.752162,4.41857
7.49505,1.26361,-2.68876,0.79549,4.33115
7.50495,1.23626,-2.83351,0.837927,4.23881
7.51485,1.2075,-2.97512,0.879426,4.14165
7.52475,1.17735,-3.11343,0.91994,4.03978
7.53465,1.14584,-3.2483,0.959422,3.9333
7.54455,1.11302,-3.37956,0.997827,3.82234
7.55446,1.07892,-3.50706,1.03511,3.707
7.56436,1.04358,-3.63067,1.07123,3.58742
7.57426,1.00703,-3.75024,1.10615,3.46372
7.58416,0.969313,-3.86564,1.13982,3.33604
7.59406,0.930479,-3.97672,1.17221,3.20451
7.60396,0.890566,-4.08337,1.20328,3.06928
7.61386,0.84962,-4.18546,1.23299,2.93049
7.62376,0.807685,-4.28286,1.2613,2.7883
7.63366,0.76481,-4.37547,1.2882,2.64285
7.64356,0.721042,-4.46317,1.31364,2.49432
7.65347,0.67643,-4.54587,1.33759,2.34286
7.66337,0.631025,-4.62345,1.36003,2.18863
7.67327,0.584876,-4.69583,1.38093,2.03182
7.68317,0.538038,-4.76292,1.40026,1.87259
7.69307,0.490561,-4.82463,1.41801,1.71111
7.70297,0.4425,-4.88089,1.43415,1.54758
7.71287,0.393909,-4.93163,1.44866,1.38216
7.72277,0.344844,-4.97678,1.46152,1.21506
7.73267,0.295359,-5.01629,1.47272,1.04644
7.74257,0.245511,-5.0501,1.48224,0.876504
7.75248,0.195357,-5.07815,1.49007,0.705443
7.76238,0.144954,-5.10043,1.49621,0.53345
7.77228,0.0943584,-5.11688,1.50063,0.360718
7.78218,0.0436292,-5.12749,1.50335,0.187445
7.79208,-0.00717603,-5.13222,1.50434,0.0138287
7.80198,-0.057999,-5.13108,1.50362,-0.159933
7.81188,-0.108782,-5.12404,1.50118,-0.333641
7.82178,-0.159465,-5.11112,1.49701,-0.507095
7.83168,-0.209992,-5.09231,1.49114,-0.680096
7.84158,-0.260303,-5.06763,1.48355,-0.852442
7.85149,-0.310341,-5.0371,1.47425,-1.02393
7.86139,-0.360048,-5.00075,1.46327,-1.19437
7.87129,-0.409366,-4.95861,1.4506,-1.36356
7.88119,-0.458238,-4.91072,1.43627,-1.53129
7.89109,-0.506607,-4.85713,1.42028,-1.69738
7.90099,-0.554418,-4.79789,1.40266,-1.86162
7.91089,-0.601615,-4.73306,1.38342,-2.02383
7.92079,-0.648142,-4.66271,1.36258,-2.18381
7.93069,-0.693946,-4.58692,1.34017,-2.34137
7.94059,-0.738972,-4.50577,1.31622,-2.49633
7.9505,-0.783168,-4.41935,1.29074,-2.64849
7.9604,-0.826483,-4.32774,1.26377,-2.79768
7.9703,-0.868866,-4.23106,1.23534,-2.94372
7.9802,-0.910266,-4.1294,1.20548,-3.08643
7.9901,-0.950636,-4.02289,1.17422,-3.22564
8,-0.989927,-3.91164,1.1416,-3.36118
8.0099,-1.02809,-3.79577,1.10766,-3.49289
8.0198,-1.06509,-3.67543,1.07244,-3.62061
8.0297,-1.10087,-3.55074,1.03597,-3.74418
8.0396,-1.1354,-3.42185,0.998294,-3.86346
8.0495,-1.16863,-3.28891,0.959462,-3.97829
8.05941,-1.20053,-3.15207,0.919516,-4.08854
8.06931,-1.23105,-3.01149,0.878501,-4.19407
8.07921,-1.26016,-2.86734,0.836464,-4.29475
8.08911,-1.28783,-2.71977,0.793456,-4.39046
8.09901,-1.31402,-2.56897,0.749524,-4.48108
8.10891,-1.3387,-2.41511,0.704721,-4.5665
8.11881,-1.36184,-2.25838,0.659098,-4.64661
8.12871,-1.38342,-2.09895,0.612709,-4.72132
8.13861,-1.40341,-1.93702,0.565607,-4.79052
8.14851,-1.42178,-1.77277,0.517847,-4.85414
8.15842,-1.43851,-1.6064,0.469485,-4.91209
8.16832,-1.45359,-1.43812,0.420578,-4.96431
8.17822,-1.46699,-1.26811,0.371182,-5.01073
8.18812,-1.4787,-1.09659,0.321355,-5.05128
8.19802,-1.4887,-0.923753,0.271157,-5.08593
8.20792,-1.49699,-0.749809,0.220644,-5.11462
8.21782,-1.50355,-0.574966,0.169877,-5.13732
8.22772,-1.50837,-0.399433,0.118915,-5.154
8.23762,-1.51146,-0.22342,0.0678175,-5.16464
8.24752,-1.5128,-0.0471365,0.0166447,-5.16923
8.25743,-1.51239,0.129205,-0.0345436,-5.16776
8.26733,-1.51024,0.305394,-0.0856872,-5.16023
8.27723,-1.50634,0.48122,-0.136726,-5.14665
8.28713,-1.50071,0.656472,-0.187601,-5.12704
8.29703,-1.49335,0.83094,-0.238252,-5.10142
8.30693,-1.48426,1.00442,-0.288619,-5.06982
8.31683,-1.47346,1.17669,-0.338645,-5.03229
8.32673,-1.46096,1.34757,-0.388269,-4.98886
8.33663,-1.44677,1.51683,-0.437434,-4.9396
8.34653,-1.43092,1.68428,-0.486083,-4.88455
8.35644,-1.41342,1.84972,-0.534158,-4.8238
8.36634,-1.39429,2.01296,-0.581604,-4.75742
8.37624,-1.37356,2.17379,-0.628364,-4.68548
8.38614,-1.35125,2.33204,-0.674385,-4.60807
8.39604,-1.32738,2.4875,-0.719613,-4.5253
8.40594,-1.30199,2.64,-0.763995,-4.43726
8.41584,-1.2751,2.78936,-0.80748,-4.34407
8.42574,-1.24676,2.93541,-0.850017,-4.24582
8.43564,-1.21698,3.07796,-0.891556,-4.14266
8.44554,-1.18581,3.21686,-0.93205,-4.0347
8.45545,-1.15328,3.35194,-0.971451,-3.92207
8.46535,-1.11943,3.48305,-1.00971,-3.80491
8.47525,-1.08431,3.61004,-1.0468,-3.68337
8.48515,-1.04795,3.73275,-1.08265,-3.55759
8.49505,-1.01039,3.85104,-1.11724,-3.42773
8.50495,-0.971687,3.96479,-1.15053,-3.29394
8.51485,-0.93188,4.07386,-1.18247,-3.15639
8.52475,-0.891017,4.17812,-1.21303,-3.01523
8.53465,-0.849145,4.27747,-1.24218,-2.87065
8.54455,-0.806315,4.37179,-1.26988,-2.72281
8.55446,-0.762576,4.46096,-1.2961,-2.57189
8.56436,-0.717979,4.54491,-1.32081,-2.41807
8.57426,-0.672578,4.62352,-1.34398,-2.26154
8.58416,-0.626425,4.69672,-1.36559,-2.10248
8.59406,-0.579574,4.76443,-1.38561,-1.94109
8.60396,-0.53208,4.82657,-1.40403,-1.77755
8.61386,-0.483998,4.88308,-1.42081,-1.61205
8.62376,-0.435385,4.9339,-1.43595,-1.4448
8.63366,-0.386297,4.97898,-1.44942,-1.27599
8.64356,-0.336792,5.01828,-1.46122,-1.10581
8.65347,-0.286926,5.05174,-1.47132,-0.93447
8.66337,-0.236757,5.07936,-1.47972,-0.762166
8.67327,-0.186345,5.10109,-1.48641,-0.5891
8.68317,-0.135746,5.11692,-1.49139,-0.415472
8.69307,-0.0850193,5.12685,-1.49464,-0.241483
8.70297,-0.034224,5.13087,-1.49617,-0.0673356
8.71287,0.0165819,5.12897,-1.49598,0.106771
8.72277,0.0673399,5.12118,-1.49406,0.280636
8.73267,0.117991,5.10751,-1.49042,0.45406
8.74257,0.168479,5.08798,-1.48507,0.626844
8.75248,0.218744,5.06262,-1.47801,0.798793
8.76238,0.268729,5.03146,-1.46925,0.969709
8.77228,0.318377,4.99457,-1.45881,1.1394
8.78218,0.367631,4.95197,-1.44669,1.30767
8.79208,0.416436,4.90373,-1.43291,1.47434
8.80198,0.464735,4.8499,-1.41749,1.63921
8.81188,0.512473,4.79057,-1.40045,1.8021
8.82178,0.559598,4.7258,-1.38181,1.96283
8.83168,0.606054,4.65567,-1.36159,2.12121
8.84158,0.651789,4.58026,-1.33981,2.27707
8.85149,0.696752,4.49968,-1.31649,2.43025
8.86139,0.740892,4.41401,-1.29168,2.58056
8.87129,0.784159,4.32336,-1.2654,2.72784
8.88119,0.826503,4.22784,-1.23767,2.87193
8.89109,0.867879,4.12756,-1.20853,3.01267
8.90099,0.908238,4.02264,-1.17801,3.1499
8.91089,0.947535,3.9132,-1.14615,3.28348
8.92079,0.985727,3.79937,-1.11299,3.41326
8.93069,1.02277,3.68127,-1.07856,3.53909
8.94059,1.05862,3.55906,-1.04291,3.66084
8.9505,1.09325,3.43286,-1.00607,3.77839
8.9604,1.1266,3.30283,-0.96809,3.89159
8.9703,1.15865,3.1691,-0.929011,4.00032
8.9802,1.18936,3.03184,-0.888876,4.10448
8.9901,1.21869,2.8912,-0.847734,4.20395
9,1.24661,2.74734,-0.80563,4.29861
9.0099,1.27309,2.60042,-0.762613,4.38837
9.0198,1.2981,2.45061,-0.718732,4.47313
9.0297,1.32162,2.29807,-0.674036,4.5528
9.0396,1.34361,2.14298,-0.628577,4.6273
9.0495,1.36405,1.98552,-0.582407,4.69654
9.05941,1.38293,1.82585,-0.535577,4.76046
9.06931,1.40021,1.66416,-0.48814,4.81897
9.07921,1.41588,1.50062,-0.440152,4.87203
9.08911,1.42992,1.33542,-0.391665,4.91957
9.09901,1.44232,1.16875,-0.342734,4.96154
9.10891,1.45307,1.00079,-0.293416,4.99791
9.11881,1.46214,0.831715,-0.243766,5.02862
9.12871,1.46954,0.661727,-0.19384,5.05365
9.13861,1.47524,0.491011,-0.143694,5.07298
9.14851,1.47926,0.319754,-0.0933847,5.08657
9.15842,1.48158,0.148148,-0.0429695,5.09443
9.16832,1.48219,-0.0236188,0.00749504,5.09653
9.17822,1.48111,-0.195355,0.0579519,5.09288
9.18812,1.47832,-0.36687,0.108344,5.08348
9.19802,1.47384,-0.537975,0.158615,5.06835
9.20792,1.46767,-0.708481,0.208707,5.04749
9.21782,1.45981,-0.878197,0.258565,5.02094
9.22772,1.45028,-1.04694,0.308132,4.98871
9.23762,1.43908,-1.21451,0.357352,4.95085
9.24752,1.42623,-1.38074,0.406169,4.90739
9.25743,1.41174,-1.54543,0.454528,4.85839
9.26733,1.39563,-1.7084,0.502374,4.80389
9.27723,1.37791,-1.86947,0.549654,4.74396
9.28713,1.35861,-2.02847,0.596314,4.67865
9.29703,1.33774,-2.18521,0.642301,4.60804
9.30693,1.31534,-2.33952,0.687562,4.53221
9.31683,1.29142,-2.49122,0.732047,4.45123
9.32673,1.26601,-2.64015,0.775705,4.3652
9.33663,1.23914,-2.78614,0.818487,4.27421
9.34653,1.21084,-2.92902,0.860343,4.17835
9.35644,1.18114,-3.06864,0.901226,4.07773
9.36634,1.15007,-3.20483,0.94109,3.97245
9.37624,1.11767,-3.33745,0.979888,3.86264
9.38614,1.08398,-3.46633,1.01758,3.74842
9.39604,1.04903,-3.59134,1.05411,3.62989
9.40594,1.01287,-3.71233,1.08946,3.50721
9.41584,0.975521,-3.82916,1.12356,3.38049
9.42574,0.937041,-3.9417,1.1564,3.24988
9.43564,0.897468,-4.04982,1.18792,3.11552
9.44554,0.856846,-4.15339,1.21809,2.97756
9.45545,0.815222,-4.2523,1.24688,2.83615
9.46535,0.772642,-4.34642,1.27425,2.69144
9.47525,0.729154,-4.43565,1.30017,2.54361
9.48515,0.684807,-4.51987,1.32462,2.39279
9.49505,0.639651,-4.599,1.34756,2.23918
9.50495,0.593738,-4.67294,1.36896,2.08293
9.51485,0.547118,-4.74159,1.3888,1.92422
9.52475,0.499845,-4.80487,1.40706,1.76323
9.53465,0.451972,-4.86271,1.42372,1.60013
9.54455,0.403553,-4.91504,1.43875,1.43512
9.55446,0.354644,-4.96178,1.45213,1.26837
9.56436,0.3053,-5.00289,1.46386,1.10007
9.57426,0.255577,-5.0383,1.47392,0.93041
9.58416,0.205531,-5.06797,1.48229,0.759586
9.59406,0.155221,-5.09185,1.48896,0.587789
9.60396,0.104703,-5.10992,1.49392,0.415214
9.61386,0.0540342,-5.12215,1.49718,0.242057
9.62376,0.00327377,-5.12851,1.49872,0.0685157
9.63366,-0.0475206,-5.129,1.49854,-0.105212
9.64356,-0.0982906,-5.1236,1.49663,-0.278926
9.65347,-0.148978,-5.11231,1.49301,-0.452428
9.66337,-0.199524,-5.09514,1.48767,-0.625517
9.67327,-0.249872,-5.0721,1.48062,-0.797994
9.68317,-0.299962,-5.04321,1.47187,-0.96966
9.69307,-0.349737,-5.0085,1.46142,-1.14032
9.70297,-0.39914,-4.968,1.44929,-1.30976
9.71287,-0.448113,-4.92175,1.43549,-1.4778
9.72277,-0.4966,-4.8698,1.42003,-1.64424
9.73267,-0.544545,-4.8122,1.40293,-1.80888
9.74257,-0.591891,-4.749,1.38421,-1.97153
9.75248,-0.638584,-4.68029,1.36389,-2.13199
9.76238,-0.68457,-4.60613,1.34199,-2.29009
9.77228,-0.729795,-4.5266,1.31854,-2.44562
9.78218,-0.774205,-4.44179,1.29356,-2.59842
9.79208,-0.817751,-4.35178,1.26708,-2.74829
9.80198,-0.860379,-4.2567,1.23914,-2.89506
9.81188,-0.902041,-4.15662,1.20976,-3.03855
9.82178,-0.942688,-4.05168,1.17897,-3.1786
9.83168,-0.982272,-3.94199,1.14681,-3.31503
9.84158,-1.02075,-3.82766,1.11332,-3.44768
9.85149,-1.05807,-3.70884,1.07854,-3.57639
9.86139,-1.09419,-3.58565,1.0425,-3.70101
9.87129,-1.12907,-3.45825,1.00525,-3.82138
9.88119,-1.16267,-3.32676,0.966833,-3.93737
9.89109,-1.19495,-3.19135,0.927286,-4.04882
