0,-0.0986139,-9.63511,0.377279,-2.52783
0.00990099,-0.190793,-8.6813,0.33994,-4.89157
0.019802,-0.270515,-7.15941,0.280404,-6.93812
0.029703,-0.33255,-5.16678,0.202537,-8.53383
0.039604,-0.372806,-2.83168,0.111405,-9.57312
0.049505,-0.388597,-0.305656,0.0129625,-9.98568
0.0594059,-0.378831,2.24591,-0.0863322,-9.7417
0.0693069,-0.344098,4.6545,-0.179937,-8.85453
0.0792079,-0.286642,6.75981,-0.261658,-7.3805
0.0891089,-0.210226,8.42076,-0.326072,-5.41575
0.0990099,-0.119886,9.52546,-0.368889,-3.09002
0.108911,-0.0216002,9.99924,-0.387253,-0.557924
0.118812,0.0781184,9.80993,-0.379935,2.01165
0.128713,0.172657,8.97021,-0.347421,4.44727
0.138614,0.25575,7.53655,-0.291877,6.58678
0.148515,0.321903,5.60514,-0.216998,8.28834
0.158416,0.366754,3.30506,-0.127759,9.43995
0.168317,0.387364,0.789321,-0.0300733,9.96663
0.178218,0.3824,-1.77554,0.0695993,9.83511
0.188119,0.352219,-4.22056,0.164684,9.05556
0.19802,0.298836,-6.38531,0.248923,7.68054
0.207921,0.225785,-8.1283,0.316781,5.80132
0.217822,0.137883,-9.33587,0.363806,3.54171
0.227723,0.0409172,-9.9294,0.386917,1.05001
0.237624,-0.0587385,-9.87027,0.3846,-1.5105
0.247525,-0.154533,-9.1623,0.357005,-3.97208
0.257426,-0.240168,-7.85158,0.30594,-6.17328
0.267327,-0.310006,-6.02364,0.234756,-7.96938
0.277228,-0.359442,-3.79807,0.148126,-9.24188
0.287129,-0.385208,-1.32087,0.0517459,-9.90636
0.29703,-0.38559,1.245,-0.0480401,-9.91824
0.306931,-0.360547,3.7303,-0.144654,-9.27591
0.316832,-0.311716,5.97072,-0.231719,-8.02105
0.326733,-0.24231,7.81787,-0.303483,-6.23608
0.336634,-0.156904,9.14925,-0.355202,-4.03872
0.346535,-0.0611361,9.87651,-0.383456,-1.57424
0.356436,0.03867,9.9514,-0.386375,0.994289
0.366337,0.135922,9.36905,-0.363768,3.49691
0.376238,0.224197,8.16816,-0.317132,5.76814
0.386139,0.297669,6.42842,-0.249551,7.65797
0.39604,0.351495,4.26507,-0.165491,9.04185
0.405941,0.38213,1.82115,-0.0705059,9.82882
0.415842,0.387562,-0.741974,0.029138,9.96743
0.425743,0.367442,-3.25535,0.126869,9.44899
0.435644,0.323104,-5.55351,0.216248,8.30805
0.445545,0.257474,-7.48528,0.291387,6.62001
0.455446,0.174881,-8.9237,0.347339,4.49614
0.465347,0.0807675,-9.77421,0.38042,2.07626
0.475248,-0.0186675,-9.98087,0.388453,-0.480394
0.485149,-0.116873,-9.53002,0.370907,-3.00558
0.49505,-0.20738,-8.45119,0.328935,-5.33304
0.50495,-0.284223,-6.81523,0.2653,-7.30942
0.514851,-0.342333,-4.72972,0.184193,-8.80437
0.524752,-0.377878,-2.33194,0.0909553,-9.71913
0.534653,-0.388508,0.220085,-0.00826587,-9.99313
0.544554,-0.373517,2.75805,-0.106928,-9.60804
0.554455,-0.333891,5.11445,-0.198523,-8.58907
0.564356,-0.27224,7.13367,-0.277008,-7.0033
0.574257,-0.19263,8.68236,-0.337202,-4.95535
0.584158,-0.100312,9.65823,-0.375133,-2.58039
0.594059,-0.00137807,9.99687,-0.388299,-0.0352377
0.60396,0.0976455,9.676,-0.375832,2.51211
0.613861,0.190226,8.71691,-0.338555,4.89354
0.623762,0.270258,7.18301,-0.278931,6.95198
0.633663,0.332465,5.17563,-0.200893,8.55175
0.643564,0.372747,2.82725,-0.10959,9.5875
0.653465,0.388452,0.292746,-0.0110419,9.9911
0.663366,0.378546,-2.26081,0.0882539,9.73609
0.673267,0.343684,-4.66516,0.181753,8.8394
0.683168,0.286167,-6.76192,0.263292,7.36018
0.693069,0.209785,-8.41297,0.327499,5.39592
0.70297,0.119573,-9.50955,0.370142,3.07601
0.712871,0.0214768,-9.97936,0.38841,0.5533
0.722772,-0.0780382,-9.79138,0.381098,-2.006
0.732673,-0.172412,-8.95787,0.348686,-4.43322
0.742574,-0.255421,-7.53367,0.293311,-6.56832
0.752475,-0.321593,-5.61258,0.21862,-8.27045
0.762376,-0.36656,-3.32119,0.129539,-9.42728
0.772277,-0.387358,-0.810589,0.0319412,-9.96239
0.782178,-0.382611,1.75362,-0.0677359,-9.84039
0.792079,-0.352632,4.20225,-0.162918,-9.06927
0.80198,-0.299398,6.37373,-0.247325,-7.69985
0.811881,-0.22642,8.12476,-0.31539,-5.8225
0.821782,-0.138512,9.33984,-0.362622,-3.56111
0.831683,-0.0414729,9.93884,-0.385907,-1.0649
0.841584,0.0582965,9.88232,-0.38371,1.50143
0.851485,0.154217,9.17411,-0.356176,3.96861
0.861386,0.239962,7.86103,-0.305124,6.17396
0.871287,0.309881,6.02976,-0.23392,7.97213
0.881188,0.359364,3.80109,-0.14726,9.24466
0.891089,0.385151,1.32198,-0.0508576,9.90775
0.90099,0.385543,-1.24416,0.0489331,9.91778
0.910891,0.360514,-3.72825,0.145534,9.27413
0.920792,0.311716,-5.9666,0.23258,8.01924
0.930693,0.242364,-7.8117,0.304331,6.23579
0.940594,0.157028,-9.14196,0.35606,4.04127
0.950495,0.0613343,-9.86963,0.384356,1.58028
0.960396,-0.0384103,-9.94668,0.387352,-0.985022
0.970297,-0.13563,-9.36791,0.36485,-3.48552
0.980198,-0.223913,-8.17137,0.318332,-5.75632
0.990099,-0.297438,-6.43585,0.250863,-7.64762
1,-0.351355,-4.27576,0.166893,-9.0346
1.0099,-0.382106,-1.83353,0.0719601,-9.82569
1.0198,-0.387662,0.729717,-0.0276745,-9.96862
1.0297,-0.367656,3.24487,-0.125438,-9.45393
1.0396,-0.323408,5.54595,-0.214881,-8.31556
1.0495,-0.257836,7.48114,-0.290102,-6.62864
1.05941,-0.175267,8.92278,-0.346141,-4.50451
1.06931,-0.0811475,9.77583,-0.379301,-2.08337
1.07921,0.0183136,9.98408,-0.387396,0.475055
1.08911,0.116557,9.53394,-0.369895,3.00201
1.09901,0.207105,8.4552,-0.327951,5.33087
1.10891,0.283987,6.8191,-0.264333,7.30816
1.11881,0.342137,4.73357,-0.183236,8.8036
1.12871,0.377722,2.33612,-0.0900046,9.71871
1.13861,0.388397,-0.215229,0.00921437,9.99325
1.14851,0.37346,-2.75236,0.107882,9.60919
1.15842,0.333895,-5.10812,0.199496,8.59184
1.16832,0.272309,-7.12726,0.278018,7.00821
1.17822,0.19276,-8.67671,0.338272,4.96262
1.18812,0.100492,-9.65431,0.376287,2.58981
1.19802,0.00158556,-9.99551,0.389555,0.046148
1.20792,-0.097439,-9.67771,0.3772,-2.50072
1.21782,-0.190052,-8.72173,0.340035,-4.88284
1.22772,-0.270146,-7.19049,0.280509,-6.94309
1.23762,-0.332437,-5.18489,0.202548,-8.54548
1.24752,-0.372817,-2.83718,0.111292,-9.58423
1.25743,-0.388619,-0.302227,0.0127614,-9.99071
1.26733,-0.378801,2.2527,-0.0865435,-9.73805
1.27723,-0.344011,4.659,-0.180071,-8.84291
1.28713,-0.286544,6.75788,-0.26165,-7.36438
1.29703,-0.210192,8.41085,-0.3259,-5.40004
1.30693,-0.119993,9.50891,-0.368582,-3.07958
1.31683,-0.0218976,9.97971,-0.386883,-0.55613
1.32673,0.0776244,9.79232,-0.379596,2.00384
1.33663,0.17201,8.95924,-0.347203,4.43151
1.34653,0.255035,7.53552,-0.291844,6.56685
1.35644,0.321229,5.61515,-0.217167,8.26918
1.36634,0.366227,3.32476,-0.128097,9.42639
1.37624,0.387066,0.815337,-0.0305057,9.9623
1.38614,0.382373,-1.74777,0.0691763,9.84169
1.39604,0.352457,-4.1957,0.16438,9.07253
1.40594,0.299289,-6.36717,0.248831,7.70549
1.41584,0.226374,-8.1191,0.316964,5.8306
1.42574,0.138514,-9.33601,0.364288,3.57133
1.43564,0.0415014,-9.9376,0.387683,1.07652
1.44554,-0.0582704,-9.8841,0.385604,-1.48943
1.45545,-0.154223,-9.17889,0.358188,-3.95736
1.46535,-0.24003,-7.8683,0.30724,-6.1645
1.47525,-0.310031,-6.03865,0.236118,-7.9652
1.48515,-0.359607,-3.81054,0.149513,-9.24055
1.49505,-0.385486,-1.33093,0.0531371,-9.90631
1.50495,-0.385961,1.23656,-0.0466512,-9.91846
1.51485,-0.361,3.72248,-0.143267,-9.27614
1.52475,-0.312249,5.96275,-0.230337,-8.02175
1.53465,-0.242926,7.80951,-0.302114,-6.2381
1.54455,-0.157606,9.14094,-0.353863,-4.04296
1.55446,-0.0619184,9.86926,-0.382173,-1.58125
1.56436,0.0378243,9.94657,-0.385176,0.984571
1.57426,0.135043,9.36791,-0.362677,3.48526
1.58416,0.223328,8.17162,-0.316162,5.75595
1.59406,0.296858,6.43671,-0.248699,7.647
1.60396,0.350788,4.27765,-0.164737,9.03389
1.61386,0.381565,1.83678,-0.0698101,9.82533
1.62376,0.387161,-0.725031,0.0298247,9.96929
1.63366,0.367208,-3.23903,0.127602,9.45634
1.64356,0.323021,-5.53962,0.21708,8.3203
1.65347,0.257512,-7.47525,0.292361,6.63598
1.66337,0.174996,-8.91837,0.348485,4.51428
1.67327,0.0809094,-9.77382,0.381752,2.09492
1.68317,-0.018546,-9.98508,0.389968,-0.462717
1.69307,-0.116815,-9.53806,0.372588,-2.99007
1.70297,-0.207418,-8.46206,0.330757,-5.32048
1.71287,-0.28438,-6.82787,0.267231,-7.30019
1.72277,-0.342623,-4.74314,0.186198,-8.79849
1.73267,-0.378303,-2.34536,0.0930036,-9.7164
1.74257,-0.389065,0.207294,-0.00620506,-9.99321
1.75248,-0.374198,2.74632,-0.104881,-9.61058
1.76238,-0.334682,5.10411,-0.196513,-8.59373
1.77228,-0.273127,7.12502,-0.275054,-7.00978
1.78218,-0.193594,8.67567,-0.33532,-4.96334
1.79208,-0.101332,9.6538,-0.373338,-2.58956
1.80198,-0.00243006,9.99499,-0.3866,-0.0451278
1.81188,0.0965881,9.6769,-0.374233,2.50205
1.82178,0.189192,8.7207,-0.337055,4.88399
1.83168,0.269276,7.18961,-0.277521,6.9437
1.84158,0.331561,5.18473,-0.199557,8.54552
1.85149,0.371945,2.83828,-0.108303,9.58402
1.86139,0.387766,0.304919,-0.00977413,9.99091
1.87129,0.377983,-2.24845,0.0895372,9.73948
1.88119,0.343242,-4.65365,0.183088,8.84637
1.89109,0.285831,-6.75228,0.264713,7.37039
1.90099,0.209532,-8.40611,0.329036,5.40873
1.91089,0.119373,-9.50611,0.371817,3.09054
1.92079,0.0212918,-9.9797,0.390234,0.568474
1.93069,-0.0782459,-9.79551,0.383072,-1.99129
1.94059,-0.172679,-8.96546,0.350801,-4.42003
1.9505,-0.255779,-7.54409,0.295546,-6.55753
1.9604,-0.322066,-5.62499,0.220948,-8.2627
1.9703,-0.367164,-3.33462,0.131928,-9.42289
1.9802,-0.388097,-0.824073,0.0343564,-9.9614
1.9901,-0.383482,1.74096,-0.0653272,-9.84254
2,-0.353622,4.19115,-0.160545,-9.07408
2.0099,-0.300489,6.36469,-0.245011,-7.70674
2.0198,-0.227589,8.11811,-0.313153,-5.83082
2.0297,-0.139735,9.33569,-0.360473,-3.57021
2.0396,-0.0427253,9.93719,-0.383851,-1.07422
2.0495,0.0570399,9.88306,-0.381746,1.49241
2.05941,0.152979,9.17709,-0.3543,3.96034
2.06931,0.238765,7.86604,-0.303325,6.16686
2.07921,0.308743,6.03655,-0.232185,7.96659
2.08911,0.358302,3.80936,-0.145571,9.24107
2.09901,0.384177,1.3313,-0.0491931,9.90648
2.10891,0.384665,-1.23433,0.0505975,9.91912
2.11881,0.359735,-3.71858,0.147226,9.27828
2.12871,0.311029,-5.95784,0.234327,8.02619
2.13861,0.241757,-7.80467,0.306161,6.24531
2.14851,0.156481,-9.13738,0.357996,4.05286
2.15842,0.0608178,-9.8681,0.386415,1.59318
2.16832,-0.0389281,-9.94853,0.389543,-0.971728
2.17822,-0.136183,-9.37316,0.367171,-3.47286
2.18812,-0.224535,-8.17969,0.320772,-5.7453
2.19802,-0.298156,-6.44661,0.253402,-7.63908
2.20792,-0.352189,-4.28808,0.169502,-9.02912
2.21782,-0.383067,-1.84642,0.0746072,-9.82351
2.22772,-0.388751,0.71726,-0.0250223,-9.96966
2.23762,-0.368864,3.2337,-0.122811,-9.45779
2.24752,-0.324718,5.53672,-0.212305,-8.32164
2.25743,-0.259227,7.47423,-0.287595,-6.63621
2.26733,-0.176714,8.91833,-0.343715,-4.51286
2.27723,-0.0826271,9.77375,-0.37696,-2.09185
2.28713,0.0168246,9.98418,-0.385138,0.466963
2.29703,0.115079,9.53593,-0.367714,2.99469
2.30693,0.205655,8.45882,-0.325839,5.3246
2.31683,0.282581,6.82411,-0.262278,7.30315
2.32673,0.340787,4.73974,-0.181223,8.80006
2.33663,0.376439,2.34322,-0.0880197,9.71687
2.34653,0.387189,-0.20752,0.0111902,9.99337
2.35644,0.37233,-2.74446,0.109869,9.61148
2.36634,0.332843,-5.10055,0.201517,8.59645
2.37624,0.271329,-7.12069,0.280097,7.01514
2.38614,0.191838,-8.67183,0.340431,4.97164
2.39604,0.0996079,-9.65176,0.378545,2.60044
2.40594,0.000713246,-9.99579,0.391924,0.0576707
2.41584,-0.0983292,-9.68107,0.379685,-2.48919
2.42574,-0.190991,-8.72808,0.342632,-4.87228
2.43564,-0.271162,-7.19942,0.283203,-6.93439
2.44554,-0.333553,-5.1957,0.205316,-8.53935
2.45545,-0.374046,-2.84896,0.114107,-9.58108
2.46535,-0.389966,-0.313998,0.0155918,-9.99062
2.47525,-0.380262,2.24185,-0.0837268,-9.74077
2.48515,-0.345573,4.64978,-0.177294,-8.84791
2.49505,-0.288188,6.75076,-0.258932,-7.37096
2.50495,-0.211896,8.40602,-0.323253,-5.40748
2.51485,-0.121733,9.50632,-0.366011,-3.08719
2.52475,-0.0236529,9.97913,-0.384386,-0.563369
2.53465,0.0758724,9.79342,-0.377168,1.99734
2.54455,0.170276,8.9617,-0.344837,4.42597
2.55446,0.253332,7.53908,-0.289527,6.56239
2.56436,0.319566,5.6196,-0.21489,8.26588
2.57426,0.364613,3.32994,-0.125847,9.42435
2.58416,0.385507,0.821089,-0.0282689,9.96168
2.59406,0.380873,-1.74167,0.0714146,9.84268
2.60396,0.351019,-4.18959,0.166637,9.07533
2.61386,0.297911,-6.36152,0.251125,7.71021
2.62376,0.225047,-8.11449,0.319315,5.83722
2.63366,0.137227,-9.33304,0.366714,3.57962
2.64356,0.0402332,-9.93683,0.390198,1.08599
2.65347,-0.0595432,-9.8859,0.388217,-1.47948
2.66337,-0.155528,-9.18339,0.360899,-3.94777
2.67327,-0.241392,-7.87532,0.310041,-6.15612
2.68317,-0.311473,-6.0477,0.238994,-7.9588
2.69307,-0.361147,-3.82087,0.152441,-9.23667
2.70297,-0.387133,-1.34167,0.0560896,-9.9052
2.71287,-0.387713,1.22632,-0.0437014,-9.92002
2.72277,-0.362849,3.7135,-0.140346,-9.27999
2.73267,-0.314179,5.95558,-0.227462,-8.02727
2.74257,-0.244917,7.80443,-0.299301,-6.24459
2.75248,-0.159637,9.13795,-0.351118,-4.04973
2.76238,-0.0639688,9.86816,-0.379494,-1.58772
2.77228,0.0357713,9.94701,-0.382559,0.978805
2.78218,0.133001,9.36953,-0.360113,3.48041
2.79208,0.221307,8.17408,-0.313642,5.75208
2.80198,0.294865,6.43979,-0.246212,7.64411
2.81188,0.348829,4.28122,-0.162274,9.03195
2.82178,0.379643,1.84077,-0.0673623,9.82438
2.83168,0.385281,-0.720712,0.0322682,9.96943
2.84158,0.365373,-3.23453,0.130053,9.45776
2.85149,0.321231,-5.5352,0.219552,8.32318
2.86139,0.255764,-7.47133,0.294869,6.64042
2.87129,0.173283,-8.91545,0.351046,4.52025
2.88119,0.0792194,-9.77242,0.384379,2.10217
2.89109,-0.0202314,-9.98567,0.392672,-0.454657
2.90099,-0.118517,-9.54092,0.375374,-2.98186
2.91089,-0.209161,-8.46721,0.333623,-5.31288
2.92079,-0.286184,-6.83504,0.270167,-7.29396
2.93069,-0.344506,-4.7518,0.189187,-8.79424
2.94059,-0.380277,-2.35476,0.0960226,-9.7145
2.9505,-0.391134,0.197973,-0.00317945,-9.99374
2.9604,-0.376356,2.73786,-0.101872,-9.61331
2.9703,-0.336918,5.09711,-0.193541,-8.59816
2.9802,-0.275424,7.11983,-0.272132,-7.01528
2.9901,-0.195933,8.67239,-0.332457,-4.96924
3,-0.103695,9.65228,-0.370533,-2.59525
3.0099,-0.00479969,9.9949,-0.383849,-0.0501821
3.0198,0.0942235,9.67785,-0.371528,2.49787
3.0297,0.186841,8.7223,-0.334388,4.88075
3.0396,0.266943,7.1916,-0.274882,6.94133
3.0495,0.32925,5.18696,-0.196938,8.5439
3.05941,0.369657,2.8407,-0.105697,9.58308
3.06931,0.385503,0.307561,-0.00717377,9.99064
3.07921,0.375748,-2.24559,0.0921385,9.73999
3.08911,0.341037,-4.65067,0.185698,8.84783
3.09901,0.283656,-6.74941,0.267344,7.37299
3.10891,0.207384,-8.40368,0.331699,5.41257
3.11881,0.117245,-9.50458,0.374524,3.09558
3.12871,0.0191734,-9.97953,0.392997,0.574481
3.13861,-0.0803706,-9.79706,0.385898,-1.98477
3.14851,-0.174828,-8.96894,0.353692,-4.4136
3.15842,-0.257973,-7.54943,0.298498,-6.55186
3.16832,-0.324321,-5.63186,0.223951,-8.25843
3.17822,-0.369493,-3.34248,0.134964,-9.42048
3.18812,-0.390507,-0.832214,0.0374063,-9.96106
3.19802,-0.385971,1.73327,-0.0622844,-9.84422
3.20792,-0.356183,4.18454,-0.157528,-9.07744
3.21782,-0.303109,6.3596,-0.242034,-7.71123
3.22772,-0.230252,8.1147,-0.310224,-5.83581
3.23762,-0.142423,9.3339,-0.357595,-3.57512
3.24752,-0.0454233,9.93672,-0.381019,-1.07855
3.25743,0.0543426,9.88352,-0.378954,1.48892
3.26733,0.150289,9.17805,-0.351538,3.95777
3.27723,0.236087,7.86719,-0.300584,6.1651
3.28713,0.306076,6.03768,-0.229458,7.96547
3.29703,0.355646,3.81043,-0.142853,9.24039
3.30693,0.381532,1.33238,-0.0464808,9.90611
3.31683,0.382032,-1.23313,0.0533076,9.91908
3.32673,0.357115,-3.71717,0.149938,9.27868
3.33663,0.308425,-5.95627,0.237045,8.02724
3.34653,0.239169,-7.8031,0.308894,6.24722
3.35644,0.153907,-9.13614,0.360753,4.05576
3.36634,0.0582536,-9.86759,0.389206,1.59704
3.37624,-0.0414922,-9.94916,0.392376,-0.967133
3.38614,-0.13876,-9.37524,0.370052,-3.46795
3.39604,-0.22714,-8.18335,0.323702,-5.74062
3.40594,-0.300806,-6.45173,0.256375,-7.63521
3.41584,-0.354896,-4.2943,0.172508,-9.02657
3.42574,-0.385839,-1.85319,0.0776299,-9.82262
3.43564,-0.391591,0.710577,-0.0219995,-9.97051
3.44554,-0.371767,3.22772,-0.119805,-9.46019
3.45545,-0.327675,5.53192,-0.209329,-8.32517
3.46535,-0.262224,7.47086,-0.284659,-6.64033
3.47525,-0.179738,8.91639,-0.34082,-4.51699
3.48515,-0.0856637,9.77302,-0.374104,-2.09549
3.49505,0.0137857,9.98428,-0.382316,0.464118
3.50495,0.112044,9.53643,-0.364916,2.99275
3.51485,0.202626,8.45934,-0.323056,5.32348
3.52475,0.279556,6.82438,-0.259502,7.30261
3.53465,0.337764,4.73968,-0.178451,8.79983
3.54455,0.373413,2.3429,-0.0852494,9.7167
3.55446,0.38416,-0.207897,0.0139585,9.99313
3.56436,0.369298,-2.74469,0.112635,9.61121
3.57426,0.32981,-5.10049,0.204281,8.59632
3.58416,0.268298,-7.12032,0.282861,7.01539
3.59406,0.188813,-8.6713,0.3432,4.97252
3.60396,0.0965882,-9.65136,0.381326,2.60213
3.61386,-0.00230429,-9.9959,0.394727,0.0601524
3.62376,-0.101352,-9.68206,0.382516,-2.48611
3.63366,-0.194029,-8.73022,0.345495,-4.86897
3.64356,-0.274227,-7.20279,0.286098,-6.93132
3.65347,-0.336657,-5.20016,0.208239,-8.53704
3.66337,-0.377198,-2.85415,0.117047,-9.57992
3.67327,-0.393172,-0.319416,0.0185371,-9.99082
3.68317,-0.383521,2.23676,-0.0807906,-9.74231
3.69307,-0.348879,4.64551,-0.174379,-8.85053
3.70297,-0.291531,6.74763,-0.256047,-7.37422
3.71287,-0.215263,8.40413,-0.320402,-5.41085
3.72277,-0.125114,9.50552,-0.363193,-3.09018
3.73267,-0.0270366,9.97908,-0.381594,-0.565608
3.74257,0.0724906,9.79369,-0.374394,1.99601
3.75248,0.166897,8.96186,-0.342071,4.42548
3.76238,0.249953,7.53879,-0.286763,6.5625
3.77228,0.316182,5.61871,-0.212123,8.26623
3.78218,0.361217,3.32852,-0.123077,9.4246
3.79208,0.382095,0.819331,-0.0254979,9.96158
3.80198,0.377444,-1.74345,0.0741823,9.84212
3.81188,0.347573,-4.1911,0.169397,9.07439
3.82178,0.294452,-6.36255,0.253875,7.70915
3.83168,0.221581,-8.11498,0.322054,5.83635
3.84158,0.133758,-9.33314,0.369447,3.57923
3.85149,0.0367649,-9.93682,0.39293,1.0863
3.86139,-0.0630121,-9.88617,0.390956,-1.47844
3.87129,-0.159002,-9.18427,0.363652,-3.94617
3.88119,-0.244879,-7.87707,0.312812,-6.15429
3.89109,-0.314982,-6.05037,0.241782,-7.95715
3.90099,-0.364686,-3.82432,0.155243,-9.23563
3.91089,-0.390709,-1.34555,0.0588978,-9.90505
3.92079,-0.391329,1.22243,-0.0408968,-9.92089
3.93069,-0.366501,3.71007,-0.137554,-9.28176
3.94059,-0.317861,5.95295,-0.224693,-8.02965
3.9505,-0.248621,7.80276,-0.296556,-6.24714
3.9604,-0.163352,9.1372,-0.348398,-4.05199
3.9703,-0.0676875,9.86806,-0.376793,-1.58932
3.9802,0.0320536,9.94715,-0.37987,0.978076
3.9901,0.129285,9.36947,-0.357428,3.48054
4,0.217587,8.17344,-0.310951,5.75284
4.0099,0.291136,6.43835,-0.243512,7.64513
4.0198,0.345081,4.27895,-0.159564,9.0328
4.0297,0.37587,1.83787,-0.064646,9.82469
4.0396,0.381477,-0.723886,0.034984,9.96898
4.0495,0.361538,-3.23757,0.13276,9.45649
4.05941,0.317368,-5.53775,0.222243,8.32126
4.06931,0.251879,-7.47313,0.297539,6.63818
4.07921,0.169384,-8.91645,0.353693,4.51807
4.08911,0.0753143,-9.77277,0.387006,2.10042
4.09901,-0.0241375,-9.98566,0.395284,-0.455735
4.10891,-0.122423,-9.54093,0.37798,-2.9822
4.11881,-0.213067,-8.46759,0.336229,-5.31261
4.12871,-0.290097,-6.83603,0.272777,-7.29336
4.13861,-0.348433,-4.75345,0.191804,-8.79367
4.14851,-0.384223,-2.35694,0.0986436,-9.71431
4.15842,-0.395102,0.195541,-0.000559372,-9.99415
4.16832,-0.380348,2.73554,-0.0992597,-9.61435
4.17822,-0.340932,5.09524,-0.190941,-8.59968
4.18812,-0.279452,7.11862,-0.269549,-7.01697
4.19802,-0.199969,8.67187,-0.32989,-4.9707
4.20792,-0.107733,9.65227,-0.367978,-2.59613
4.21782,-0.00883705,9.99505,-0.381299,-0.0502463
4.22772,0.090187,9.67771,-0.368975,2.49866
4.23762,0.1828,8.72147,-0.331823,4.88221
4.24752,0.26289,7.18979,-0.2723,6.94309
4.25743,0.325174,5.18406,-0.194338,8.54549
4.26733,0.365547,2.83688,-0.103084,9.584
4.27723,0.381352,0.303156,-0.00455638,9.99055
4.28713,0.371552,-2.2501,0.0947493,9.73871
4.29703,0.336797,-4.65478,0.188291,8.84542
4.30693,0.279379,-6.75269,0.269908,7.36973
4.31683,0.20308,-8.40589,0.334227,5.40889
4.32673,0.112925,-9.50568,0.377015,3.09195
4.33663,0.0148473,-9.9797,0.395454,0.571319
4.34653,-0.0846947,-9.79664,0.388327,-1.98718
4.35644,-0.179146,-8.96832,0.356102,-4.41516
4.36634,-0.262285,-7.54898,0.300896,-6.5527
4.37624,-0.32863,-5.63182,0.226343,-8.25878
4.38614,-0.373804,-3.34292,0.137354,-9.42066
4.39604,-0.394824,-0.833029,0.0397941,-9.96135
4.40594,-0.390297,1.73231,-0.0599007,-9.84476
4.41584,-0.360519,4.1837,-0.155151,-9.07823
4.42574,-0.307451,6.35909,-0.239666,-7.7121
4.43564,-0.234596,8.11462,-0.307864,-5.83647
4.44554,-0.146766,9.33412,-0.355239,-3.57525
4.45545,-0.0497636,9.93698,-0.378661,-1.07792
4.46535,0.0500038,9.88341,-0.376585,1.49038
4.47525,0.145946,9.17716,-0.34915,3.95993
4.48515,0.23173,7.86516,-0.298173,6.16762
4.49505,0.301693,6.03437,-0.227022,7.96784
4.50495,0.351224,3.80589,-0.140396,9.24207
4.51485,0.37706,1.32693,-0.0440115,9.90663
4.52475,0.377503,-1.23898,0.0557751,9.91812
4.53465,0.352528,-3.72283,0.152388,9.27616
4.54455,0.303784,-5.96115,0.239463,8.02334
4.55446,0.234485,-7.80676,0.311267,6.24235
4.56436,0.149194,-9.13835,0.363075,4.05045
4.57426,0.0535265,-9.86836,0.391475,1.59187
4.58416,-0.0462203,-9.94872,0.394596,-0.971688
4.59406,-0.143479,-9.37398,0.372232,-3.47157
4.60396,-0.231844,-8.18171,0.32585,-5.7432
4.61386,-0.305492,-6.45011,0.258502,-7.63685
4.62376,-0.359567,-4.29297,0.174623,-9.02751
4.63366,-0.390499,-1.85225,0.0797383,-9.82313
4.64356,-0.396243,0.71119,-0.0198949,-9.97082
4.65347,-0.376414,3.22817,-0.117703,-9.46044
4.66337,-0.332317,5.53238,-0.207229,-8.32532
4.67327,-0.266861,7.47145,-0.282559,-6.64022
4.68317,-0.184368,8.91708,-0.338717,-4.51638
4.69307,-0.0902865,9.77359,-0.371992,-2.09417
4.70297,0.00916703,9.98439,-0.380186,0.466253
4.71287,0.107423,9.53567,-0.362761,2.9956
4.72277,0.197992,8.45732,-0.32087,5.32675
4.73267,0.274895,6.82088,-0.257283,7.30582
4.74257,0.33306,4.73469,-0.176202,8.80237
4.75248,0.368654,2.33667,-0.0829804,9.71801
4.76238,0.379334,-0.21488,0.0162327,9.99275
4.77228,0.364401,-2.75177,0.114896,9.60892
4.78218,0.324845,-5.10697,0.20651,8.59217
4.79208,0.263274,-7.12557,0.28504,7.00971
4.80198,0.183744,-8.67488,0.345317,4.96586
4.81188,0.0914928,-9.65309,0.383375,2.59514
4.82178,-0.00740765,-9.99586,0.396706,0.0534853
4.83168,-0.106447,-9.68056,0.384433,-2.49192
4.84158,-0.199103,-8.72772,0.347359,-4.87359
4.85149,-0.279273,-7.1998,0.287923,-6.93464
4.86139,-0.341672,-5.19712,0.210037,-8.53914
4.87129,-0.382184,-2.85136,0.118829,-9.58104
4.88119,-0.398132,-0.317008,0.0203123,-9.99123
4.89109,-0.388458,2.23879,-0.0790166,-9.74223
4.90099,-0.353797,4.64726,-0.172602,-8.85006
4.91089,-0.296432,6.74917,-0.254264,-7.37333
4.92079,-0.22015,8.40548,-0.318607,-5.40943
4.93069,-0.129988,9.50654,-0.36138,-3.08807
4.94059,-0.031903,9.97951,-0.379756,-0.562739
4.9505,0.0676245,9.79317,-0.372524,1.99959
4.9604,0.16202,8.95999,-0.340163,4.42952
4.9703,0.24505,7.53531,-0.284813,6.56655
4.9802,0.311235,5.61352,-0.210134,8.26971
4.9901,0.356211,3.32178,-0.121059,9.42686
5,0.377015,0.811479,-0.0234652,9.96205
5.0099,0.372283,-1.75177,0.0762095,9.84043
5.0198,0.342329,-4.1991,0.171396,9.07044
5.0297,0.289134,-6.36946,0.255824,7.70313
5.0396,0.216202,-8.12016,0.323935,5.82876
5.0495,0.128338,-9.33618,0.371246,3.57076
5.05941,0.0313257,-9.93761,0.394644,1.07771
5.06931,-0.0684483,-9.88489,0.392586,-1.48642
5.07921,-0.164416,-9.18133,0.365208,-3.95297
5.08911,-0.250257,-7.87302,0.314307,-6.15956
5.09901,-0.320317,-6.04579,0.243234,-7.9608
5.10891,-0.369974,-3.81969,0.156665,-9.23776
5.11881,-0.395952,-1.34123,0.0603061,-9.90591
5.12871,-0.39653,1.22627,-0.0394915,-9.92074
5.13861,-0.371666,3.71337,-0.136143,-9.28083
5.14851,-0.322996,5.95574,-0.223269,-8.02805
5.15842,-0.25373,7.80506,-0.295113,-6.24488
5.16832,-0.168441,9.13891,-0.346928,-4.04903
5.17822,-0.0727628,9.86898,-0.375291,-1.58561
5.18812,0.0269828,9.94699,-0.378327,0.982477
5.19802,0.124206,9.36786,-0.355837,3.48542
5.20792,0.212484,8.1701,-0.309311,5.7578
5.21782,0.28599,6.4331,-0.241824,7.64959
5.22772,0.339874,4.27189,-0.157836,9.03609
5.23762,0.370585,1.82936,-0.0628932,9.82616
5.24752,0.376102,-0.733237,0.0367406,9.96811
5.25743,0.356068,-3.24695,0.134496,9.45304
5.26733,0.311808,-5.54629,0.223931,8.31528
5.27723,0.246242,-7.48001,0.299157,6.63006
5.28713,0.163689,-8.92107,0.355221,4.50847
5.29703,0.0695859,-9.77479,0.388434,2.09018
5.30693,-0.0298727,-9.98508,0.396611,-0.465755
5.31683,-0.12814,-9.53805,0.379211,-2.99122
5.32673,-0.218746,-8.46294,0.337377,-5.32006
5.33663,-0.295723,-6.83024,0.27386,-7.2989
5.34653,-0.353997,-4.74718,0.192841,-8.79725
5.35644,-0.389724,-2.35073,0.0996553,-9.71605
5.36634,-0.400543,0.201308,0.000443322,-9.99432
5.37624,-0.385735,2.74063,-0.0982518,-9.61324
5.38614,-0.346271,5.09956,-0.189917,-8.59753
5.39604,-0.284752,7.12212,-0.268498,-7.01394
5.40594,-0.205238,8.67449,-0.328805,-4.96687
5.41584,-0.112981,9.65386,-0.366851,-2.59153
5.42574,-0.0140744,9.99537,-0.380122,-0.0449577
5.43564,0.0849457,9.67647,-0.367742,2.50444
5.44554,0.177538,8.71836,-0.330531,4.88811
5.45545,0.257586,7.18463,-0.27095,6.94856
5.46535,0.319808,5.17686,-0.192938,8.54987
5.47525,0.360101,2.8279,-0.101648,9.58659
5.48515,0.375809,0.292961,-0.00310557,9.99072
5.49505,0.365905,-2.26072,0.0961883,9.73607
5.50495,0.331045,-4.66488,0.189689,8.83985
5.51485,0.273533,-6.76133,0.271237,7.36148
5.52475,0.197158,-8.41225,0.335463,5.39855
5.53465,0.106953,-9.50922,0.37814,3.08035
5.54455,0.00885545,-9.9802,0.396461,0.559436
5.55446,-0.0906765,-9.79424,0.389218,-1.99839
5.56436,-0.185091,-8.96346,0.356887,-4.4249
5.57426,-0.268171,-7.54232,0.301594,-6.56038
5.58416,-0.334443,-5.62412,0.226976,-8.26414
5.59406,-0.379538,-3.33489,0.137945,-9.42368
5.60396,-0.400478,-0.825265,0.0403664,-9.96223
5.61386,-0.395877,1.73938,-0.0593274,-9.84382
5.62376,-0.366032,4.18981,-0.15456,-9.07579
5.63366,-0.312908,6.36411,-0.239044,-7.70845
5.64356,-0.240009,8.11845,-0.307201,-5.83182
5.65347,-0.152147,9.33665,-0.354524,-3.56975
5.66337,-0.0551261,9.93802,-0.377888,-1.07171
5.67327,0.0446437,9.88272,-0.375746,1.4971
5.68317,0.14057,9.17447,-0.348243,3.9668
5.69307,0.226316,7.86026,-0.297198,6.17414
5.70297,0.296219,6.02721,-0.225986,7.97336
5.71287,0.345668,3.79667,-0.139312,9.24586
5.72277,0.371403,1.31614,-0.042901,9.90799
5.73267,0.371733,-1.25061,0.056885,9.9165
5.74257,0.346642,-3.73433,0.153466,9.2713
5.75248,0.297788,-5.97149,0.240477,8.01534
5.76238,0.228396,-7.81496,0.312187,6.23166
5.77228,0.143037,-9.14363,0.363878,4.03787
5.78218,0.0473327,-9.87029,0.392147,1.5784
5.79208,-0.0524161,-9.94723,0.395133,-0.98497
5.80198,-0.149644,-9.36937,0.372641,-3.48365
5.81188,-0.237949,-8.17458,0.326148,-5.75325
5.82178,-0.311516,-6.44127,0.258713,-7.64435
5.83168,-0.365498,-4.28326,0.174773,-9.03223
5.84158,-0.396331,-1.84247,0.0798549,-9.82515
5.85149,-0.401979,0.72039,-0.0197858,-9.97041
5.86139,-0.382063,3.23633,-0.117579,-9.45797
5.87129,-0.337891,5.53922,-0.207071,-8.3212
5.88119,-0.272374,7.47678,-0.282353,-6.6348
5.89109,-0.189835,8.92078,-0.338451,-4.50994
5.90099,-0.0957254,9.77553,-0.371657,-2.08695
5.91089,0.00373826,9.98438,-0.379776,0.473998
5.92079,0.101984,9.53351,-0.362272,3.00353
5.93069,0.192519,8.45281,-0.320302,5.33438
5.94059,0.269366,6.81395,-0.256643,7.31253
5.9505,0.32745,4.72545,-0.175502,8.80745
5.9604,0.362941,2.32552,-0.0822401,9.7207
5.9703,0.373503,-0.227269,0.0169857,9.99241
5.9802,0.358444,-2.76447,0.115629,9.60513
5.9901,0.318764,-5.11889,0.207187,8.58485
6,0.257082,-7.13561,0.285628,6.99916
6.0099,0.177465,-8.68208,0.345787,4.95276
6.0198,0.0851591,-9.65676,0.383704,2.58047
6.0297,-0.0137589,-9.9957,0.396886,0.0384145
6.0396,-0.112777,-9.67667,0.384465,-2.50621
6.0495,-0.205377,-8.7206,0.347257,-4.88605
6.05941,-0.285463,-7.19022,0.287709,-6.94448
6.06931,-0.347757,-5.18601,0.20974,-8.5459
6.07921,-0.388154,-2.83969,0.118481,-9.58459
6.08911,-0.403986,-0.305637,0.0199442,-9.99175
6.09901,-0.394203,2.24918,-0.0793758,-9.74007
6.10891,-0.359445,4.65618,-0.172928,-8.8457
6.11881,-0.301999,6.75633,-0.254536,-7.36724
6.12871,-0.225655,8.41069,-0.318812,-5.40204
6.13861,-0.135451,9.50966,-0.361506,-3.07975
6.14851,-0.0373459,9.9804,-0.379796,-0.553831
6.15842,0.062179,9.79167,-0.372472,2.0087
6.16832,0.156547,8.95597,-0.34002,4.43837
6.17822,0.239524,7.52868,-0.284586,6.57454
6.18812,0.30563,5.60437,-0.209834,8.27613
6.19802,0.350503,3.31042,-0.120704,9.43095
6.20792,0.371186,0.798515,-0.0230841,9.9631
6.21782,0.366319,-1.76546,0.076584,9.8379
6.22772,0.336229,-4.21243,0.171726,9.06409
6.23762,0.282907,-6.38126,0.256073,7.6931
6.24752,0.209869,-8.12932,0.324067,5.81557
6.25743,0.12193,-9.3418,0.371234,3.55533
6.26733,0.0248818,-9.93915,0.394471,1.06121
6.27723,-0.0748864,-9.88221,0.392249,-1.50271
6.28713,-0.170807,-9.17476,0.364714,-3.96779
6.29703,-0.256566,-7.86323,0.313677,-6.17189
6.30693,-0.326515,-6.03372,0.242496,-7.9699
6.31683,-0.376044,-3.80642,0.155855,-9.24327
6.32673,-0.401887,-1.3278,0.059459,-9.90782
6.33663,-0.402334,1.23894,-0.0403405,-9.91933
6.34653,-0.37735,3.72458,-0.136963,-9.27659
6.35644,-0.328577,5.965,-0.224034,-8.02153
6.36634,-0.25923,7.81206,-0.295803,-6.23666
6.37624,-0.173883,9.14347,-0.34753,-4.03962
6.38614,-0.0781714,9.87098,-0.375794,-1.57548
6.39604,0.0215811,9.94632,-0.378727,0.992878
6.40594,0.118784,9.36444,-0.356133,3.49559
6.41584,0.207014,8.16386,-0.309509,5.76715
6.42574,0.280444,6.42413,-0.241935,7.65743
6.43564,0.334226,4.26044,-0.157879,9.04167
6.44554,0.364812,1.81596,-0.0628939,9.82872
6.45545,0.370188,-0.747773,0.0367482,9.96703
6.46535,0.350007,-3.26158,0.134473,9.44792
6.47525,0.305606,-5.55978,0.223837,8.30609
6.48515,0.239915,-7.49116,0.298952,6.61717
6.49505,0.157267,-8.92878,0.354872,4.49267
6.50495,0.063107,-9.77828,0.387918,2.0726
6.51485,-0.0363638,-9.98399,0.395915,-0.483771
6.52475,-0.134597,-9.53246,0.378338,-3.00828
6.53465,-0.225127,-8.4534,0.336344,-5.3349
6.54455,-0.301992,-6.81765,0.272694,-7.31053
6.55446,-0.360129,-4.73265,0.191578,-8.80504
6.56436,-0.395706,-2.33545,0.098335,-9.71978
6.57426,-0.406373,0.216221,-0.000894068,-9.99412
6.58416,-0.391421,2.75424,-0.0995689,-9.60955
6.59406,-0.35183,5.11115,-0.191181,-8.59095
6.60396,-0.290208,7.13124,-0.269685,-7.00513
6.61386,-0.210617,8.68084,-0.329895,-4.95648
6.62376,-0.11831,9.6573,-0.367831,-2.58018
6.63366,-0.019384,9.99581,-0.380986,-0.0332171
6.64356,0.0796254,9.67385,-0.368489,2.51601
6.65347,0.172176,8.71269,-0.331165,4.8989
6.66337,0.252153,7.17598,-0.271482,6.95791
6.67327,0.314275,5.16547,-0.193387,8.55701
6.68317,0.354441,2.81425,-0.102039,9.59075
6.69307,0.370005,0.277772,-0.00347263,9.99121
6.70297,0.359945,-2.27643,0.095806,9.73237
6.71287,0.32493,-4.67991,0.189248,8.83178
6.72277,0.267276,-6.77438,0.270694,7.34924
6.73267,0.190786,-8.42209,0.33478,5.38277
6.74257,0.100502,-9.51486,0.377286,3.06208
6.75248,0.00237178,-9.98102,0.395417,0.540008
6.76238,-0.0971434,-9.79007,0.38798,-2.01749
6.77228,-0.191493,-8.95465,0.355466,-4.44222
6.78218,-0.274464,-7.52966,0.300014,-6.57468
6.79208,-0.340595,-5.6087,0.225272,-8.2745
6.80198,-0.385526,-3.318,0.13616,-9.42962
6.81188,-0.406295,-0.808203,0.0385449,-9.96369
6.82178,-0.401528,1.75545,-0.0611418,-9.8411
6.83168,-0.371531,4.20393,-0.156328,-9.06948
6.84158,-0.318279,6.37562,-0.240734,-7.69929
6.85149,-0.245279,8.1269,-0.308787,-5.8206
6.86139,-0.157349,9.34182,-0.355991,-3.55721
6.87129,-0.0602933,9.93982,-0.379225,-1.05858
6.88119,0.0394775,9.88113,-0.376952,1.51017
6.89109,0.135371,9.16953,-0.349321,3.97915
6.90099,0.221051,7.8521,-0.298158,6.18509
6.91089,0.290858,6.01605,-0.226846,7.98216
6.92079,0.340182,3.78294,-0.140098,9.25174
6.93069,0.36577,1.30051,-0.0436453,9.9102
6.94059,0.365937,-1.2672,0.0561425,9.91445
6.9505,0.34068,-3.75071,0.15268,9.26466
6.9604,0.291669,-5.98632,0.239602,8.00413
6.9703,0.222141,-7.82692,0.31118,6.21635
6.9802,0.136681,-9.15153,0.362701,4.01936
6.9901,0.0409221,-9.87327,0.390773,1.55797
7,-0.05883,-9.94487,0.393553,-1.00579
7.0099,-0.156007,-9.36177,0.370857,-3.50326
7.0198,-0.244213,-8.16236,0.32418,-5.7702
7.0297,-0.317639,-6.42543,0.256594,-7.65744
7.0396,-0.371449,-4.26513,0.172546,-9.04069
7.0495,-0.402095,-1.82348,0.0775683,-9.82866
7.05941,-0.407555,0.73887,-0.0220827,-9.96911
7.06931,-0.387461,3.2531,-0.11984,-9.45235
7.07921,-0.343134,5.55336,-0.209257,-8.31202
7.08911,-0.277491,7.48767,-0.284433,-6.62293
7.09901,-0.194862,8.92804,-0.340402,-4.49629
7.10891,-0.100698,9.77901,-0.373466,-2.07238
7.11881,-0.00121883,9.98407,-0.381438,0.488682
7.12871,0.0970048,9.52949,-0.363788,3.01758
7.13861,0.187483,8.44525,-0.321684,5.34707
7.14851,0.264237,6.8031,-0.257908,7.3231
7.15842,0.322198,4.71174,-0.176674,8.81512
7.16832,0.35754,2.30957,-0.0833528,9.72473
7.17822,0.367934,-0.244586,0.0158929,9.99214
7.18812,0.3527,-2.78202,0.114511,9.60012
7.19802,0.312847,-5.13537,0.205995,8.57496
7.20792,0.251012,-7.14961,0.284314,6.9847
7.21782,0.171273,-8.69229,0.344308,4.93446
7.22772,0.0788874,-9.66211,0.382028,2.55951
7.23762,-0.020057,-9.99551,0.394993,0.0162843
7.24752,-0.119045,-9.67078,0.382351,-2.52784
7.25743,-0.211559,-8.70938,0.344936,-4.90553
7.26733,-0.291509,-7.17455,0.285211,-6.96038
7.27723,-0.35363,-5.16715,0.207105,-8.55713
7.28713,-0.393828,-2.81914,0.11576,-9.59056
7.29703,-0.409452,-0.284948,0.0171913,-9.99233
7.30693,-0.399468,2.26858,-0.0821085,-9.73562
7.31683,-0.364527,4.6731,-0.175593,-8.83691
7.32673,-0.306928,6.7699,-0.257095,-7.35504
7.33663,-0.230467,8.42034,-0.321235,-5.38745
7.34653,-0.140188,9.51514,-0.363775,-3.06381
7.35644,-0.0420492,9.98165,-0.381903,-0.537484
7.36634,0.0574673,9.78879,-0.374417,2.02457
7.37624,0.151787,8.94917,-0.341812,4.45294
7.38614,0.234677,7.51826,-0.286241,6.58702
7.39604,0.300663,5.59076,-0.211378,8.28574
7.40594,0.345386,3.29423,-0.122169,9.43692
7.41584,0.365897,0.780584,-0.02451,9.96474
7.42574,0.360846,-1.78407,0.0751511,9.83469
7.43564,0.330572,-4.23043,0.170236,9.05576
7.44554,0.277078,-6.39722,0.254474,7.67979
7.45545,0.203896,-8.14183,0.322313,5.79785
7.46535,0.115855,-9.34962,0.369286,3.53423
7.47525,0.0187553,-9.94136,0.3923,1.03815
7.48515,-0.0810051,-9.87838,0.389844,-1.52603
7.49505,-0.176858,-9.16501,0.362082,-3.98962
7.50495,-0.262492,-7.84824,0.310841,-6.19056
7.51485,-0.332269,-6.01464,0.239495,-7.98405
7.52475,-0.381593,-3.78476,0.152739,-9.252
7.53465,-0.407213,-1.30521,0.0562853,-9.91074
7.54455,-0.407437,1.26083,-0.0435143,-9.91657
7.55446,-0.382243,3.74433,-0.140083,-9.26872
7.56436,-0.333289,5.98146,-0.227053,-8.00946
7.57426,-0.263796,7.82444,-0.298684,-6.22148
7.58416,-0.178348,9.15133,-0.350248,-4.02249
7.59406,-0.0825814,9.87418,-0.378335,-1.55753
7.60396,0.0171797,9.94491,-0.381088,1.01061
7.61386,0.114346,9.35865,-0.358322,3.51215
7.62376,0.202498,8.15405,-0.311541,5.78167
7.63366,0.275812,6.41077,-0.243835,7.66908
7.64356,0.329444,4.24415,-0.15968,9.04968
7.65347,0.359856,1.79755,-0.0646358,9.83237
7.66337,0.365041,-0.767283,0.035019,9.96573
7.67327,0.344665,-3.28093,0.132705,9.44133
7.68317,0.300075,-5.57757,0.221977,8.29418
7.69307,0.23422,-7.5059,0.296948,6.60035
7.70297,0.151445,-8.93909,0.352679,4.47182
7.71287,0.057209,-9.78306,0.385501,2.049
7.72277,-0.042279,-9.98253,0.393255,-0.508446
7.73267,-0.140466,-9.52462,0.375434,-3.0322
7.74257,-0.230887,-8.4396,0.333211,-5.35624
7.75248,-0.307588,-6.79887,0.269368,-7.32768
7.76238,-0.365518,-4.71034,0.188107,-8.81678
7.77228,-0.400861,-2.3113,0.0947769,-9.7254
7.78218,-0.411285,0.2404,-0.00447677,-9.9935
7.79208,-0.396098,2.77677,-0.103115,-9.60307
7.80198,-0.356296,5.13062,-0.194636,-8.57943
7.81188,-0.294499,7.14659,-0.273003,-6.98969
7.82178,-0.214778,8.69141,-0.333044,-4.93839
7.83168,-0.122391,9.66277,-0.370791,-2.56073
7.84158,-0.0234358,9.9962,-0.383749,-0.0136176
7.85149,0.0755527,9.66938,-0.371059,2.53466
7.86139,0.168036,8.70374,-0.333558,4.91561
7.87129,0.247903,7.16306,-0.273721,6.97178
7.88119,0.309878,5.14924,-0.195504,8.56723
7.89109,0.349869,2.7955,-0.104075,9.59659
7.90099,0.365236,0.257519,-0.00547456,9.99203
7.91089,0.35497,-2.29699,0.0937858,9.72774
7.92079,0.319754,-4.69937,0.187154,8.82156
7.93069,0.261916,-6.79124,0.268471,7.33368
7.94059,0.185276,-8.43489,0.332377,5.36257
7.9505,0.0948899,-9.52229,0.374663,3.0384
7.9604,-0.00328407,-9.98216,0.392546,0.514419
7.9703,-0.102777,-9.78449,0.384851,-2.04314
7.9802,-0.197038,-8.94251,0.352088,-4.46599
7.9901,-0.279858,-7.51173,0.296415,-6.59474
8,-0.345785,-5.58627,0.221498,-8.28935
8.0099,-0.390477,-3.29276,0.132268,-9.43824
8.0198,-0.410987,-0.782048,0.0346003,-9.96562
8.0297,-0.405961,1.78064,-0.0650724,-9.8365
8.0396,-0.375724,4.22648,-0.160182,-9.059
8.0495,-0.322266,6.39416,-0.244458,-7.68401
8.05941,-0.249105,8.1405,-0.312339,-5.80184
8.06931,-0.161066,9.34998,-0.359343,-3.53641
8.07921,-0.0639569,9.94238,-0.382365,-1.03712
8.08911,0.035812,9.87829,-0.379879,1.53099
8.09901,0.131651,9.16167,-0.352047,3.99819
8.10891,0.21723,7.83979,-0.300707,6.20134
8.11881,0.286894,5.99999,-0.229249,7.99475
8.12871,0.336042,3.76396,-0.142396,9.25989
8.13861,0.361429,1.27961,-0.0458869,9.91326
8.14851,0.361382,-1.28884,0.0539044,9.91194
8.15842,0.33591,-3.77171,0.150389,9.25634
8.16832,0.286698,-6.0052,0.237199,7.99012
8.17822,0.216997,-7.84214,0.30861,6.19718
8.18812,0.131409,-9.16168,0.359917,3.99603
8.19802,0.0355784,-9.87721,0.387742,1.53193
8.20792,-0.0641794,-9.94192,0.390254,-1.03275
8.21782,-0.161292,-9.35179,0.367293,-3.52915
8.22772,-0.249365,-8.14585,0.32037,-5.79303
8.23762,-0.322597,-6.40351,0.252578,-7.67544
8.24752,-0.376167,-4.23938,0.16838,-9.05253
8.25743,-0.406545,-1.79582,0.0733187,-9.83354
8.26733,-0.411726,0.766412,-0.0263451,-9.96688
8.27723,-0.391366,3.2786,-0.124046,-9.44345
8.28713,-0.346801,5.57516,-0.213344,-8.2974
8.29703,-0.280964,7.50453,-0.28835,-6.60392
8.30693,-0.198194,8.93919,-0.344113,-4.47441
8.31683,-0.10395,9.78412,-0.37695,-2.0492
8.32673,-0.0044497,9.98321,-0.384689,0.511682
8.33663,0.0937365,9.52302,-0.366816,3.03907
8.34653,0.184124,8.43376,-0.324509,5.36588
8.35644,0.26074,6.78734,-0.260561,7.33825
8.36634,0.318526,4.6926,-0.179198,8.82578
8.37624,0.353664,2.28808,-0.0857952,9.73019
8.38614,0.363836,-0.267246,0.0134774,9.99189
8.39604,0.348374,-2.8045,0.112063,9.59386
8.40594,0.308304,-5.15618,0.203455,8.56269
8.41584,0.246274,-7.16719,0.281622,6.96681
8.42574,0.166381,-8.70514,0.341413,4.9118
8.43564,0.073896,-9.66893,0.378888,2.53338
8.44554,-0.0250829,-9.99538,0.391581,-0.0116032
8.45545,-0.124033,-9.66331,0.37866,-2.5555
8.46535,-0.216437,-8.69479,0.340978,-4.93088
8.47525,-0.296208,-7.15369,0.281019,-6.98145
8.48515,-0.358095,-5.14148,0.202731,-8.5723
8.49505,-0.39802,-2.79051,0.111269,-9.59869
8.50495,-0.413351,-0.255468,0.012656,-9.99295
8.51485,-0.403077,2.29679,-0.0866125,-9.72888
8.52475,-0.367868,4.69813,-0.179995,-8.82357
8.53465,-0.310042,6.79019,-0.261336,-7.33635
8.54455,-0.233407,8.43481,-0.325268,-5.36496
8.55446,-0.143015,9.52321,-0.367571,-3.0392
8.56436,-0.044828,9.98321,-0.385448,-0.512436
8.57426,0.0546722,9.78411,-0.377716,2.04851
8.58416,0.148916,8.93883,-0.344882,4.47442
8.59406,0.231677,7.50305,-0.289114,6.6049
8.60396,0.29749,5.57163,-0.214093,8.29907
8.61386,0.342007,3.27227,-0.124777,9.44495
8.62376,0.362288,0.756995,-0.0270658,9.96691
8.63366,0.356998,-1.80793,0.0725864,9.83064
8.64356,0.32649,-4.25307,0.1676,9.04542
8.65347,0.272782,-6.41708,0.251704,7.66342
8.66337,0.199421,-8.15734,0.319352,5.77616
8.67327,0.111252,-9.35936,0.366085,3.50836
8.68317,0.0140881,-9.94421,0.388827,1.0097
8.69307,-0.0856639,-9.8737,0.386082,-1.55512
8.70297,-0.181432,-9.15273,0.358034,-4.01722
8.71287,-0.266907,-7.82895,0.306533,-6.21455
8.72277,-0.336461,-5.98958,0.234973,-8.00256
8.73267,-0.385513,-3.75568,0.148065,-9.26358
8.74257,-0.410831,-1.27423,0.0515339,-9.91455
8.75248,-0.410744,1.29146,-0.0482638,-9.91246
8.76238,-0.385255,3.77245,-0.144753,-9.25718
8.77228,-0.33604,6.00523,-0.231574,-7.9916
8.78218,-0.266338,7.84245,-0.303001,-6.19882
8.79208,-0.180742,9.1627,-0.354321,-3.9968
8.80198,-0.0848972,9.87857,-0.382144,-1.53064
8.81188,0.014873,9.94246,-0.384629,1.03693
8.82178,0.111982,9.34987,-0.361609,3.53636
8.83168,0.200018,8.13974,-0.314601,5.80242
8.84158,0.273164,6.39193,-0.24671,7.68531
8.85149,0.32659,4.22192,-0.162418,9.06052
8.86139,0.356767,1.77318,-0.0672948,9.83719
8.87129,0.361704,-0.792402,0.0323765,9.96413
8.88119,0.341078,-3.3053,0.130014,9.43315
8.89109,0.296254,-5.59961,0.219172,8.2796
8.90099,0.230197,-7.524,0.293967,6.57994
8.91089,0.147266,-8.95175,0.349469,4.44657
8.92079,0.0529353,-9.78898,0.38202,2.0204
8.93069,-0.046575,-9.98084,0.389479,-0.538566
8.94059,-0.144706,-9.51499,0.371357,-3.06171
8.9505,-0.234992,-8.42234,0.328852,-5.38291
8.9604,-0.311486,-6.77497,0.264765,-7.34943
8.9703,-0.36915,-4.68137,0.183318,-8.83189
8.9802,-0.404187,-2.27933,0.0898748,-9.73269
8.9901,-0.414285,0.27306,-0.00940993,-9.99244
9,-0.398778,2.80778,-0.107996,-9.59387
9.0099,-0.358683,5.15784,-0.199388,-8.56296
9.0198,-0.29664,7.1683,-0.277559,-6.96738
9.0297,-0.216735,8.70639,-0.337354,-4.91203
9.0396,-0.124235,9.6704,-0.374825,-2.53227
9.0495,-0.0252414,9.9964,-0.387496,0.0149953
9.05941,0.073713,9.66255,-0.374526,2.56162
9.06931,0.166095,8.69065,-0.33677,4.93937
9.07921,0.245804,7.14474,-0.276717,6.99108
9.08911,0.307574,5.1269,-0.198333,8.58108
9.09901,0.347326,2.77048,-0.106795,9.60426
9.10891,0.362436,0.231237,-0.0081508,9.99306
9.11881,0.351907,-2.323,0.0910859,9.72193
9.12871,0.316438,-4.72352,0.184362,8.80901
9.13861,0.258374,-6.81189,0.265522,7.31484
9.14851,0.181551,-8.45046,0.329212,5.33831
9.15842,0.0910395,-9.53138,0.371233,3.01004
9.16832,-0.00718878,-9.98368,0.388819,0.483699
9.17822,-0.106657,-9.77787,0.380813,-2.07415
9.18812,-0.200811,-8.92777,0.347748,-4.49503
9.19802,-0.283446,-7.48956,0.291803,-6.61957
9.20792,-0.34912,-5.55804,0.216667,-8.30799
9.21782,-0.393507,-3.2604,0.127288,-9.44918
9.22772,-0.413682,-0.747876,0.0295532,-9.96798
9.23762,-0.408315,1.81416,-0.0700991,-9.83013
9.24752,-0.377756,4.25697,-0.165103,-9.04451
9.25743,-0.324017,6.41958,-0.249198,-7.66263
9.26733,-0.250634,8.15929,-0.316838,-5.7753
9.27723,-0.162445,9.36118,-0.363559,-3.50674
9.28713,-0.0652635,9.94565,-0.386276,-1.00645
9.29703,0.0344987,9.87384,-0.383486,1.56066
9.30693,0.130257,9.15019,-0.35537,4.02505
9.31683,0.21569,7.8223,-0.303782,6.2239
9.32673,0.285153,5.97776,-0.232125,8.01184
9.33663,0.33406,3.73841,-0.145132,9.27066
9.34653,0.359181,1.25223,-0.0485485,9.91716
9.35644,0.358858,-1.31645,0.0512464,9.9087
9.36634,0.333114,-3.79792,0.147663,9.246
9.37624,0.283654,-6.02834,0.234336,7.97305
9.38614,0.213743,-7.86058,0.305546,6.17415
9.39604,0.128,-9.17393,0.356597,3.96822
9.40594,0.0320824,-9.88203,0.384126,1.50096
9.41584,-0.0676834,-9.9385,0.386321,-1.06489
9.42574,-0.16472,-9.3399,0.363041,-3.56021
9.43564,-0.252633,-8.12591,0.315823,-5.82068
9.44554,-0.32563,-6.37661,0.24778,-7.69752
9.45545,-0.378903,-4.20727,0.163396,-9.06722
9.46535,-0.408943,-1.76072,0.0682303,-9.83963
9.47525,-0.413769,0.801969,-0.0314489,-9.96384
9.48515,-0.393061,3.31207,-0.129074,-9.43155
9.49505,-0.348181,5.60421,-0.218212,-8.27762
9.50495,-0.282084,7.52726,-0.292987,-6.57786
9.51485,-0.199125,8.95427,-0.348466,-4.44409
9.52475,-0.104771,9.79089,-0.380987,-2.01685
9.53465,-0.00524552,9.98163,-0.388401,0.543842
9.54455,0.0928846,9.51362,-0.370216,3.06898
9.55446,0.183142,8.41752,-0.327628,5.39179
9.56436,0.259567,6.76554,-0.263447,7.35877
9.57426,0.317112,4.66674,-0.18191,8.83988
9.58416,0.351977,2.25975,-0.0884013,9.7372
9.59406,0.36186,-0.29637,0.0109043,9.99146
9.60396,0.34611,-2.83272,0.109448,9.58595
9.61386,0.305768,-5.18177,0.200725,8.54762
9.62376,0.243502,-7.18849,0.278709,6.94525
9.63366,0.163424,-8.72056,0.338256,4.88482
9.64356,0.070819,-9.67712,0.37544,2.50248
9.65347,-0.0282019,-9.99535,0.387812,-0.0445339
9.66337,-0.127109,-9.65456,0.374559,-2.58826
9.67327,-0.219382,-8.67746,0.33656,-4.9611
9.68317,-0.298941,-7.12862,0.276321,-7.0068
9.69307,-0.360544,-5.11017,0.197812,-8.59074
9.70297,-0.400133,-2.75506,0.106206,-9.60867
9.71287,-0.415099,-0.218377,0.00753987,-9.99357
9.72277,-0.404456,2.33286,-0.0916872,-9.72005
9.73267,-0.368903,4.73061,-0.184937,-8.80597
9.74257,-0.310779,6.81685,-0.266063,-7.31137
9.75248,-0.233914,8.45398,-0.329715,-5.33454
9.76238,-0.143372,9.53385,-0.371696,-3.00562
9.77228,-0.0451241,9.98498,-0.389231,-0.478086
9.78218,0.05435,9.77733,-0.381161,2.08135
9.79208,0.148486,8.92434,-0.348015,4.50373
9.80198,0.231069,7.48213,-0.291977,6.62902
9.81188,0.296646,5.54581,-0.216747,8.31676
9.82178,0.340886,3.24323,-0.127289,9.45536
9.83168,0.360868,0.726513,-0.0295125,9.96957
9.84158,0.355273,-1.83806,0.070127,9.82545
9.85149,0.324472,-4.28106,0.16505,9.03261
9.86139,0.270501,-6.44119,0.248991,7.6436
9.87129,0.196925,-8.17592,0.316409,5.7503
9.88119,0.108603,-9.37094,0.362859,3.47785
9.89109,0.0113631,-9.94765,0.385279,0.976337
