0,-30.06,0.000433061,-0.0112871,-1.14
0.00990099,-30.06,0.000866123,-0.0225743,-1.14
0.019802,-30.06,0.00129919,-0.0338614,-1.14
0.029703,-30.06,0.00173225,-0.0451485,-1.14
0.039604,-30.0599,0.00216531,-0.0564356,-1.14
0.049505,-30.0599,0.00259837,-0.0677227,-1.14
0.0594059,-30.0599,0.00303144,-0.0790098,-1.14
0.0693069,-30.0599,0.0034645,-0.0902969,-1.13999
0.0792079,-30.0598,0.00389757,-0.101584,-1.13999
0.0891089,-30.0598,0.00433063,-0.112871,-1.13999
0.0990099,-30.0597,0.00476369,-0.124158,-1.13999
0.108911,-30.0597,0.00519676,-0.135445,-1.13999
0.118812,-30.0596,0.00562982,-0.146732,-1.13999
0.128713,-30.0596,0.00606288,-0.158019,-1.13998
0.138614,-30.0595,0.00649594,-0.169306,-1.13998
0.148515,-30.0595,0.00692901,-0.180593,-1.13998
0.158416,-30.0594,0.00736207,-0.19188,-1.13998
0.168317,-30.0593,0.00779513,-0.203167,-1.13997
0.178218,-30.0592,0.00822819,-0.214454,-1.13997
0.188119,-30.0591,0.00866125,-0.22574,-1.13997
0.19802,-30.0591,0.00909431,-0.237027,-1.13996
0.207921,-30.059,0.00952737,-0.248314,-1.13996
0.217822,-30.0589,0.00996043,-0.259601,-1.13996
0.227723,-30.0588,0.0103935,-0.270887,-1.13995
0.237624,-30.0587,0.0108265,-0.282174,-1.13995
0.247525,-30.0586,0.0112596,-0.293461,-1.13994
0.257426,-30.0584,0.0116927,-0.304747,-1.13994
0.267327,-30.0583,0.0121257,-0.316034,-1.13994
0.277228,-30.0582,0.0125588,-0.32732,-1.13993
0.287129,-30.0581,0.0129918,-0.338606,-1.13993
0.29703,-30.0579,0.0134249,-0.349893,-1.13992
0.306931,-30.0578,0.0138579,-0.361179,-1.13992
0.316832,-30.0577,0.014291,-0.372465,-1.13991
0.326733,-30.0575,0.014724,-0.383752,-1.1399
0.336634,-30.0574,0.0151571,-0.395038,-1.1399
0.346535,-30.0572,0.0155901,-0.406324,-1.13989
0.356436,-30.0571,0.0160231,-0.41761,-1.13989
0.366337,-30.0569,0.0164562,-0.428896,-1.13988
0.376238,-30.0567,0.0168892,-0.440182,-1.13987
0.386139,-30.0566,0.0173223,-0.451468,-1.13987
0.39604,-30.0564,0.0177553,-0.462753,-1.13986
0.405941,-30.0562,0.0181883,-0.474039,-1.13985
0.415842,-30.056,0.0186214,-0.485325,-1.13985
0.425743,-30.0558,0.0190544,-0.49661,-1.13984
0.435644,-30.0557,0.0194874,-0.507896,-1.13983
0.445545,-30.0555,0.0199204,-0.519181,-1.13983
0.455446,-30.0553,0.0203535,-0.530467,-1.13982
0.465347,-30.0551,0.0207865,-0.541752,-1.13981
0.475248,-30.0549,0.0212195,-0.553037,-1.1398
0.485149,-30.0546,0.0216525,-0.564322,-1.13979
0.49505,-30.0544,0.0220855,-0.575607,-1.13979
0.50495,-30.0542,0.0225185,-0.586892,-1.13978
0.514851,-30.054,0.0229516,-0.598177,-1.13977
0.524752,-30.0537,0.0233846,-0.609462,-1.13976
0.534653,-30.0535,0.0238176,-0.620747,-1.13975
0.544554,-30.0533,0.0242506,-0.632031,-1.13974
0.554455,-30.053,0.0246836,-0.643316,-1.13973
0.564356,-30.0528,0.0251166,-0.6546,-1.13972
0.574257,-30.0525,0.0255496,-0.665885,-1.13971
0.584158,-30.0523,0.0259826,-0.677169,-1.1397
0.594059,-30.052,0.0264155,-0.688453,-1.13969
0.60396,-30.0518,0.0268485,-0.699737,-1.13968
0.613861,-30.0515,0.0272815,-0.711021,-1.13967
0.623762,-30.0512,0.0277145,-0.722305,-1.13966
0.633663,-30.0509,0.0281475,-0.733589,-1.13965
0.643564,-30.0507,0.0285804,-0.744872,-1.13964
0.653465,-30.0504,0.0290134,-0.756156,-1.13963
0.663366,-30.0501,0.0294464,-0.767439,-1.13962
0.673267,-30.0498,0.0298793,-0.778723,-1.13961
0.683168,-30.0495,0.0303123,-0.790006,-1.1396
0.693069,-30.0492,0.0307453,-0.801289,-1.13959
0.70297,-30.0489,0.0311782,-0.812572,-1.13958
0.712871,-30.0486,0.0316112,-0.823855,-1.13956
0.722772,-30.0483,0.0320441,-0.835138,-1.13955
0.732673,-30.0479,0.032477,-0.84642,-1.13954
0.742574,-30.0476,0.03291,-0.857703,-1.13953
0.752475,-30.0473,0.0333429,-0.868985,-1.13951
0.762376,-30.047,0.0337758,-0.880267,-1.1395
0.772277,-30.0466,0.0342088,-0.89155,-1.13949
0.782178,-30.0463,0.0346417,-0.902832,-1.13948
0.792079,-30.0459,0.0350746,-0.914113,-1.13946
0.80198,-30.0456,0.0355075,-0.925395,-1.13945
0.811881,-30.0452,0.0359404,-0.936677,-1.13944
0.821782,-30.0449,0.0363733,-0.947958,-1.13942
0.831683,-30.0445,0.0368062,-0.95924,-1.13941
0.841584,-30.0441,0.0372391,-0.970521,-1.13939
0.851485,-30.0438,0.037672,-0.981802,-1.13938
0.861386,-30.0434,0.0381049,-0.993083,-1.13937
0.871287,-30.043,0.0385378,-1.00436,-1.13935
0.881188,-30.0426,0.0389707,-1.01564,-1.13934
0.891089,-30.0422,0.0394036,-1.02692,-1.13932
0.90099,-30.0419,0.0398364,-1.03821,-1.13931
0.910891,-30.0415,0.0402693,-1.04949,-1.13929
0.920792,-30.0411,0.0407022,-1.06077,-1.13928
0.930693,-30.0407,0.041135,-1.07205,-1.13926
0.940594,-30.0402,0.0415679,-1.08333,-1.13925
0.950495,-30.0398,0.0420007,-1.0946,-1.13923
0.960396,-30.0394,0.0424336,-1.10588,-1.13921
0.970297,-30.039,0.0428664,-1.11716,-1.1392
0.980198,-30.0386,0.0432992,-1.12844,-1.13918
0.990099,-30.0381,0.043732,-1.13972,-1.13917
1,-30.0377,0.0441649,-1.151,-1.13915
1.0099,-30.0373,0.0445977,-1.16228,-1.13913
1.0198,-30.0368,0.0450305,-1.17356,-1.13912
1.0297,-30.0364,0.0454633,-1.18484,-1.1391
1.0396,-30.0359,0.0458961,-1.19611,-1.13908
1.0495,-30.0355,0.0463289,-1.20739,-1.13906
1.05941,-30.035,0.0467617,-1.21867,-1.13905
1.06931,-30.0345,0.0471945,-1.22995,-1.13903
1.07921,-30.0341,0.0476272,-1.24122,-1.13901
1.08911,-30.0336,0.04806,-1.2525,-1.13899
1.09901,-30.0331,0.0484928,-1.26378,-1.13897
1.10891,-30.0326,0.0489255,-1.27506,-1.13896
1.11881,-30.0321,0.0493583,-1.28633,-1.13894
1.12871,-30.0317,0.049791,-1.29761,-1.13892
1.13861,-30.0312,0.0502238,-1.30889,-1.1389
1.14851,-30.0307,0.0506565,-1.32016,-1.13888
1.15842,-30.0302,0.0510892,-1.33144,-1.13886
1.16832,-30.0296,0.051522,-1.34271,-1.13884
1.17822,-30.0291,0.0519547,-1.35399,-1.13882
1.18812,-30.0286,0.0523874,-1.36526,-1.1388
1.19802,-30.0281,0.0528201,-1.37654,-1.13878
1.20792,-30.0276,0.0532528,-1.38781,-1.13876
1.21782,-30.027,0.0536855,-1.39909,-1.13874
1.22772,-30.0265,0.0541182,-1.41036,-1.13872
1.23762,-30.026,0.0545508,-1.42164,-1.1387
1.24752,-30.0254,0.0549835,-1.43291,-1.13868
1.25743,-30.0249,0.0554162,-1.44419,-1.13866
1.26733,-30.0243,0.0558488,-1.45546,-1.13864
1.27723,-30.0238,0.0562815,-1.46673,-1.13862
1.28713,-30.0232,0.0567141,-1.47801,-1.1386
1.29703,-30.0227,0.0571468,-1.48928,-1.13858
1.30693,-30.0221,0.0575794,-1.50055,-1.13856
1.31683,-30.0215,0.058012,-1.51183,-1.13853
1.32673,-30.0209,0.0584446,-1.5231,-1.13851
1.33663,-30.0204,0.0588772,-1.53437,-1.13849
1.34653,-30.0198,0.0593098,-1.54564,-1.13847
1.35644,-30.0192,0.0597424,-1.55691,-1.13844
1.36634,-30.0186,0.060175,-1.56819,-1.13842
1.37624,-30.018,0.0606076,-1.57946,-1.1384
1.38614,-30.0174,0.0610402,-1.59073,-1.13838
1.39604,-30.0168,0.0614727,-1.602,-1.13835
1.40594,-30.0162,0.0619053,-1.61327,-1.13833
1.41584,-30.0156,0.0623379,-1.62454,-1.13831
1.42574,-30.0149,0.0627704,-1.63581,-1.13828
1.43564,-30.0143,0.0632029,-1.64708,-1.13826
1.44554,-30.0137,0.0636355,-1.65835,-1.13824
1.45545,-30.013,0.064068,-1.66962,-1.13821
1.46535,-30.0124,0.0645005,-1.68089,-1.13819
1.47525,-30.0118,0.064933,-1.69216,-1.13816
1.48515,-30.0111,0.0653655,-1.70343,-1.13814
1.49505,-30.0105,0.065798,-1.7147,-1.13811
1.50495,-30.0098,0.0662304,-1.72596,-1.13809
1.51485,-30.0092,0.0666629,-1.73723,-1.13806
1.52475,-30.0085,0.0670954,-1.7485,-1.13804
1.53465,-30.0078,0.0675278,-1.75977,-1.13801
1.54455,-30.0072,0.0679603,-1.77104,-1.13799
1.55446,-30.0065,0.0683927,-1.7823,-1.13796
1.56436,-30.0058,0.0688251,-1.79357,-1.13794
1.57426,-30.0051,0.0692576,-1.80484,-1.13791
1.58416,-30.0044,0.06969,-1.8161,-1.13788
1.59406,-30.0037,0.0701224,-1.82737,-1.13786
1.60396,-30.0031,0.0705548,-1.83863,-1.13783
1.61386,-30.0024,0.0709871,-1.8499,-1.1378
1.62376,-30.0016,0.0714195,-1.86116,-1.13778
1.63366,-30.0009,0.0718519,-1.87243,-1.13775
1.64356,-30.0002,0.0722842,-1.88369,-1.13772
1.65347,-29.9995,0.0727166,-1.89496,-1.1377
1.66337,-29.9988,0.0731489,-1.90622,-1.13767
1.67327,-29.9981,0.0735813,-1.91749,-1.13764
1.68317,-29.9973,0.0740136,-1.92875,-1.13761
1.69307,-29.9966,0.0744459,-1.94001,-1.13759
1.70297,-29.9959,0.0748782,-1.95128,-1.13756
1.71287,-29.9951,0.0753105,-1.96254,-1.13753
1.72277,-29.9944,0.0757428,-1.9738,-1.1375
1.73267,-29.9936,0.076175,-1.98506,-1.13747
1.74257,-29.9929,0.0766073,-1.99633,-1.13744
1.75248,-29.9921,0.0770396,-2.00759,-1.13741
1.76238,-29.9913,0.0774718,-2.01885,-1.13739
1.77228,-29.9906,0.077904,-2.03011,-1.13736
1.78218,-29.9898,0.0783363,-2.04137,-1.13733
1.79208,-29.989,0.0787685,-2.05263,-1.1373
1.80198,-29.9882,0.0792007,-2.06389,-1.13727
1.81188,-29.9874,0.0796329,-2.07515,-1.13724
1.82178,-29.9866,0.0800651,-2.08641,-1.13721
1.83168,-29.9859,0.0804973,-2.09767,-1.13718
1.84158,-29.9851,0.0809294,-2.10893,-1.13715
1.85149,-29.9843,0.0813616,-2.12019,-1.13712
1.86139,-29.9834,0.0817937,-2.13145,-1.13709
1.87129,-29.9826,0.0822259,-2.14271,-1.13705
1.88119,-29.9818,0.082658,-2.15396,-1.13702
1.89109,-29.981,0.0830901,-2.16522,-1.13699
1.90099,-29.9802,0.0835222,-2.17648,-1.13696
1.91089,-29.9793,0.0839543,-2.18773,-1.13693
1.92079,-29.9785,0.0843864,-2.19899,-1.1369
1.93069,-29.9777,0.0848184,-2.21025,-1.13687
1.94059,-29.9768,0.0852505,-2.2215,-1.13683
1.9505,-29.976,0.0856826,-2.23276,-1.1368
1.9604,-29.9751,0.0861146,-2.24401,-1.13677
1.9703,-29.9743,0.0865466,-2.25527,-1.13674
1.9802,-29.9734,0.0869786,-2.26652,-1.1367
1.9901,-29.9726,0.0874106,-2.27778,-1.13667
2,-29.9717,0.0878426,-2.28903,-1.13664
2.0099,-29.9708,0.0882746,-2.30029,-1.13661
2.0198,-29.9699,0.0887066,-2.31154,-1.13657
2.0297,-29.9691,0.0891386,-2.32279,-1.13654
2.0396,-29.9682,0.0895705,-2.33405,-1.13651
2.0495,-29.9673,0.0900024,-2.3453,-1.13647
2.05941,-29.9664,0.0904344,-2.35655,-1.13644
2.06931,-29.9655,0.0908663,-2.3678,-1.1364
2.07921,-29.9646,0.0912982,-2.37905,-1.13637
2.08911,-29.9637,0.0917301,-2.3903,-1.13633
2.09901,-29.9628,0.092162,-2.40155,-1.1363
2.10891,-29.9619,0.0925938,-2.4128,-1.13627
2.11881,-29.9609,0.0930257,-2.42405,-1.13623
2.12871,-29.96,0.0934575,-2.4353,-1.1362
2.13861,-29.9591,0.0938894,-2.44655,-1.13616
2.14851,-29.9582,0.0943212,-2.4578,-1.13612
2.15842,-29.9572,0.094753,-2.46905,-1.13609
2.16832,-29.9563,0.0951848,-2.4803,-1.13605
2.17822,-29.9553,0.0956166,-2.49155,-1.13602
2.18812,-29.9544,0.0960484,-2.50279,-1.13598
2.19802,-29.9534,0.0964801,-2.51404,-1.13594
2.20792,-29.9525,0.0969119,-2.52529,-1.13591
2.21782,-29.9515,0.0973436,-2.53653,-1.13587
2.22772,-29.9506,0.0977753,-2.54778,-1.13584
2.23762,-29.9496,0.098207,-2.55903,-1.1358
2.24752,-29.9486,0.0986387,-2.57027,-1.13576
2.25743,-29.9476,0.0990704,-2.58152,-1.13572
2.26733,-29.9466,0.0995021,-2.59276,-1.13569
2.27723,-29.9457,0.0999338,-2.60401,-1.13565
2.28713,-29.9447,0.100365,-2.61525,-1.13561
2.29703,-29.9437,0.100797,-2.62649,-1.13557
2.30693,-29.9427,0.101229,-2.63774,-1.13554
2.31683,-29.9417,0.10166,-2.64898,-1.1355
2.32673,-29.9407,0.102092,-2.66022,-1.13546
2.33663,-29.9396,0.102523,-2.67146,-1.13542
2.34653,-29.9386,0.102955,-2.68271,-1.13538
2.35644,-29.9376,0.103387,-2.69395,-1.13534
2.36634,-29.9366,0.103818,-2.70519,-1.1353
2.37624,-29.9355,0.10425,-2.71643,-1.13527
2.38614,-29.9345,0.104681,-2.72767,-1.13523
2.39604,-29.9335,0.105113,-2.73891,-1.13519
2.40594,-29.9324,0.105544,-2.75015,-1.13515
2.41584,-29.9314,0.105976,-2.76139,-1.13511
2.42574,-29.9303,0.106407,-2.77262,-1.13507
2.43564,-29.9293,0.106839,-2.78386,-1.13503
2.44554,-29.9282,0.10727,-2.7951,-1.13499
2.45545,-29.9272,0.107701,-2.80634,-1.13495
2.46535,-29.9261,0.108133,-2.81757,-1.13491
2.47525,-29.925,0.108564,-2.82881,-1.13486
2.48515,-29.9239,0.108996,-2.84005,-1.13482
2.49505,-29.9229,0.109427,-2.85128,-1.13478
2.50495,-29.9218,0.109858,-2.86252,-1.13474
2.51485,-29.9207,0.11029,-2.87375,-1.1347
2.52475,-29.9196,0.110721,-2.88499,-1.13466
2.53465,-29.9185,0.111152,-2.89622,-1.13462
2.54455,-29.9174,0.111584,-2.90745,-1.13457
2.55446,-29.9163,0.112015,-2.91869,-1.13453
2.56436,-29.9152,0.112446,-2.92992,-1.13449
2.57426,-29.9141,0.112877,-2.94115,-1.13445
2.58416,-29.9129,0.113309,-2.95238,-1.13441
2.59406,-29.9118,0.11374,-2.96362,-1.13436
2.60396,-29.9107,0.114171,-2.97485,-1.13432
2.61386,-29.9095,0.114602,-2.98608,-1.13428
2.62376,-29.9084,0.115033,-2.99731,-1.13423
2.63366,-29.9073,0.115464,-3.00854,-1.13419
2.64356,-29.9061,0.115896,-3.01977,-1.13415
2.65347,-29.905,0.116327,-3.031,-1.1341
2.66337,-29.9038,0.116758,-3.04222,-1.13406
2.67327,-29.9027,0.117189,-3.05345,-1.13402
2.68317,-29.9015,0.11762,-3.06468,-1.13397
2.69307,-29.9003,0.118051,-3.07591,-1.13393
2.70297,-29.8992,0.118482,-3.08713,-1.13388
2.71287,-29.898,0.118913,-3.09836,-1.13384
2.72277,-29.8968,0.119344,-3.10959,-1.13379
2.73267,-29.8956,0.119775,-3.12081,-1.13375
2.74257,-29.8944,0.120206,-3.13204,-1.1337
2.75248,-29.8932,0.120637,-3.14326,-1.13366
2.76238,-29.892,0.121068,-3.15449,-1.13361
2.77228,-29.8908,0.121499,-3.16571,-1.13357
2.78218,-29.8896,0.12193,-3.17693,-1.13352
2.79208,-29.8884,0.122361,-3.18816,-1.13347
2.80198,-29.8872,0.122792,-3.19938,-1.13343
2.81188,-29.886,0.123223,-3.2106,-1.13338
2.82178,-29.8848,0.123654,-3.22182,-1.13334
2.83168,-29.8836,0.124084,-3.23304,-1.13329
2.84158,-29.8823,0.124515,-3.24426,-1.13324
2.85149,-29.8811,0.124946,-3.25548,-1.1332
2.86139,-29.8798,0.125377,-3.2667,-1.13315
2.87129,-29.8786,0.125808,-3.27792,-1.1331
2.88119,-29.8774,0.126238,-3.28914,-1.13305
2.89109,-29.8761,0.126669,-3.30036,-1.13301
2.90099,-29.8748,0.1271,-3.31158,-1.13296
2.91089,-29.8736,0.127531,-3.32279,-1.13291
2.92079,-29.8723,0.127961,-3.33401,-1.13286
2.93069,-29.8711,0.128392,-3.34523,-1.13281
2.94059,-29.8698,0.128823,-3.35644,-1.13277
2.9505,-29.8685,0.129253,-3.36766,-1.13272
2.9604,-29.8672,0.129684,-3.37887,-1.13267
2.9703,-29.8659,0.130114,-3.39009,-1.13262
2.9802,-29.8646,0.130545,-3.4013,-1.13257
2.9901,-29.8633,0.130976,-3.41251,-1.13252
3,-29.862,0.131406,-3.42373,-1.13247
3.0099,-29.8607,0.131837,-3.43494,-1.13242
3.0198,-29.8594,0.132267,-3.44615,-1.13237
3.0297,-29.8581,0.132698,-3.45736,-1.13232
3.0396,-29.8568,0.133128,-3.46857,-1.13227
3.0495,-29.8555,0.133559,-3.47978,-1.13222
3.05941,-29.8542,0.133989,-3.49099,-1.13217
3.06931,-29.8528,0.13442,-3.5022,-1.13212
3.07921,-29.8515,0.13485,-3.51341,-1.13207
3.08911,-29.8502,0.13528,-3.52462,-1.13202
3.09901,-29.8488,0.135711,-3.53583,-1.13197
3.10891,-29.8475,0.136141,-3.54703,-1.13192
3.11881,-29.8461,0.136572,-3.55824,-1.13187
3.12871,-29.8448,0.137002,-3.56945,-1.13182
3.13861,-29.8434,0.137432,-3.58065,-1.13176
3.14851,-29.8421,0.137862,-3.59186,-1.13171
3.15842,-29.8407,0.138293,-3.60306,-1.13166
3.16832,-29.8393,0.138723,-3.61427,-1.13161
3.17822,-29.8379,0.139153,-3.62547,-1.13156
3.18812,-29.8366,0.139583,-3.63667,-1.1315
3.19802,-29.8352,0.140014,-3.64788,-1.13145
3.20792,-29.8338,0.140444,-3.65908,-1.1314
3.21782,-29.8324,0.140874,-3.67028,-1.13135
3.22772,-29.831,0.141304,-3.68148,-1.13129
3.23762,-29.8296,0.141734,-3.69268,-1.13124
3.24752,-29.8282,0.142164,-3.70388,-1.13119
3.25743,-29.8268,0.142594,-3.71508,-1.13113
3.26733,-29.8254,0.143024,-3.72628,-1.13108
3.27723,-29.8239,0.143455,-3.73748,-1.13103
3.28713,-29.8225,0.143885,-3.74868,-1.13097
3.29703,-29.8211,0.144315,-3.75988,-1.13092
3.30693,-29.8197,0.144745,-3.77107,-1.13086
3.31683,-29.8182,0.145175,-3.78227,-1.13081
3.32673,-29.8168,0.145604,-3.79347,-1.13075
3.33663,-29.8154,0.146034,-3.80466,-1.1307
3.34653,-29.8139,0.146464,-3.81586,-1.13064
3.35644,-29.8125,0.146894,-3.82705,-1.13059
3.36634,-29.811,0.147324,-3.83824,-1.13053
3.37624,-29.8095,0.147754,-3.84944,-1.13048
3.38614,-29.8081,0.148184,-3.86063,-1.13042
3.39604,-29.8066,0.148614,-3.87182,-1.13037
3.40594,-29.8051,0.149043,-3.88301,-1.13031
3.41584,-29.8036,0.149473,-3.8942,-1.13025
3.42574,-29.8022,0.149903,-3.90539,-1.1302
3.43564,-29.8007,0.150333,-3.91658,-1.13014
3.44554,-29.7992,0.150762,-3.92777,-1.13008
3.45545,-29.7977,0.151192,-3.93896,-1.13003
3.46535,-29.7962,0.151622,-3.95015,-1.12997
3.47525,-29.7947,0.152051,-3.96134,-1.12991
3.48515,-29.7932,0.152481,-3.97252,-1.12986
3.49505,-29.7917,0.152911,-3.98371,-1.1298
3.50495,-29.7902,0.15334,-3.9949,-1.12974
3.51485,-29.7886,0.15377,-4.00608,-1.12968
3.52475,-29.7871,0.154199,-4.01727,-1.12963
3.53465,-29.7856,0.154629,-4.02845,-1.12957
3.54455,-29.784,0.155058,-4.03963,-1.12951
3.55446,-29.7825,0.155488,-4.05082,-1.12945
3.56436,-29.781,0.155917,-4.062,-1.12939
3.57426,-29.7794,0.156347,-4.07318,-1.12933
3.58416,-29.7779,0.156776,-4.08436,-1.12928
3.59406,-29.7763,0.157206,-4.09554,-1.12922
3.60396,-29.7748,0.157635,-4.10672,-1.12916
3.61386,-29.7732,0.158064,-4.1179,-1.1291
3.62376,-29.7716,0.158494,-4.12908,-1.12904
3.63366,-29.7701,0.158923,-4.14026,-1.12898
3.64356,-29.7685,0.159352,-4.15144,-1.12892
3.65347,-29.7669,0.159781,-4.16261,-1.12886
3.66337,-29.7653,0.160211,-4.17379,-1.1288
3.67327,-29.7637,0.16064,-4.18497,-1.12874
3.68317,-29.7621,0.161069,-4.19614,-1.12868
3.69307,-29.7605,0.161498,-4.20732,-1.12862
3.70297,-29.7589,0.161928,-4.21849,-1.12856
3.71287,-29.7573,0.162357,-4.22966,-1.1285
3.72277,-29.7557,0.162786,-4.24084,-1.12843
3.73267,-29.7541,0.163215,-4.25201,-1.12837
3.74257,-29.7525,0.163644,-4.26318,-1.12831
3.75248,-29.7509,0.164073,-4.27435,-1.12825
3.76238,-29.7492,0.164502,-4.28552,-1.12819
3.77228,-29.7476,0.164931,-4.29669,-1.12813
3.78218,-29.746,0.16536,-4.30786,-1.12806
3.79208,-29.7443,0.165789,-4.31903,-1.128
3.80198,-29.7427,0.166218,-4.3302,-1.12794
3.81188,-29.741,0.166647,-4.34137,-1.12788
3.82178,-29.7394,0.167076,-4.35253,-1.12781
3.83168,-29.7377,0.167505,-4.3637,-1.12775
3.84158,-29.7361,0.167933,-4.37486,-1.12769
3.85149,-29.7344,0.168362,-4.38603,-1.12762
3.86139,-29.7327,0.168791,-4.39719,-1.12756
3.87129,-29.7311,0.16922,-4.40836,-1.1275
3.88119,-29.7294,0.169649,-4.41952,-1.12743
3.89109,-29.7277,0.170077,-4.43068,-1.12737
3.90099,-29.726,0.170506,-4.44184,-1.12731
3.91089,-29.7243,0.170935,-4.45301,-1.12724
3.92079,-29.7226,0.171363,-4.46417,-1.12718
3.93069,-29.7209,0.171792,-4.47533,-1.12711
3.94059,-29.7192,0.172221,-4.48649,-1.12705
3.9505,-29.7175,0.172649,-4.49764,-1.12698
3.9604,-29.7158,0.173078,-4.5088,-1.12692
3.9703,-29.7141,0.173506,-4.51996,-1.12685
3.9802,-29.7124,0.173935,-4.53112,-1.12679
3.9901,-29.7107,0.174363,-4.54227,-1.12672
4,-29.7089,0.174792,-4.55343,-1.12666
4.0099,-29.7072,0.17522,-4.56458,-1.12659
4.0198,-29.7055,0.175649,-4.57574,-1.12653
4.0297,-29.7037,0.176077,-4.58689,-1.12646
4.0396,-29.702,0.176506,-4.59804,-1.12639
4.0495,-29.7002,0.176934,-4.60919,-1.12633
4.05941,-29.6985,0.177362,-4.62035,-1.12626
4.06931,-29.6967,0.177791,-4.6315,-1.12619
4.07921,-29.695,0.178219,-4.64265,-1.12613
4.08911,-29.6932,0.178647,-4.6538,-1.12606
4.09901,-29.6914,0.179075,-4.66494,-1.12599
4.10891,-29.6896,0.179504,-4.67609,-1.12592
4.11881,-29.6879,0.179932,-4.68724,-1.12586
4.12871,-29.6861,0.18036,-4.69839,-1.12579
4.13861,-29.6843,0.180788,-4.70953,-1.12572
4.14851,-29.6825,0.181216,-4.72068,-1.12565
4.15842,-29.6807,0.181644,-4.73182,-1.12558
4.16832,-29.6789,0.182072,-4.74297,-1.12552
4.17822,-29.6771,0.1825,-4.75411,-1.12545
4.18812,-29.6753,0.182928,-4.76525,-1.12538
4.19802,-29.6735,0.183356,-4.7764,-1.12531
4.20792,-29.6717,0.183784,-4.78754,-1.12524
4.21782,-29.6698,0.184212,-4.79868,-1.12517
4.22772,-29.668,0.18464,-4.80982,-1.1251
4.23762,-29.6662,0.185068,-4.82096,-1.12503
4.24752,-29.6643,0.185496,-4.8321,-1.12496
4.25743,-29.6625,0.185924,-4.84323,-1.12489
4.26733,-29.6607,0.186352,-4.85437,-1.12482
4.27723,-29.6588,0.186779,-4.86551,-1.12475
4.28713,-29.657,0.187207,-4.87664,-1.12468
4.29703,-29.6551,0.187635,-4.88778,-1.12461
4.30693,-29.6532,0.188063,-4.89891,-1.12454
4.31683,-29.6514,0.18849,-4.91005,-1.12447
4.32673,-29.6495,0.188918,-4.92118,-1.1244
4.33663,-29.6476,0.189346,-4.93231,-1.12433
4.34653,-29.6458,0.189773,-4.94344,-1.12426
4.35644,-29.6439,0.190201,-4.95457,-1.12419
4.36634,-29.642,0.190628,-4.9657,-1.12412
4.37624,-29.6401,0.191056,-4.97683,-1.12404
4.38614,-29.6382,0.191483,-4.98796,-1.12397
4.39604,-29.6363,0.191911,-4.99909,-1.1239
4.40594,-29.6344,0.192338,-5.01022,-1.12383
4.41584,-29.6325,0.192766,-5.02134,-1.12376
4.42574,-29.6306,0.193193,-5.03247,-1.12368
4.43564,-29.6287,0.193621,-5.0436,-1.12361
4.44554,-29.6268,0.194048,-5.05472,-1.12354
4.45545,-29.6248,0.194475,-5.06584,-1.12346
4.46535,-29.6229,0.194902,-5.07697,-1.12339
4.47525,-29.621,0.19533,-5.08809,-1.12332
4.48515,-29.619,0.195757,-5.09921,-1.12324
4.49505,-29.6171,0.196184,-5.11033,-1.12317
4.50495,-29.6152,0.196611,-5.12145,-1.1231
4.51485,-29.6132,0.197039,-5.13257,-1.12302
4.52475,-29.6113,0.197466,-5.14369,-1.12295
4.53465,-29.6093,0.197893,-5.15481,-1.12287
4.54455,-29.6073,0.19832,-5.16593,-1.1228
4.55446,-29.6054,0.198747,-5.17704,-1.12272
4.56436,-29.6034,0.199174,-5.18816,-1.12265
4.57426,-29.6014,0.199601,-5.19927,-1.12257
4.58416,-29.5995,0.200028,-5.21039,-1.1225
4.59406,-29.5975,0.200455,-5.2215,-1.12242
4.60396,-29.5955,0.200882,-5.23261,-1.12235
4.61386,-29.5935,0.201309,-5.24372,-1.12227
4.62376,-29.5915,0.201736,-5.25484,-1.1222
4.63366,-29.5895,0.202162,-5.26595,-1.12212
4.64356,-29.5875,0.202589,-5.27706,-1.12205
4.65347,-29.5855,0.203016,-5.28817,-1.12197
4.66337,-29.5835,0.203443,-5.29927,-1.12189
4.67327,-29.5815,0.203869,-5.31038,-1.12182
4.68317,-29.5794,0.204296,-5.32149,-1.12174
4.69307,-29.5774,0.204723,-5.33259,-1.12166
4.70297,-29.5754,0.205149,-5.3437,-1.12159
4.71287,-29.5733,0.205576,-5.3548,-1.12151
4.72277,-29.5713,0.206003,-5.36591,-1.12143
4.73267,-29.5693,0.206429,-5.37701,-1.12135
4.74257,-29.5672,0.206856,-5.38811,-1.12128
4.75248,-29.5652,0.207282,-5.39921,-1.1212
4.76238,-29.5631,0.207709,-5.41031,-1.12112
4.77228,-29.5611,0.208135,-5.42141,-1.12104
4.78218,-29.559,0.208562,-5.43251,-1.12096
4.79208,-29.5569,0.208988,-5.44361,-1.12089
4.80198,-29.5549,0.209414,-5.45471,-1.12081
4.81188,-29.5528,0.209841,-5.46581,-1.12073
4.82178,-29.5507,0.210267,-5.4769,-1.12065
4.83168,-29.5486,0.210693,-5.488,-1.12057
4.84158,-29.5465,0.211119,-5.49909,-1.12049
4.85149,-29.5444,0.211546,-5.51018,-1.12041
4.86139,-29.5423,0.211972,-5.52128,-1.12033
4.87129,-29.5402,0.212398,-5.53237,-1.12025
4.88119,-29.5381,0.212824,-5.54346,-1.12017
4.89109,-29.536,0.21325,-5.55455,-1.12009
4.90099,-29.5339,0.213676,-5.56564,-1.12001
4.91089,-29.5318,0.214102,-5.57673,-1.11993
4.92079,-29.5297,0.214528,-5.58782,-1.11985
4.93069,-29.5275,0.214954,-5.5989,-1.11977
4.94059,-29.5254,0.21538,-5.60999,-1.11969
4.9505,-29.5233,0.215806,-5.62108,-1.11961
4.9604,-29.5211,0.216232,-5.63216,-1.11953
4.9703,-29.519,0.216658,-5.64325,-1.11944
4.9802,-29.5169,0.217084,-5.65433,-1.11936
4.9901,-29.5147,0.217509,-5.66541,-1.11928
5,-29.5125,0.217935,-5.67649,-1.1192
5.0099,-29.5104,0.218361,-5.68757,-1.11912
5.0198,-29.5082,0.218787,-5.69865,-1.11904
5.0297,-29.5061,0.219212,-5.70973,-1.11895
5.0396,-29.5039,0.219638,-5.72081,-1.11887
5.0495,-29.5017,0.220064,-5.73189,-1.11879
5.05941,-29.4995,0.220489,-5.74296,-1.1187
5.06931,-29.4973,0.220915,-5.75404,-1.11862
5.07921,-29.4951,0.22134,-5.76512,-1.11854
5.08911,-29.493,0.221766,-5.77619,-1.11846
5.09901,-29.4908,0.222191,-5.78726,-1.11837
5.10891,-29.4886,0.222617,-5.79834,-1.11829
5.11881,-29.4863,0.223042,-5.80941,-1.1182
5.12871,-29.4841,0.223468,-5.82048,-1.11812
5.13861,-29.4819,0.223893,-5.83155,-1.11804
5.14851,-29.4797,0.224318,-5.84262,-1.11795
5.15842,-29.4775,0.224743,-5.85369,-1.11787
5.16832,-29.4753,0.225169,-5.86475,-1.11778
5.17822,-29.473,0.225594,-5.87582,-1.1177
5.18812,-29.4708,0.226019,-5.88689,-1.11761
5.19802,-29.4685,0.226444,-5.89795,-1.11753
5.20792,-29.4663,0.226869,-5.90902,-1.11744
5.21782,-29.4641,0.227295,-5.92008,-1.11736
5.22772,-29.4618,0.22772,-5.93114,-1.11727
5.23762,-29.4595,0.228145,-5.9422,-1.11719
5.24752,-29.4573,0.22857,-5.95326,-1.1171
5.25743,-29.455,0.228995,-5.96432,-1.11701
5.26733,-29.4528,0.22942,-5.97538,-1.11693
5.27723,-29.4505,0.229844,-5.98644,-1.11684
5.28713,-29.4482,0.230269,-5.9975,-1.11676
5.29703,-29.4459,0.230694,-6.00856,-1.11667
5.30693,-29.4436,0.231119,-6.01961,-1.11658
5.31683,-29.4413,0.231544,-6.03067,-1.1165
5.32673,-29.439,0.231969,-6.04172,-1.11641
5.33663,-29.4367,0.232393,-6.05277,-1.11632
5.34653,-29.4344,0.232818,-6.06383,-1.11623
5.35644,-29.4321,0.233243,-6.07488,-1.11615
5.36634,-29.4298,0.233667,-6.08593,-1.11606
5.37624,-29.4275,0.234092,-6.09698,-1.11597
5.38614,-29.4252,0.234516,-6.10803,-1.11588
5.39604,-29.4229,0.234941,-6.11907,-1.11579
5.40594,-29.4205,0.235366,-6.13012,-1.11571
5.41584,-29.4182,0.23579,-6.14117,-1.11562
5.42574,-29.4159,0.236214,-6.15221,-1.11553
5.43564,-29.4135,0.236639,-6.16326,-1.11544
5.44554,-29.4112,0.237063,-6.1743,-1.11535
5.45545,-29.4088,0.237488,-6.18534,-1.11526
5.46535,-29.4065,0.237912,-6.19638,-1.11517
5.47525,-29.4041,0.238336,-6.20743,-1.11508
5.48515,-29.4018,0.23876,-6.21847,-1.11499
5.49505,-29.3994,0.239185,-6.2295,-1.1149
5.50495,-29.397,0.239609,-6.24054,-1.11481
5.51485,-29.3947,0.240033,-6.25158,-1.11472
5.52475,-29.3923,0.240457,-6.26262,-1.11463
5.53465,-29.3899,0.240881,-6.27365,-1.11454
5.54455,-29.3875,0.241305,-6.28469,-1.11445
5.55446,-29.3851,0.241729,-6.29572,-1.11436
5.56436,-29.3827,0.242153,-6.30675,-1.11427
5.57426,-29.3803,0.242577,-6.31778,-1.11418
5.58416,-29.3779,0.243001,-6.32882,-1.11409
5.59406,-29.3755,0.243425,-6.33985,-1.11399
5.60396,-29.3731,0.243849,-6.35087,-1.1139
5.61386,-29.3707,0.244273,-6.3619,-1.11381
5.62376,-29.3683,0.244696,-6.37293,-1.11372
5.63366,-29.3658,0.24512,-6.38396,-1.11363
5.64356,-29.3634,0.245544,-6.39498,-1.11353
5.65347,-29.361,0.245967,-6.40601,-1.11344
5.66337,-29.3585,0.246391,-6.41703,-1.11335
5.67327,-29.3561,0.246815,-6.42805,-1.11326
5.68317,-29.3536,0.247238,-6.43908,-1.11316
5.69307,-29.3512,0.247662,-6.4501,-1.11307
5.70297,-29.3487,0.248085,-6.46112,-1.11298
5.71287,-29.3463,0.248509,-6.47214,-1.11288
5.72277,-29.3438,0.248932,-6.48315,-1.11279
5.73267,-29.3414,0.249356,-6.49417,-1.1127
5.74257,-29.3389,0.249779,-6.50519,-1.1126
5.75248,-29.3364,0.250202,-6.5162,-1.11251
5.76238,-29.3339,0.250626,-6.52722,-1.11242
5.77228,-29.3314,0.251049,-6.53823,-1.11232
5.78218,-29.329,0.251472,-6.54924,-1.11223
5.79208,-29.3265,0.251895,-6.56026,-1.11213
5.80198,-29.324,0.252319,-6.57127,-1.11204
5.81188,-29.3215,0.252742,-6.58228,-1.11194
5.82178,-29.319,0.253165,-6.59328,-1.11185
5.83168,-29.3165,0.253588,-6.60429,-1.11175
5.84158,-29.3139,0.254011,-6.6153,-1.11166
5.85149,-29.3114,0.254434,-6.62631,-1.11156
5.86139,-29.3089,0.254857,-6.63731,-1.11146
5.87129,-29.3064,0.25528,-6.64831,-1.11137
5.88119,-29.3038,0.255703,-6.65932,-1.11127
5.89109,-29.3013,0.256126,-6.67032,-1.11118
5.90099,-29.2988,0.256548,-6.68132,-1.11108
5.91089,-29.2962,0.256971,-6.69232,-1.11098
5.92079,-29.2937,0.257394,-6.70332,-1.11089
5.93069,-29.2911,0.257817,-6.71432,-1.11079
5.94059,-29.2886,0.258239,-6.72532,-1.11069
5.9505,-29.286,0.258662,-6.73631,-1.1106
5.9604,-29.2835,0.259085,-6.74731,-1.1105
5.9703,-29.2809,0.259507,-6.7583,-1.1104
5.9802,-29.2783,0.25993,-6.7693,-1.1103
5.9901,-29.2757,0.260352,-6.78029,-1.1102
6,-29.2732,0.260775,-6.79128,-1.11011
6.0099,-29.2706,0.261197,-6.80227,-1.11001
6.0198,-29.268,0.26162,-6.81326,-1.10991
6.0297,-29.2654,0.262042,-6.82425,-1.10981
6.0396,-29.2628,0.262464,-6.83524,-1.10971
6.0495,-29.2602,0.262887,-6.84622,-1.10961
6.05941,-29.2576,0.263309,-6.85721,-1.10952
6.06931,-29.255,0.263731,-6.8682,-1.10942
6.07921,-29.2524,0.264153,-6.87918,-1.10932
6.08911,-29.2498,0.264575,-6.89016,-1.10922
6.09901,-29.2471,0.264998,-6.90114,-1.10912
6.10891,-29.2445,0.26542,-6.91212,-1.10902
6.11881,-29.2419,0.265842,-6.9231,-1.10892
6.12871,-29.2392,0.266264,-6.93408,-1.10882
6.13861,-29.2366,0.266686,-6.94506,-1.10872
6.14851,-29.234,0.267108,-6.95604,-1.10862
6.15842,-29.2313,0.267529,-6.96701,-1.10852
6.16832,-29.2287,0.267951,-6.97799,-1.10842
6.17822,-29.226,0.268373,-6.98896,-1.10832
6.18812,-29.2234,0.268795,-6.99994,-1.10821
6.19802,-29.2207,0.269217,-7.01091,-1.10811
6.20792,-29.218,0.269638,-7.02188,-1.10801
6.21782,-29.2153,0.27006,-7.03285,-1.10791
6.22772,-29.2127,0.270482,-7.04382,-1.10781
6.23762,-29.21,0.270903,-7.05479,-1.10771
6.24752,-29.2073,0.271325,-7.06575,-1.1076
6.25743,-29.2046,0.271746,-7.07672,-1.1075
6.26733,-29.2019,0.272168,-7.08768,-1.1074
6.27723,-29.1992,0.272589,-7.09865,-1.1073
6.28713,-29.1965,0.273011,-7.10961,-1.1072
6.29703,-29.1938,0.273432,-7.12057,-1.10709
6.30693,-29.1911,0.273854,-7.13153,-1.10699
6.31683,-29.1884,0.274275,-7.14249,-1.10689
6.32673,-29.1857,0.274696,-7.15345,-1.10678
6.33663,-29.183,0.275117,-7.16441,-1.10668
6.34653,-29.1802,0.275539,-7.17537,-1.10658
6.35644,-29.1775,0.27596,-7.18632,-1.10647
6.36634,-29.1748,0.276381,-7.19728,-1.10637
6.37624,-29.172,0.276802,-7.20823,-1.10626
6.38614,-29.1693,0.277223,-7.21918,-1.10616
6.39604,-29.1665,0.277644,-7.23013,-1.10606
6.40594,-29.1638,0.278065,-7.24108,-1.10595
6.41584,-29.161,0.278486,-7.25203,-1.10585
6.42574,-29.1583,0.278907,-7.26298,-1.10574
6.43564,-29.1555,0.279328,-7.27393,-1.10564
6.44554,-29.1527,0.279748,-7.28488,-1.10553
6.45545,-29.15,0.280169,-7.29582,-1.10543
6.46535,-29.1472,0.28059,-7.30677,-1.10532
6.47525,-29.1444,0.281011,-7.31771,-1.10522
6.48515,-29.1416,0.281431,-7.32865,-1.10511
6.49505,-29.1388,0.281852,-7.33959,-1.105
6.50495,-29.1361,0.282273,-7.35053,-1.1049
6.51485,-29.1333,0.282693,-7.36147,-1.10479
6.52475,-29.1305,0.283114,-7.37241,-1.10468
6.53465,-29.1277,0.283534,-7.38335,-1.10458
6.54455,-29.1248,0.283954,-7.39428,-1.10447
6.55446,-29.122,0.284375,-7.40522,-1.10436
6.56436,-29.1192,0.284795,-7.41615,-1.10426
6.57426,-29.1164,0.285216,-7.42708,-1.10415
6.58416,-29.1136,0.285636,-7.43802,-1.10404
6.59406,-29.1107,0.286056,-7.44895,-1.10394
6.60396,-29.1079,0.286476,-7.45988,-1.10383
6.61386,-29.1051,0.286896,-7.4708,-1.10372
6.62376,-29.1022,0.287317,-7.48173,-1.10361
6.63366,-29.0994,0.287737,-7.49266,-1.1035
6.64356,-29.0965,0.288157,-7.50358,-1.10339
6.65347,-29.0937,0.288577,-7.51451,-1.10329
6.66337,-29.0908,0.288997,-7.52543,-1.10318
6.67327,-29.0879,0.289417,-7.53635,-1.10307
6.68317,-29.0851,0.289837,-7.54727,-1.10296
6.69307,-29.0822,0.290256,-7.55819,-1.10285
6.70297,-29.0793,0.290676,-7.56911,-1.10274
6.71287,-29.0764,0.291096,-7.58003,-1.10263
6.72277,-29.0736,0.291516,-7.59095,-1.10252
6.73267,-29.0707,0.291935,-7.60186,-1.10241
6.74257,-29.0678,0.292355,-7.61278,-1.1023
6.75248,-29.0649,0.292775,-7.62369,-1.10219
6.76238,-29.062,0.293194,-7.6346,-1.10208
6.77228,-29.0591,0.293614,-7.64551,-1.10197
6.78218,-29.0562,0.294033,-7.65642,-1.10186
6.79208,-29.0533,0.294453,-7.66733,-1.10175
6.80198,-29.0503,0.294872,-7.67824,-1.10164
6.81188,-29.0474,0.295291,-7.68915,-1.10153
6.82178,-29.0445,0.295711,-7.70005,-1.10142
6.83168,-29.0416,0.29613,-7.71096,-1.10131
6.84158,-29.0386,0.296549,-7.72186,-1.10119
6.85149,-29.0357,0.296969,-7.73276,-1.10108
6.86139,-29.0327,0.297388,-7.74366,-1.10097
6.87129,-29.0298,0.297807,-7.75456,-1.10086
6.88119,-29.0268,0.298226,-7.76546,-1.10075
6.89109,-29.0239,0.298645,-7.77636,-1.10063
6.90099,-29.0209,0.299064,-7.78726,-1.10052
6.91089,-29.018,0.299483,-7.79815,-1.10041
6.92079,-29.015,0.299902,-7.80905,-1.1003
6.93069,-29.012,0.300321,-7.81994,-1.10018
6.94059,-29.0091,0.30074,-7.83083,-1.10007
6.9505,-29.0061,0.301158,-7.84172,-1.09996
6.9604,-29.0031,0.301577,-7.85262,-1.09984
6.9703,-29.0001,0.301996,-7.8635,-1.09973
6.9802,-28.9971,0.302415,-7.87439,-1.09962
6.9901,-28.9941,0.302833,-7.88528,-1.0995
7,-28.9911,0.303252,-7.89616,-1.09939
7.0099,-28.9881,0.30367,-7.90705,-1.09927
7.0198,-28.9851,0.304089,-7.91793,-1.09916
7.0297,-28.9821,0.304507,-7.92881,-1.09905
7.0396,-28.9791,0.304926,-7.9397,-1.09893
7.0495,-28.9761,0.305344,-7.95058,-1.09882
7.05941,-28.973,0.305763,-7.96145,-1.0987
7.06931,-28.97,0.306181,-7.97233,-1.09859
7.07921,-28.967,0.306599,-7.98321,-1.09847
7.08911,-28.9639,0.307017,-7.99408,-1.09836
7.09901,-28.9609,0.307436,-8.00496,-1.09824
7.10891,-28.9578,0.307854,-8.01583,-1.09812
7.11881,-28.9548,0.308272,-8.0267,-1.09801
7.12871,-28.9517,0.30869,-8.03757,-1.09789
7.13861,-28.9487,0.309108,-8.04844,-1.09778
7.14851,-28.9456,0.309526,-8.05931,-1.09766
7.15842,-28.9425,0.309944,-8.07018,-1.09754
7.16832,-28.9395,0.310362,-8.08105,-1.09743
7.17822,-28.9364,0.31078,-8.09191,-1.09731
7.18812,-28.9333,0.311197,-8.10277,-1.09719
7.19802,-28.9302,0.311615,-8.11364,-1.09708
7.20792,-28.9272,0.312033,-8.1245,-1.09696
7.21782,-28.9241,0.312451,-8.13536,-1.09684
7.22772,-28.921,0.312868,-8.14622,-1.09672
7.23762,-28.9179,0.313286,-8.15708,-1.0966
7.24752,-28.9148,0.313703,-8.16793,-1.09649
7.25743,-28.9117,0.314121,-8.17879,-1.09637
7.26733,-28.9085,0.314538,-8.18964,-1.09625
7.27723,-28.9054,0.314956,-8.2005,-1.09613
7.28713,-28.9023,0.315373,-8.21135,-1.09601
7.29703,-28.8992,0.31579,-8.2222,-1.09589
7.30693,-28.8961,0.316208,-8.23305,-1.09578
7.31683,-28.8929,0.316625,-8.2439,-1.09566
7.32673,-28.8898,0.317042,-8.25475,-1.09554
7.33663,-28.8866,0.317459,-8.26559,-1.09542
7.34653,-28.8835,0.317876,-8.27644,-1.0953
7.35644,-28.8803,0.318294,-8.28728,-1.09518
7.36634,-28.8772,0.318711,-8.29812,-1.09506
7.37624,-28.874,0.319128,-8.30897,-1.09494
7.38614,-28.8709,0.319545,-8.31981,-1.09482
7.39604,-28.8677,0.319961,-8.33065,-1.0947
7.40594,-28.8645,0.320378,-8.34148,-1.09458
7.41584,-28.8614,0.320795,-8.35232,-1.09446
7.42574,-28.8582,0.321212,-8.36316,-1.09434
7.43564,-28.855,0.321629,-8.37399,-1.09422
7.44554,-28.8518,0.322045,-8.38482,-1.09409
7.45545,-28.8486,0.322462,-8.39566,-1.09397
7.46535,-28.8454,0.322879,-8.40649,-1.09385
7.47525,-28.8422,0.323295,-8.41732,-1.09373
7.48515,-28.839,0.323712,-8.42814,-1.09361
7.49505,-28.8358,0.324128,-8.43897,-1.09349
7.50495,-28.8326,0.324545,-8.4498,-1.09336
7.51485,-28.8294,0.324961,-8.46062,-1.09324
7.52475,-28.8262,0.325377,-8.47145,-1.09312
7.53465,-28.823,0.325794,-8.48227,-1.093
7.54455,-28.8197,0.32621,-8.49309,-1.09287
7.55446,-28.8165,0.326626,-8.50391,-1.09275
7.56436,-28.8133,0.327042,-8.51473,-1.09263
7.57426,-28.81,0.327458,-8.52555,-1.09251
7.58416,-28.8068,0.327874,-8.53636,-1.09238
7.59406,-28.8035,0.32829,-8.54718,-1.09226
7.60396,-28.8003,0.328706,-8.55799,-1.09213
7.61386,-28.797,0.329122,-8.5688,-1.09201
7.62376,-28.7938,0.329538,-8.57961,-1.09189
7.63366,-28.7905,0.329954,-8.59042,-1.09176
7.64356,-28.7872,0.33037,-8.60123,-1.09164
7.65347,-28.7839,0.330786,-8.61204,-1.09151
7.66337,-28.7807,0.331201,-8.62285,-1.09139
7.67327,-28.7774,0.331617,-8.63365,-1.09126
7.68317,-28.7741,0.332033,-8.64446,-1.09114
7.69307,-28.7708,0.332448,-8.65526,-1.09101
7.70297,-28.7675,0.332864,-8.66606,-1.09089
7.71287,-28.7642,0.333279,-8.67686,-1.09076
7.72277,-28.7609,0.333695,-8.68766,-1.09064
7.73267,-28.7576,0.33411,-8.69846,-1.09051
7.74257,-28.7543,0.334525,-8.70925,-1.09039
7.75248,-28.751,0.334941,-8.72005,-1.09026
7.76238,-28.7477,0.335356,-8.73084,-1.09014
7.77228,-28.7443,0.335771,-8.74164,-1.09001
7.78218,-28.741,0.336186,-8.75243,-1.08988
7.79208,-28.7377,0.336601,-8.76322,-1.08976
7.80198,-28.7344,0.337016,-8.77401,-1.08963
7.81188,-28.731,0.337431,-8.7848,-1.0895
7.82178,-28.7277,0.337846,-8.79558,-1.08937
7.83168,-28.7243,0.338261,-8.80637,-1.08925
7.84158,-28.721,0.338676,-8.81715,-1.08912
7.85149,-28.7176,0.339091,-8.82793,-1.08899
7.86139,-28.7143,0.339506,-8.83872,-1.08886
7.87129,-28.7109,0.339921,-8.8495,-1.08874
7.88119,-28.7075,0.340335,-8.86027,-1.08861
7.89109,-28.7042,0.34075,-8.87105,-1.08848
7.90099,-28.7008,0.341165,-8.88183,-1.08835
7.91089,-28.6974,0.341579,-8.8926,-1.08822
7.92079,-28.694,0.341994,-8.90338,-1.0881
7.93069,-28.6906,0.342408,-8.91415,-1.08797
7.94059,-28.6872,0.342823,-8.92492,-1.08784
7.9505,-28.6838,0.343237,-8.93569,-1.08771
7.9604,-28.6804,0.343651,-8.94646,-1.08758
7.9703,-28.677,0.344066,-8.95723,-1.08745
7.9802,-28.6736,0.34448,-8.96799,-1.08732
7.9901,-28.6702,0.344894,-8.97876,-1.08719
8,-28.6668,0.345308,-8.98952,-1.08706
8.0099,-28.6634,0.345722,-9.00029,-1.08693
8.0198,-28.66,0.346136,-9.01105,-1.0868
8.0297,-28.6565,0.34655,-9.02181,-1.08667
8.0396,-28.6531,0.346964,-9.03256,-1.08654
8.0495,-28.6497,0.347378,-9.04332,-1.08641
8.05941,-28.6462,0.347792,-9.05408,-1.08628
8.06931,-28.6428,0.348206,-9.06483,-1.08615
8.07921,-28.6393,0.34862,-9.07559,-1.08602
8.08911,-28.6359,0.349033,-9.08634,-1.08588
8.09901,-28.6324,0.349447,-9.09709,-1.08575
8.10891,-28.6289,0.349861,-9.10784,-1.08562
8.11881,-28.6255,0.350274,-9.11859,-1.08549
8.12871,-28.622,0.350688,-9.12933,-1.08536
8.13861,-28.6185,0.351101,-9.14008,-1.08523
8.14851,-28.6151,0.351515,-9.15082,-1.08509
8.15842,-28.6116,0.351928,-9.16156,-1.08496
8.16832,-28.6081,0.352341,-9.17231,-1.08483
8.17822,-28.6046,0.352755,-9.18305,-1.0847
8.18812,-28.6011,0.353168,-9.19379,-1.08456
8.19802,-28.5976,0.353581,-9.20452,-1.08443
8.20792,-28.5941,0.353994,-9.21526,-1.0843
8.21782,-28.5906,0.354407,-9.22599,-1.08416
8.22772,-28.5871,0.35482,-9.23673,-1.08403
8.23762,-28.5836,0.355233,-9.24746,-1.0839
8.24752,-28.58,0.355646,-9.25819,-1.08376
8.25743,-28.5765,0.356059,-9.26892,-1.08363
8.26733,-28.573,0.356472,-9.27965,-1.08349
8.27723,-28.5695,0.356885,-9.29038,-1.08336
8.28713,-28.5659,0.357298,-9.3011,-1.08322
8.29703,-28.5624,0.35771,-9.31183,-1.08309
8.30693,-28.5588,0.358123,-9.32255,-1.08296
8.31683,-28.5553,0.358536,-9.33327,-1.08282
8.32673,-28.5517,0.358948,-9.34399,-1.08269
8.33663,-28.5482,0.359361,-9.35471,-1.08255
8.34653,-28.5446,0.359773,-9.36543,-1.08242
8.35644,-28.5411,0.360186,-9.37614,-1.08228
8.36634,-28.5375,0.360598,-9.38686,-1.08214
8.37624,-28.5339,0.36101,-9.39757,-1.08201
8.38614,-28.5303,0.361423,-9.40828,-1.08187
8.39604,-28.5268,0.361835,-9.419,-1.08174
8.40594,-28.5232,0.362247,-9.42971,-1.0816
8.41584,-28.5196,0.362659,-9.44041,-1.08146
8.42574,-28.516,0.363071,-9.45112,-1.08133
8.43564,-28.5124,0.363483,-9.46183,-1.08119
8.44554,-28.5088,0.363895,-9.47253,-1.08105
8.45545,-28.5052,0.364307,-9.48323,-1.08092
8.46535,-28.5016,0.364719,-9.49393,-1.08078
8.47525,-28.498,0.365131,-9.50463,-1.08064
8.48515,-28.4944,0.365542,-9.51533,-1.0805
8.49505,-28.4907,0.365954,-9.52603,-1.08037
8.50495,-28.4871,0.366366,-9.53673,-1.08023
8.51485,-28.4835,0.366777,-9.54742,-1.08009
8.52475,-28.4799,0.367189,-9.55811,-1.07995
8.53465,-28.4762,0.367601,-9.56881,-1.07981
8.54455,-28.4726,0.368012,-9.5795,-1.07967
8.55446,-28.4689,0.368423,-9.59019,-1.07954
8.56436,-28.4653,0.368835,-9.60087,-1.0794
8.57426,-28.4616,0.369246,-9.61156,-1.07926
8.58416,-28.458,0.369657,-9.62225,-1.07912
8.59406,-28.4543,0.370069,-9.63293,-1.07898
8.60396,-28.4506,0.37048,-9.64361,-1.07884
8.61386,-28.447,0.370891,-9.65429,-1.0787
8.62376,-28.4433,0.371302,-9.66497,-1.07856
8.63366,-28.4396,0.371713,-9.67565,-1.07842
8.64356,-28.4359,0.372124,-9.68633,-1.07828
8.65347,-28.4322,0.372535,-9.697,-1.07814
8.66337,-28.4286,0.372946,-9.70768,-1.078
8.67327,-28.4249,0.373357,-9.71835,-1.07786
8.68317,-28.4212,0.373767,-9.72902,-1.07772
8.69307,-28.4175,0.374178,-9.73969,-1.07758
8.70297,-28.4138,0.374589,-9.75036,-1.07744
8.71287,-28.41,0.374999,-9.76102,-1.0773
8.72277,-28.4063,0.37541,-9.77169,-1.07716
8.73267,-28.4026,0.37582,-9.78235,-1.07701
8.74257,-28.3989,0.376231,-9.79302,-1.07687
8.75248,-28.3952,0.376641,-9.80368,-1.07673
8.76238,-28.3914,0.377051,-9.81434,-1.07659
8.77228,-28.3877,0.377462,-9.825,-1.07645
8.78218,-28.384,0.377872,-9.83565,-1.0763
8.79208,-28.3802,0.378282,-9.84631,-1.07616
8.80198,-28.3765,0.378692,-9.85696,-1.07602
8.81188,-28.3727,0.379102,-9.86762,-1.07588
8.82178,-28.369,0.379513,-9.87827,-1.07573
8.83168,-28.3652,0.379922,-9.88892,-1.07559
8.84158,-28.3614,0.380332,-9.89957,-1.07545
8.85149,-28.3577,0.380742,-9.91022,-1.07531
8.86139,-28.3539,0.381152,-9.92086,-1.07516
8.87129,-28.3501,0.381562,-9.93151,-1.07502
8.88119,-28.3463,0.381972,-9.94215,-1.07487
8.89109,-28.3426,0.382381,-9.95279,-1.07473
8.90099,-28.3388,0.382791,-9.96343,-1.07459
8.91089,-28.335,0.383201,-9.97407,-1.07444
8.92079,-28.3312,0.38361,-9.98471,-1.0743
8.93069,-28.3274,0.384019,-9.99534,-1.07415
8.94059,-28.3236,0.384429,-10.006,-1.07401
8.9505,-28.3198,0.384838,-10.0166,-1.07386
8.9604,-28.316,0.385248,-10.0272,-1.07372
8.9703,-28.3121,0.385657,-10.0379,-1.07357
8.9802,-28.3083,0.386066,-10.0485,-1.07343
8.9901,-28.3045,0.386475,-10.0591,-1.07328
9,-28.3007,0.386884,-10.0698,-1.07314
9.0099,-28.2968,0.387293,-10.0804,-1.07299
9.0198,-28.293,0.387702,-10.091,-1.07285
9.0297,-28.2892,0.388111,-10.1016,-1.0727
9.0396,-28.2853,0.38852,-10.1122,-1.07255
9.0495,-28.2815,0.388929,-10.1229,-1.07241
9.05941,-28.2776,0.389338,-10.1335,-1.07226
9.06931,-28.2737,0.389746,-10.1441,-1.07211
9.07921,-28.2699,0.390155,-10.1547,-1.07197
9.08911,-28.266,0.390564,-10.1653,-1.07182
9.09901,-28.2622,0.390972,-10.1759,-1.07167
9.10891,-28.2583,0.391381,-10.1865,-1.07153
9.11881,-28.2544,0.391789,-10.1972,-1.07138
9.12871,-28.2505,0.392198,-10.2078,-1.07123
9.13861,-28.2466,0.392606,-10.2184,-1.07108
9.14851,-28.2427,0.393014,-10.229,-1.07093
9.15842,-28.2389,0.393423,-10.2396,-1.07079
9.16832,-28.235,0.393831,-10.2502,-1.07064
9.17822,-28.2311,0.394239,-10.2608,-1.07049
9.18812,-28.2272,0.394647,-10.2714,-1.07034
9.19802,-28.2232,0.395055,-10.282,-1.07019
9.20792,-28.2193,0.395463,-10.2926,-1.07004
9.21782,-28.2154,0.395871,-10.3032,-1.06989
9.22772,-28.2115,0.396279,-10.3137,-1.06975
9.23762,-28.2076,0.396686,-10.3243,-1.0696
9.24752,-28.2036,0.397094,-10.3349,-1.06945
9.25743,-28.1997,0.397502,-10.3455,-1.0693
9.26733,-28.1958,0.39791,-10.3561,-1.06915
9.27723,-28.1918,0.398317,-10.3667,-1.069
9.28713,-28.1879,0.398725,-10.3773,-1.06885
9.29703,-28.1839,0.399132,-10.3879,-1.0687
9.30693,-28.18,0.39954,-10.3984,-1.06855
9.31683,-28.176,0.399947,-10.409,-1.0684
9.32673,-28.1721,0.400354,-10.4196,-1.06825
9.33663,-28.1681,0.400762,-10.4302,-1.06809
9.34653,-28.1641,0.401169,-10.4407,-1.06794
9.35644,-28.1601,0.401576,-10.4513,-1.06779
9.36634,-28.1562,0.401983,-10.4619,-1.06764
9.37624,-28.1522,0.40239,-10.4725,-1.06749
9.38614,-28.1482,0.402797,-10.483,-1.06734
9.39604,-28.1442,0.403204,-10.4936,-1.06719
9.40594,-28.1402,0.403611,-10.5042,-1.06703
9.41584,-28.1362,0.404018,-10.5147,-1.06688
9.42574,-28.1322,0.404424,-10.5253,-1.06673
9.43564,-28.1282,0.404831,-10.5358,-1.06658
9.44554,-28.1242,0.405238,-10.5464,-1.06643
9.45545,-28.1202,0.405644,-10.557,-1.06627
9.46535,-28.1162,0.406051,-10.5675,-1.06612
9.47525,-28.1121,0.406457,-10.5781,-1.06597
9.48515,-28.1081,0.406864,-10.5886,-1.06581
9.49505,-28.1041,0.40727,-10.5992,-1.06566
9.50495,-28.1,0.407677,-10.6097,-1.06551
9.51485,-28.096,0.408083,-10.6203,-1.06535
9.52475,-28.092,0.408489,-10.6308,-1.0652
9.53465,-28.0879,0.408895,-10.6414,-1.06505
9.54455,-28.0839,0.409301,-10.6519,-1.06489
9.55446,-28.0798,0.409707,-10.6625,-1.06474
9.56436,-28.0758,0.410113,-10.673,-1.06458
9.57426,-28.0717,0.410519,-10.6835,-1.06443
9.58416,-28.0676,0.410925,-10.6941,-1.06427
9.59406,-28.0636,0.411331,-10.7046,-1.06412
9.60396,-28.0595,0.411737,-10.7151,-1.06396
9.61386,-28.0554,0.412142,-10.7257,-1.06381
9.62376,-28.0513,0.412548,-10.7362,-1.06365
9.63366,-28.0472,0.412954,-10.7467,-1.0635
9.64356,-28.0431,0.413359,-10.7573,-1.06334
9.65347,-28.0391,0.413765,-10.7678,-1.06319
9.66337,-28.035,0.41417,-10.7783,-1.06303
9.67327,-28.0308,0.414575,-10.7888,-1.06287
9.68317,-28.0267,0.414981,-10.7994,-1.06272
9.69307,-28.0226,0.415386,-10.8099,-1.06256
9.70297,-28.0185,0.415791,-10.8204,-1.06241
9.71287,-28.0144,0.416196,-10.8309,-1.06225
9.72277,-28.0103,0.416601,-10.8414,-1.06209
9.73267,-28.0061,0.417006,-10.852,-1.06193
9.74257,-28.002,0.417411,-10.8625,-1.06178
9.75248,-27.9979,0.417816,-10.873,-1.06162
9.76238,-27.9937,0.418221,-10.8835,-1.06146
9.77228,-27.9896,0.418626,-10.894,-1.06131
9.78218,-27.9855,0.41903,-10.9045,-1.06115
9.79208,-27.9813,0.419435,-10.915,-1.06099
9.80198,-27.9771,0.41984,-10.9255,-1.06083
9.81188,-27.973,0.420244,-10.936,-1.06067
9.82178,-27.9688,0.420649,-10.9465,-1.06051
9.83168,-27.9647,0.421053,-10.957,-1.06036
9.84158,-27.9605,0.421458,-10.9675,-1.0602
9.85149,-27.9563,0.421862,-10.978,-1.06004
9.86139,-27.9521,0.422266,-10.9885,-1.05988
9.87129,-27.948,0.42267,-10.999,-1.05972
9.88119,-27.9438,0.423075,-11.0095,-1.05956
9.89109,-27.9396,0.423479,-11.02,-1.0594
