0,39.53,-0.000250472,0.00980198,0.99
0.00990099,39.53,-0.000500943,0.019604,0.99
0.019802,39.53,-0.000751414,0.0294059,0.99
0.029703,39.53,-0.00100189,0.0392079,0.99
0.039604,39.53,-0.00125236,0.0490099,0.989999
0.049505,39.53,-0.00150283,0.0588119,0.989999
0.0594059,39.5299,-0.0017533,0.0686138,0.989999
0.0693069,39.5299,-0.00200377,0.0784158,0.989998
0.0792079,39.5299,-0.00225423,0.0882178,0.989998
0.0891089,39.5299,-0.0025047,0.0980197,0.989997
0.0990099,39.5298,-0.00275517,0.107822,0.989996
0.108911,39.5298,-0.00300564,0.117624,0.989996
0.118812,39.5298,-0.00325611,0.127426,0.989995
0.128713,39.5298,-0.00350658,0.137227,0.989994
0.138614,39.5297,-0.00375704,0.147029,0.989993
0.148515,39.5297,-0.00400751,0.156831,0.989992
0.158416,39.5296,-0.00425797,0.166633,0.989991
0.168317,39.5296,-0.00450844,0.176435,0.98999
0.178218,39.5296,-0.0047589,0.186237,0.989989
0.188119,39.5295,-0.00500937,0.196039,0.989988
0.19802,39.5295,-0.00525983,0.205841,0.989987
0.207921,39.5294,-0.0055103,0.215643,0.989985
0.217822,39.5293,-0.00576076,0.225444,0.989984
0.227723,39.5293,-0.00601122,0.235246,0.989982
0.237624,39.5292,-0.00626168,0.245048,0.989981
0.247525,39.5292,-0.00651214,0.25485,0.989979
0.257426,39.5291,-0.0067626,0.264652,0.989978
0.267327,39.529,-0.00701306,0.274453,0.989976
0.277228,39.529,-0.00726352,0.284255,0.989974
0.287129,39.5289,-0.00751398,0.294057,0.989972
0.29703,39.5288,-0.00776444,0.303858,0.989971
0.306931,39.5287,-0.0080149,0.31366,0.989969
0.316832,39.5286,-0.00826535,0.323462,0.989967
0.326733,39.5286,-0.00851581,0.333263,0.989965
0.336634,39.5285,-0.00876627,0.343065,0.989962
0.346535,39.5284,-0.00901672,0.352867,0.98996
0.356436,39.5283,-0.00926717,0.362668,0.989958
0.366337,39.5282,-0.00951763,0.37247,0.989956
0.376238,39.5281,-0.00976808,0.382271,0.989953
0.386139,39.528,-0.0100185,0.392073,0.989951
0.39604,39.5279,-0.010269,0.401874,0.989948
0.405941,39.5278,-0.0105194,0.411676,0.989946
0.415842,39.5277,-0.0107699,0.421477,0.989943
0.425743,39.5276,-0.0110203,0.431279,0.98994
0.435644,39.5275,-0.0112708,0.44108,0.989938
0.445545,39.5274,-0.0115212,0.450881,0.989935
0.455446,39.5273,-0.0117717,0.460683,0.989932
0.465347,39.5271,-0.0120221,0.470484,0.989929
0.475248,39.527,-0.0122726,0.480285,0.989926
0.485149,39.5269,-0.012523,0.490086,0.989923
0.49505,39.5268,-0.0127734,0.499888,0.98992
0.50495,39.5266,-0.0130239,0.509689,0.989917
0.514851,39.5265,-0.0132743,0.51949,0.989913
0.524752,39.5264,-0.0135248,0.529291,0.98991
0.534653,39.5262,-0.0137752,0.539092,0.989907
0.544554,39.5261,-0.0140256,0.548893,0.989903
0.554455,39.526,-0.0142761,0.558694,0.9899
0.564356,39.5258,-0.0145265,0.568495,0.989896
0.574257,39.5257,-0.0147769,0.578296,0.989893
0.584158,39.5255,-0.0150274,0.588097,0.989889
0.594059,39.5254,-0.0152778,0.597898,0.989885
0.60396,39.5252,-0.0155282,0.607699,0.989881
0.613861,39.5251,-0.0157787,0.617499,0.989877
0.623762,39.5249,-0.0160291,0.6273,0.989874
0.633663,39.5248,-0.0162795,0.637101,0.98987
0.643564,39.5246,-0.0165299,0.646902,0.989866
0.653465,39.5244,-0.0167804,0.656702,0.989861
0.663366,39.5243,-0.0170308,0.666503,0.989857
0.673267,39.5241,-0.0172812,0.676303,0.989853
0.683168,39.5239,-0.0175316,0.686104,0.989849
0.693069,39.5237,-0.017782,0.695904,0.989844
0.70297,39.5236,-0.0180325,0.705705,0.98984
0.712871,39.5234,-0.0182829,0.715505,0.989835
0.722772,39.5232,-0.0185333,0.725305,0.989831
0.732673,39.523,-0.0187837,0.735106,0.989826
0.742574,39.5228,-0.0190341,0.744906,0.989821
0.752475,39.5226,-0.0192845,0.754706,0.989817
0.762376,39.5225,-0.019535,0.764506,0.989812
0.772277,39.5223,-0.0197854,0.774306,0.989807
0.782178,39.5221,-0.0200358,0.784106,0.989802
0.792079,39.5219,-0.0202862,0.793906,0.989797
0.80198,39.5217,-0.0205366,0.803706,0.989792
0.811881,39.5215,-0.020787,0.813506,0.989787
0.821782,39.5213,-0.0210374,0.823306,0.989782
0.831683,39.521,-0.0212878,0.833106,0.989777
0.841584,39.5208,-0.0215382,0.842906,0.989771
0.851485,39.5206,-0.0217886,0.852705,0.989766
0.861386,39.5204,-0.022039,0.862505,0.98976
0.871287,39.5202,-0.0222894,0.872304,0.989755
0.881188,39.52,-0.0225398,0.882104,0.989749
0.891089,39.5197,-0.0227902,0.891903,0.989744
0.90099,39.5195,-0.0230406,0.901703,0.989738
0.910891,39.5193,-0.0232909,0.911502,0.989732
0.920792,39.519,-0.0235413,0.921302,0.989727
0.930693,39.5188,-0.0237917,0.931101,0.989721
0.940594,39.5186,-0.0240421,0.9409,0.989715
0.950495,39.5183,-0.0242925,0.950699,0.989709
0.960396,39.5181,-0.0245429,0.960498,0.989703
0.970297,39.5178,-0.0247932,0.970297,0.989697
0.980198,39.5176,-0.0250436,0.980096,0.98969
0.990099,39.5174,-0.025294,0.989895,0.989684
1,39.5171,-0.0255444,0.999694,0.989678
1.0099,39.5168,-0.0257947,1.00949,0.989672
1.0198,39.5166,-0.0260451,1.01929,0.989665
1.0297,39.5163,-0.0262955,1.02909,0.989659
1.0396,39.5161,-0.0265458,1.03889,0.989652
1.0495,39.5158,-0.0267962,1.04869,0.989646
1.05941,39.5155,-0.0270466,1.05849,0.989639
1.06931,39.5153,-0.0272969,1.06828,0.989632
1.07921,39.515,-0.0275473,1.07808,0.989625
1.08911,39.5147,-0.0277977,1.08788,0.989618
1.09901,39.5144,-0.028048,1.09768,0.989612
1.10891,39.5142,-0.0282984,1.10748,0.989605
1.11881,39.5139,-0.0285487,1.11727,0.989598
1.12871,39.5136,-0.0287991,1.12707,0.98959
1.13861,39.5133,-0.0290494,1.13687,0.989583
1.14851,39.513,-0.0292998,1.14667,0.989576
1.15842,39.5127,-0.0295501,1.15647,0.989569
1.16832,39.5124,-0.0298005,1.16626,0.989561
1.17822,39.5121,-0.0300508,1.17606,0.989554
1.18812,39.5118,-0.0303011,1.18586,0.989546
1.19802,39.5115,-0.0305515,1.19566,0.989539
1.20792,39.5112,-0.0308018,1.20545,0.989531
1.21782,39.5109,-0.0310521,1.21525,0.989524
1.22772,39.5106,-0.0313025,1.22505,0.989516
1.23762,39.5103,-0.0315528,1.23485,0.989508
1.24752,39.51,-0.0318031,1.24464,0.9895
1.25743,39.5097,-0.0320535,1.25444,0.989492
1.26733,39.5094,-0.0323038,1.26424,0.989484
1.27723,39.509,-0.0325541,1.27403,0.989476
1.28713,39.5087,-0.0328044,1.28383,0.989468
1.29703,39.5084,-0.0330547,1.29363,0.98946
1.30693,39.5081,-0.0333051,1.30342,0.989452
1.31683,39.5077,-0.0335554,1.31322,0.989444
1.32673,39.5074,-0.0338057,1.32302,0.989435
1.33663,39.5071,-0.034056,1.33281,0.989427
1.34653,39.5067,-0.0343063,1.34261,0.989418
1.35644,39.5064,-0.0345566,1.3524,0.98941
1.36634,39.506,-0.0348069,1.3622,0.989401
1.37624,39.5057,-0.0350572,1.372,0.989393
1.38614,39.5054,-0.0353075,1.38179,0.989384
1.39604,39.505,-0.0355578,1.39159,0.989375
1.40594,39.5046,-0.0358081,1.40138,0.989366
1.41584,39.5043,-0.0360584,1.41118,0.989357
1.42574,39.5039,-0.0363087,1.42098,0.989348
1.43564,39.5036,-0.0365589,1.43077,0.989339
1.44554,39.5032,-0.0368092,1.44057,0.98933
1.45545,39.5028,-0.0370595,1.45036,0.989321
1.46535,39.5025,-0.0373098,1.46016,0.989312
1.47525,39.5021,-0.0375601,1.46995,0.989303
1.48515,39.5017,-0.0378103,1.47975,0.989293
1.49505,39.5014,-0.0380606,1.48954,0.989284
1.50495,39.501,-0.0383109,1.49934,0.989274
1.51485,39.5006,-0.0385611,1.50913,0.989265
1.52475,39.5002,-0.0388114,1.51893,0.989255
1.53465,39.4998,-0.0390617,1.52872,0.989246
1.54455,39.4994,-0.0393119,1.53852,0.989236
1.55446,39.4991,-0.0395622,1.54831,0.989226
1.56436,39.4987,-0.0398124,1.5581,0.989216
1.57426,39.4983,-0.0400627,1.5679,0.989206
1.58416,39.4979,-0.0403129,1.57769,0.989196
1.59406,39.4975,-0.0405632,1.58749,0.989186
1.60396,39.4971,-0.0408134,1.59728,0.989176
1.61386,39.4967,-0.0410637,1.60707,0.989166
1.62376,39.4962,-0.0413139,1.61687,0.989156
1.63366,39.4958,-0.0415641,1.62666,0.989146
1.64356,39.4954,-0.0418144,1.63645,0.989135
1.65347,39.495,-0.0420646,1.64625,0.989125
1.66337,39.4946,-0.0423148,1.65604,0.989115
1.67327,39.4942,-0.0425651,1.66583,0.989104
1.68317,39.4937,-0.0428153,1.67563,0.989093
1.69307,39.4933,-0.0430655,1.68542,0.989083
1.70297,39.4929,-0.0433157,1.69521,0.989072
1.71287,39.4925,-0.0435659,1.70501,0.989061
1.72277,39.492,-0.0438161,1.7148,0.98905
1.73267,39.4916,-0.0440664,1.72459,0.98904
1.74257,39.4912,-0.0443166,1.73438,0.989029
1.75248,39.4907,-0.0445668,1.74418,0.989018
1.76238,39.4903,-0.044817,1.75397,0.989007
1.77228,39.4898,-0.0450672,1.76376,0.988995
1.78218,39.4894,-0.0453174,1.77355,0.988984
1.79208,39.4889,-0.0455676,1.78334,0.988973
1.80198,39.4885,-0.0458177,1.79314,0.988962
1.81188,39.488,-0.0460679,1.80293,0.98895
1.82178,39.4876,-0.0463181,1.81272,0.988939
1.83168,39.4871,-0.0465683,1.82251,0.988927
1.84158,39.4866,-0.0468185,1.8323,0.988916
1.85149,39.4862,-0.0470686,1.84209,0.988904
1.86139,39.4857,-0.0473188,1.85188,0.988892
1.87129,39.4852,-0.047569,1.86168,0.988881
1.88119,39.4848,-0.0478191,1.87147,0.988869
1.89109,39.4843,-0.0480693,1.88126,0.988857
1.90099,39.4838,-0.0483195,1.89105,0.988845
1.91089,39.4833,-0.0485696,1.90084,0.988833
1.92079,39.4829,-0.0488198,1.91063,0.988821
1.93069,39.4824,-0.0490699,1.92042,0.988809
1.94059,39.4819,-0.0493201,1.93021,0.988796
1.9505,39.4814,-0.0495702,1.94,0.988784
1.9604,39.4809,-0.0498204,1.94979,0.988772
1.9703,39.4804,-0.0500705,1.95958,0.988759
1.9802,39.4799,-0.0503206,1.96937,0.988747
1.9901,39.4794,-0.0505708,1.97916,0.988735
2,39.4789,-0.0508209,1.98895,0.988722
2.0099,39.4784,-0.051071,1.99874,0.988709
2.0198,39.4779,-0.0513211,2.00852,0.988697
2.0297,39.4774,-0.0515713,2.01831,0.988684
2.0396,39.4769,-0.0518214,2.0281,0.988671
2.0495,39.4764,-0.0520715,2.03789,0.988658
2.05941,39.4759,-0.0523216,2.04768,0.988645
2.06931,39.4753,-0.0525717,2.05747,0.988632
2.07921,39.4748,-0.0528218,2.06726,0.988619
2.08911,39.4743,-0.0530719,2.07705,0.988606
2.09901,39.4738,-0.053322,2.08683,0.988593
2.10891,39.4732,-0.0535721,2.09662,0.98858
2.11881,39.4727,-0.0538222,2.10641,0.988566
2.12871,39.4722,-0.0540723,2.1162,0.988553
2.13861,39.4716,-0.0543223,2.12598,0.988539
2.14851,39.4711,-0.0545724,2.13577,0.988526
2.15842,39.4705,-0.0548225,2.14556,0.988512
2.16832,39.47,-0.0550726,2.15535,0.988499
2.17822,39.4695,-0.0553226,2.16513,0.988485
2.18812,39.4689,-0.0555727,2.17492,0.988471
2.19802,39.4684,-0.0558228,2.18471,0.988458
2.20792,39.4678,-0.0560728,2.19449,0.988444
2.21782,39.4672,-0.0563229,2.20428,0.98843
2.22772,39.4667,-0.0565729,2.21407,0.988416
2.23762,39.4661,-0.056823,2.22385,0.988402
2.24752,39.4656,-0.057073,2.23364,0.988388
2.25743,39.465,-0.0573231,2.24343,0.988373
2.26733,39.4644,-0.0575731,2.25321,0.988359
2.27723,39.4639,-0.0578231,2.263,0.988345
2.28713,39.4633,-0.0580732,2.27278,0.98833
2.29703,39.4627,-0.0583232,2.28257,0.988316
2.30693,39.4621,-0.0585732,2.29235,0.988302
2.31683,39.4615,-0.0588232,2.30214,0.988287
2.32673,39.461,-0.0590732,2.31192,0.988272
2.33663,39.4604,-0.0593232,2.32171,0.988258
2.34653,39.4598,-0.0595733,2.33149,0.988243
2.35644,39.4592,-0.0598233,2.34128,0.988228
2.36634,39.4586,-0.0600733,2.35106,0.988213
2.37624,39.458,-0.0603233,2.36085,0.988198
2.38614,39.4574,-0.0605732,2.37063,0.988183
2.39604,39.4568,-0.0608232,2.38041,0.988168
2.40594,39.4562,-0.0610732,2.3902,0.988153
2.41584,39.4556,-0.0613232,2.39998,0.988138
2.42574,39.455,-0.0615732,2.40976,0.988123
2.43564,39.4544,-0.0618231,2.41955,0.988108
2.44554,39.4538,-0.0620731,2.42933,0.988092
2.45545,39.4532,-0.0623231,2.43911,0.988077
2.46535,39.4525,-0.062573,2.4489,0.988061
2.47525,39.4519,-0.062823,2.45868,0.988046
2.48515,39.4513,-0.063073,2.46846,0.98803
2.49505,39.4507,-0.0633229,2.47824,0.988014
2.50495,39.45,-0.0635728,2.48803,0.987999
2.51485,39.4494,-0.0638228,2.49781,0.987983
2.52475,39.4488,-0.0640727,2.50759,0.987967
2.53465,39.4481,-0.0643227,2.51737,0.987951
2.54455,39.4475,-0.0645726,2.52715,0.987935
2.55446,39.4469,-0.0648225,2.53694,0.987919
2.56436,39.4462,-0.0650724,2.54672,0.987903
2.57426,39.4456,-0.0653224,2.5565,0.987887
2.58416,39.4449,-0.0655723,2.56628,0.987871
2.59406,39.4443,-0.0658222,2.57606,0.987854
2.60396,39.4436,-0.0660721,2.58584,0.987838
2.61386,39.443,-0.066322,2.59562,0.987822
2.62376,39.4423,-0.0665719,2.6054,0.987805
2.63366,39.4416,-0.0668218,2.61518,0.987789
2.64356,39.441,-0.0670717,2.62496,0.987772
2.65347,39.4403,-0.0673216,2.63474,0.987755
2.66337,39.4396,-0.0675714,2.64452,0.987739
2.67327,39.439,-0.0678213,2.6543,0.987722
2.68317,39.4383,-0.0680712,2.66408,0.987705
2.69307,39.4376,-0.068321,2.67386,0.987688
2.70297,39.437,-0.0685709,2.68364,0.987671
2.71287,39.4363,-0.0688208,2.69342,0.987654
2.72277,39.4356,-0.0690706,2.7032,0.987637
2.73267,39.4349,-0.0693205,2.71297,0.98762
2.74257,39.4342,-0.0695703,2.72275,0.987603
2.75248,39.4335,-0.0698202,2.73253,0.987585
2.76238,39.4328,-0.07007,2.74231,0.987568
2.77228,39.4321,-0.0703198,2.75209,0.987551
2.78218,39.4314,-0.0705697,2.76186,0.987533
2.79208,39.4307,-0.0708195,2.77164,0.987516
2.80198,39.43,-0.0710693,2.78142,0.987498
2.81188,39.4293,-0.0713191,2.7912,0.98748
2.82178,39.4286,-0.0715689,2.80097,0.987463
2.83168,39.4279,-0.0718187,2.81075,0.987445
2.84158,39.4272,-0.0720685,2.82053,0.987427
2.85149,39.4265,-0.0723183,2.8303,0.987409
2.86139,39.4258,-0.0725681,2.84008,0.987391
2.87129,39.4251,-0.0728179,2.84985,0.987373
2.88119,39.4243,-0.0730677,2.85963,0.987355
2.89109,39.4236,-0.0733175,2.86941,0.987337
2.90099,39.4229,-0.0735673,2.87918,0.987319
2.91089,39.4221,-0.073817,2.88896,0.9873
2.92079,39.4214,-0.0740668,2.89873,0.987282
2.93069,39.4207,-0.0743166,2.90851,0.987264
2.94059,39.4199,-0.0745663,2.91828,0.987245
2.9505,39.4192,-0.0748161,2.92806,0.987227
2.9604,39.4185,-0.0750658,2.93783,0.987208
2.9703,39.4177,-0.0753156,2.94761,0.98719
2.9802,39.417,-0.0755653,2.95738,0.987171
2.9901,39.4162,-0.075815,2.96715,0.987152
3,39.4155,-0.0760648,2.97693,0.987133
3.0099,39.4147,-0.0763145,2.9867,0.987114
3.0198,39.414,-0.0765642,2.99647,0.987095
3.0297,39.4132,-0.0768139,3.00625,0.987076
3.0396,39.4124,-0.0770636,3.01602,0.987057
3.0495,39.4117,-0.0773133,3.02579,0.987038
3.05941,39.4109,-0.077563,3.03557,0.987019
3.06931,39.4101,-0.0778127,3.04534,0.987
3.07921,39.4094,-0.0780624,3.05511,0.98698
3.08911,39.4086,-0.0783121,3.06488,0.986961
3.09901,39.4078,-0.0785618,3.07465,0.986942
3.10891,39.407,-0.0788115,3.08442,0.986922
3.11881,39.4063,-0.0790611,3.0942,0.986902
3.12871,39.4055,-0.0793108,3.10397,0.986883
3.13861,39.4047,-0.0795605,3.11374,0.986863
3.14851,39.4039,-0.0798101,3.12351,0.986843
3.15842,39.4031,-0.0800598,3.13328,0.986824
3.16832,39.4023,-0.0803094,3.14305,0.986804
3.17822,39.4015,-0.080559,3.15282,0.986784
3.18812,39.4007,-0.0808087,3.16259,0.986764
3.19802,39.3999,-0.0810583,3.17236,0.986744
3.20792,39.3991,-0.0813079,3.18213,0.986724
3.21782,39.3983,-0.0815576,3.1919,0.986703
3.22772,39.3975,-0.0818072,3.20167,0.986683
3.23762,39.3967,-0.0820568,3.21144,0.986663
3.24752,39.3959,-0.0823064,3.22121,0.986642
3.25743,39.3951,-0.082556,3.23098,0.986622
3.26733,39.3942,-0.0828056,3.24074,0.986601
3.27723,39.3934,-0.0830552,3.25051,0.986581
3.28713,39.3926,-0.0833048,3.26028,0.98656
3.29703,39.3918,-0.0835543,3.27005,0.98654
3.30693,39.3909,-0.0838039,3.27982,0.986519
3.31683,39.3901,-0.0840535,3.28958,0.986498
3.32673,39.3893,-0.0843031,3.29935,0.986477
3.33663,39.3884,-0.0845526,3.30912,0.986456
3.34653,39.3876,-0.0848022,3.31888,0.986435
3.35644,39.3868,-0.0850517,3.32865,0.986414
3.36634,39.3859,-0.0853013,3.33842,0.986393
3.37624,39.3851,-0.0855508,3.34818,0.986372
3.38614,39.3842,-0.0858003,3.35795,0.986351
3.39604,39.3834,-0.0860499,3.36771,0.986329
3.40594,39.3825,-0.0862994,3.37748,0.986308
3.41584,39.3817,-0.0865489,3.38725,0.986287
3.42574,39.3808,-0.0867984,3.39701,0.986265
3.43564,39.3799,-0.0870479,3.40678,0.986244
3.44554,39.3791,-0.0872974,3.41654,0.986222
3.45545,39.3782,-0.0875469,3.4263,0.9862
3.46535,39.3773,-0.0877964,3.43607,0.986179
3.47525,39.3765,-0.0880459,3.44583,0.986157
3.48515,39.3756,-0.0882954,3.4556,0.986135
3.49505,39.3747,-0.0885448,3.46536,0.986113
3.50495,39.3738,-0.0887943,3.47512,0.986091
3.51485,39.373,-0.0890438,3.48489,0.986069
3.52475,39.3721,-0.0892932,3.49465,0.986047
3.53465,39.3712,-0.0895427,3.50441,0.986025
3.54455,39.3703,-0.0897921,3.51418,0.986002
3.55446,39.3694,-0.0900416,3.52394,0.98598
3.56436,39.3685,-0.090291,3.5337,0.985958
3.57426,39.3676,-0.0905404,3.54346,0.985935
3.58416,39.3667,-0.0907898,3.55322,0.985913
3.59406,39.3658,-0.0910393,3.56298,0.98589
3.60396,39.3649,-0.0912887,3.57275,0.985868
3.61386,39.364,-0.0915381,3.58251,0.985845
3.62376,39.3631,-0.0917875,3.59227,0.985822
3.63366,39.3622,-0.0920369,3.60203,0.9858
3.64356,39.3613,-0.0922863,3.61179,0.985777
3.65347,39.3604,-0.0925356,3.62155,0.985754
3.66337,39.3595,-0.092785,3.63131,0.985731
3.67327,39.3585,-0.0930344,3.64107,0.985708
3.68317,39.3576,-0.0932838,3.65083,0.985685
3.69307,39.3567,-0.0935331,3.66059,0.985662
3.70297,39.3558,-0.0937825,3.67035,0.985638
3.71287,39.3548,-0.0940318,3.6801,0.985615
3.72277,39.3539,-0.0942812,3.68986,0.985592
3.73267,39.353,-0.0945305,3.69962,0.985568
3.74257,39.352,-0.0947798,3.70938,0.985545
3.75248,39.3511,-0.0950292,3.71914,0.985521
3.76238,39.3502,-0.0952785,3.72889,0.985498
3.77228,39.3492,-0.0955278,3.73865,0.985474
3.78218,39.3483,-0.0957771,3.74841,0.98545
3.79208,39.3473,-0.0960264,3.75816,0.985427
3.80198,39.3464,-0.0962757,3.76792,0.985403
3.81188,39.3454,-0.096525,3.77768,0.985379
3.82178,39.3444,-0.0967743,3.78743,0.985355
3.83168,39.3435,-0.0970236,3.79719,0.985331
3.84158,39.3425,-0.0972728,3.80695,0.985307
3.85149,39.3416,-0.0975221,3.8167,0.985283
3.86139,39.3406,-0.0977713,3.82646,0.985258
3.87129,39.3396,-0.0980206,3.83621,0.985234
3.88119,39.3387,-0.0982699,3.84597,0.98521
3.89109,39.3377,-0.0985191,3.85572,0.985185
3.90099,39.3367,-0.0987683,3.86547,0.985161
3.91089,39.3357,-0.0990176,3.87523,0.985136
3.92079,39.3347,-0.0992668,3.88498,0.985112
3.93069,39.3338,-0.099516,3.89474,0.985087
3.94059,39.3328,-0.0997652,3.90449,0.985063
3.9505,39.3318,-0.100014,3.91424,0.985038
3.9604,39.3308,-0.100264,3.92399,0.985013
3.9703,39.3298,-0.100513,3.93375,0.984988
3.9802,39.3288,-0.100762,3.9435,0.984963
3.9901,39.3278,-0.101011,3.95325,0.984938
4,39.3268,-0.10126,3.963,0.984913
4.0099,39.3258,-0.10151,3.97275,0.984888
4.0198,39.3248,-0.101759,3.98251,0.984863
4.0297,39.3238,-0.102008,3.99226,0.984837
4.0396,39.3228,-0.102257,4.00201,0.984812
4.0495,39.3218,-0.102506,4.01176,0.984787
4.05941,39.3207,-0.102755,4.02151,0.984761
4.06931,39.3197,-0.103004,4.03126,0.984736
4.07921,39.3187,-0.103254,4.04101,0.98471
4.08911,39.3177,-0.103503,4.05076,0.984685
4.09901,39.3167,-0.103752,4.06051,0.984659
4.10891,39.3156,-0.104001,4.07026,0.984633
4.11881,39.3146,-0.10425,4.08,0.984607
4.12871,39.3136,-0.104499,4.08975,0.984582
4.13861,39.3125,-0.104748,4.0995,0.984556
4.14851,39.3115,-0.104997,4.10925,0.98453
4.15842,39.3104,-0.105246,4.119,0.984504
4.16832,39.3094,-0.105495,4.12874,0.984477
4.17822,39.3084,-0.105744,4.13849,0.984451
4.18812,39.3073,-0.105993,4.14824,0.984425
4.19802,39.3063,-0.106242,4.15798,0.984399
4.20792,39.3052,-0.106492,4.16773,0.984372
4.21782,39.3041,-0.106741,4.17748,0.984346
4.22772,39.3031,-0.10699,4.18722,0.984319
4.23762,39.302,-0.107239,4.19697,0.984293
4.24752,39.301,-0.107488,4.20671,0.984266
4.25743,39.2999,-0.107737,4.21646,0.98424
4.26733,39.2988,-0.107986,4.2262,0.984213
4.27723,39.2978,-0.108235,4.23595,0.984186
4.28713,39.2967,-0.108484,4.24569,0.984159
4.29703,39.2956,-0.108733,4.25544,0.984132
4.30693,39.2945,-0.108982,4.26518,0.984105
4.31683,39.2935,-0.109231,4.27492,0.984078
4.32673,39.2924,-0.109479,4.28467,0.984051
4.33663,39.2913,-0.109728,4.29441,0.984024
4.34653,39.2902,-0.109977,4.30415,0.983997
4.35644,39.2891,-0.110226,4.31389,0.983969
4.36634,39.288,-0.110475,4.32364,0.983942
4.37624,39.2869,-0.110724,4.33338,0.983915
4.38614,39.2858,-0.110973,4.34312,0.983887
4.39604,39.2847,-0.111222,4.35286,0.98386
4.40594,39.2836,-0.111471,4.3626,0.983832
4.41584,39.2825,-0.11172,4.37234,0.983804
4.42574,39.2814,-0.111969,4.38208,0.983777
4.43564,39.2803,-0.112218,4.39182,0.983749
4.44554,39.2792,-0.112466,4.40156,0.983721
4.45545,39.2781,-0.112715,4.4113,0.983693
4.46535,39.277,-0.112964,4.42104,0.983665
4.47525,39.2758,-0.113213,4.43078,0.983637
4.48515,39.2747,-0.113462,4.44052,0.983609
4.49505,39.2736,-0.113711,4.45026,0.983581
4.50495,39.2725,-0.11396,4.46,0.983553
4.51485,39.2713,-0.114208,4.46974,0.983524
4.52475,39.2702,-0.114457,4.47947,0.983496
4.53465,39.2691,-0.114706,4.48921,0.983468
4.54455,39.2679,-0.114955,4.49895,0.983439
4.55446,39.2668,-0.115204,4.50869,0.983411
4.56436,39.2656,-0.115452,4.51842,0.983382
4.57426,39.2645,-0.115701,4.52816,0.983353
4.58416,39.2634,-0.11595,4.53789,0.983325
4.59406,39.2622,-0.116199,4.54763,0.983296
4.60396,39.2611,-0.116448,4.55737,0.983267
4.61386,39.2599,-0.116696,4.5671,0.983238
4.62376,39.2587,-0.116945,4.57684,0.983209
4.63366,39.2576,-0.117194,4.58657,0.98318
4.64356,39.2564,-0.117443,4.5963,0.983151
4.65347,39.2553,-0.117691,4.60604,0.983122
4.66337,39.2541,-0.11794,4.61577,0.983093
4.67327,39.2529,-0.118189,4.62551,0.983063
4.68317,39.2518,-0.118437,4.63524,0.983034
4.69307,39.2506,-0.118686,4.64497,0.983005
4.70297,39.2494,-0.118935,4.6547,0.982975
4.71287,39.2482,-0.119183,4.66444,0.982946
4.72277,39.247,-0.119432,4.67417,0.982916
4.73267,39.2459,-0.119681,4.6839,0.982886
4.74257,39.2447,-0.119929,4.69363,0.982857
4.75248,39.2435,-0.120178,4.70336,0.982827
4.76238,39.2423,-0.120427,4.71309,0.982797
4.77228,39.2411,-0.120675,4.72282,0.982767
4.78218,39.2399,-0.120924,4.73255,0.982737
4.79208,39.2387,-0.121173,4.74228,0.982707
4.80198,39.2375,-0.121421,4.75201,0.982677
4.81188,39.2363,-0.12167,4.76174,0.982647
4.82178,39.2351,-0.121918,4.77147,0.982617
4.83168,39.2339,-0.122167,4.7812,0.982587
4.84158,39.2327,-0.122416,4.79093,0.982556
4.85149,39.2315,-0.122664,4.80066,0.982526
4.86139,39.2302,-0.122913,4.81039,0.982496
4.87129,39.229,-0.123161,4.82011,0.982465
4.88119,39.2278,-0.12341,4.82984,0.982435
4.89109,39.2266,-0.123658,4.83957,0.982404
4.90099,39.2254,-0.123907,4.84929,0.982373
4.91089,39.2241,-0.124156,4.85902,0.982342
4.92079,39.2229,-0.124404,4.86875,0.982312
4.93069,39.2217,-0.124653,4.87847,0.982281
4.94059,39.2204,-0.124901,4.8882,0.98225
4.9505,39.2192,-0.12515,4.89792,0.982219
4.9604,39.218,-0.125398,4.90765,0.982188
4.9703,39.2167,-0.125647,4.91737,0.982157
4.9802,39.2155,-0.125895,4.9271,0.982126
4.9901,39.2142,-0.126144,4.93682,0.982094
5,39.213,-0.126392,4.94654,0.982063
5.0099,39.2117,-0.12664,4.95627,0.982032
5.0198,39.2105,-0.126889,4.96599,0.982
5.0297,39.2092,-0.127137,4.97571,0.981969
5.0396,39.2079,-0.127386,4.98543,0.981937
5.0495,39.2067,-0.127634,4.99516,0.981906
5.05941,39.2054,-0.127883,5.00488,0.981874
5.06931,39.2042,-0.128131,5.0146,0.981842
5.07921,39.2029,-0.128379,5.02432,0.98181
5.08911,39.2016,-0.128628,5.03404,0.981778
5.09901,39.2003,-0.128876,5.04376,0.981747
5.10891,39.1991,-0.129125,5.05348,0.981715
5.11881,39.1978,-0.129373,5.0632,0.981683
5.12871,39.1965,-0.129621,5.07292,0.98165
5.13861,39.1952,-0.12987,5.08264,0.981618
5.14851,39.1939,-0.130118,5.09236,0.981586
5.15842,39.1926,-0.130366,5.10208,0.981554
5.16832,39.1913,-0.130615,5.1118,0.981521
5.17822,39.19,-0.130863,5.12151,0.981489
5.18812,39.1887,-0.131111,5.13123,0.981457
5.19802,39.1875,-0.13136,5.14095,0.981424
5.20792,39.1861,-0.131608,5.15067,0.981391
5.21782,39.1848,-0.131856,5.16038,0.981359
5.22772,39.1835,-0.132105,5.1701,0.981326
5.23762,39.1822,-0.132353,5.17981,0.981293
5.24752,39.1809,-0.132601,5.18953,0.98126
5.25743,39.1796,-0.132849,5.19924,0.981228
5.26733,39.1783,-0.133098,5.20896,0.981195
5.27723,39.177,-0.133346,5.21867,0.981162
5.28713,39.1756,-0.133594,5.22839,0.981128
5.29703,39.1743,-0.133842,5.2381,0.981095
5.30693,39.173,-0.134091,5.24782,0.981062
5.31683,39.1717,-0.134339,5.25753,0.981029
5.32673,39.1703,-0.134587,5.26724,0.980995
5.33663,39.169,-0.134835,5.27696,0.980962
5.34653,39.1677,-0.135083,5.28667,0.980929
5.35644,39.1663,-0.135332,5.29638,0.980895
5.36634,39.165,-0.13558,5.30609,0.980862
5.37624,39.1636,-0.135828,5.3158,0.980828
5.38614,39.1623,-0.136076,5.32551,0.980794
5.39604,39.1609,-0.136324,5.33522,0.98076
5.40594,39.1596,-0.136572,5.34493,0.980727
5.41584,39.1582,-0.13682,5.35464,0.980693
5.42574,39.1569,-0.137069,5.36435,0.980659
5.43564,39.1555,-0.137317,5.37406,0.980625
5.44554,39.1542,-0.137565,5.38377,0.980591
5.45545,39.1528,-0.137813,5.39348,0.980557
5.46535,39.1514,-0.138061,5.40319,0.980522
5.47525,39.1501,-0.138309,5.4129,0.980488
5.48515,39.1487,-0.138557,5.42261,0.980454
5.49505,39.1473,-0.138805,5.43231,0.980419
5.50495,39.146,-0.139053,5.44202,0.980385
5.51485,39.1446,-0.139301,5.45173,0.98035
5.52475,39.1432,-0.139549,5.46143,0.980316
5.53465,39.1418,-0.139797,5.47114,0.980281
5.54455,39.1404,-0.140045,5.48084,0.980247
5.55446,39.139,-0.140293,5.49055,0.980212
5.56436,39.1376,-0.140541,5.50025,0.980177
5.57426,39.1363,-0.140789,5.50996,0.980142
5.58416,39.1349,-0.141037,5.51966,0.980107
5.59406,39.1335,-0.141285,5.52937,0.980072
5.60396,39.1321,-0.141533,5.53907,0.980037
5.61386,39.1307,-0.141781,5.54877,0.980002
5.62376,39.1293,-0.142029,5.55848,0.979967
5.63366,39.1278,-0.142277,5.56818,0.979932
5.64356,39.1264,-0.142525,5.57788,0.979896
5.65347,39.125,-0.142773,5.58758,0.979861
5.66337,39.1236,-0.143021,5.59728,0.979826
5.67327,39.1222,-0.143269,5.60698,0.97979
5.68317,39.1208,-0.143517,5.61669,0.979754
5.69307,39.1193,-0.143765,5.62639,0.979719
5.70297,39.1179,-0.144012,5.63609,0.979683
5.71287,39.1165,-0.14426,5.64579,0.979647
5.72277,39.1151,-0.144508,5.65548,0.979612
5.73267,39.1136,-0.144756,5.66518,0.979576
5.74257,39.1122,-0.145004,5.67488,0.97954
5.75248,39.1108,-0.145252,5.68458,0.979504
5.76238,39.1093,-0.145499,5.69428,0.979468
5.77228,39.1079,-0.145747,5.70398,0.979432
5.78218,39.1064,-0.145995,5.71367,0.979396
5.79208,39.105,-0.146243,5.72337,0.979359
5.80198,39.1035,-0.146491,5.73307,0.979323
5.81188,39.1021,-0.146738,5.74276,0.979287
5.82178,39.1006,-0.146986,5.75246,0.97925
5.83168,39.0992,-0.147234,5.76215,0.979214
5.84158,39.0977,-0.147482,5.77185,0.979177
5.85149,39.0963,-0.14773,5.78154,0.979141
5.86139,39.0948,-0.147977,5.79124,0.979104
5.87129,39.0933,-0.148225,5.80093,0.979067
5.88119,39.0919,-0.148473,5.81063,0.979031
5.89109,39.0904,-0.14872,5.82032,0.978994
5.90099,39.0889,-0.148968,5.83001,0.978957
5.91089,39.0874,-0.149216,5.8397,0.97892
5.92079,39.086,-0.149463,5.8494,0.978883
5.93069,39.0845,-0.149711,5.85909,0.978846
5.94059,39.083,-0.149959,5.86878,0.978809
5.9505,39.0815,-0.150206,5.87847,0.978771
5.9604,39.08,-0.150454,5.88816,0.978734
5.9703,39.0785,-0.150702,5.89785,0.978697
5.9802,39.077,-0.150949,5.90754,0.978659
5.9901,39.0755,-0.151197,5.91723,0.978622
6,39.074,-0.151445,5.92692,0.978584
6.0099,39.0725,-0.151692,5.93661,0.978547
6.0198,39.071,-0.15194,5.9463,0.978509
6.0297,39.0695,-0.152187,5.95598,0.978472
6.0396,39.068,-0.152435,5.96567,0.978434
6.0495,39.0665,-0.152683,5.97536,0.978396
6.05941,39.065,-0.15293,5.98505,0.978358
6.06931,39.0635,-0.153178,5.99473,0.97832
6.07921,39.062,-0.153425,6.00442,0.978282
6.08911,39.0605,-0.153673,6.0141,0.978244
6.09901,39.0589,-0.15392,6.02379,0.978206
6.10891,39.0574,-0.154168,6.03347,0.978168
6.11881,39.0559,-0.154415,6.04316,0.978129
6.12871,39.0543,-0.154663,6.05284,0.978091
6.13861,39.0528,-0.15491,6.06253,0.978053
6.14851,39.0513,-0.155158,6.07221,0.978014
6.15842,39.0497,-0.155405,6.08189,0.977976
6.16832,39.0482,-0.155653,6.09158,0.977937
6.17822,39.0467,-0.1559,6.10126,0.977899
6.18812,39.0451,-0.156147,6.11094,0.97786
6.19802,39.0436,-0.156395,6.12062,0.977821
6.20792,39.042,-0.156642,6.1303,0.977782
6.21782,39.0405,-0.15689,6.13999,0.977744
6.22772,39.0389,-0.157137,6.14967,0.977705
6.23762,39.0374,-0.157384,6.15935,0.977666
6.24752,39.0358,-0.157632,6.16903,0.977627
6.25743,39.0342,-0.157879,6.1787,0.977587
6.26733,39.0327,-0.158127,6.18838,0.977548
6.27723,39.0311,-0.158374,6.19806,0.977509
6.28713,39.0295,-0.158621,6.20774,0.97747
6.29703,39.028,-0.158869,6.21742,0.97743
6.30693,39.0264,-0.159116,6.2271,0.977391
6.31683,39.0248,-0.159363,6.23677,0.977351
6.32673,39.0232,-0.15961,6.24645,0.977312
6.33663,39.0216,-0.159858,6.25612,0.977272
6.34653,39.0201,-0.160105,6.2658,0.977233
6.35644,39.0185,-0.160352,6.27548,0.977193
6.36634,39.0169,-0.1606,6.28515,0.977153
6.37624,39.0153,-0.160847,6.29483,0.977113
6.38614,39.0137,-0.161094,6.3045,0.977073
6.39604,39.0121,-0.161341,6.31417,0.977033
6.40594,39.0105,-0.161589,6.32385,0.976993
6.41584,39.0089,-0.161836,6.33352,0.976953
6.42574,39.0073,-0.162083,6.34319,0.976913
6.43564,39.0057,-0.16233,6.35286,0.976873
6.44554,39.0041,-0.162577,6.36254,0.976833
6.45545,39.0025,-0.162824,6.37221,0.976792
6.46535,39.0009,-0.163072,6.38188,0.976752
6.47525,38.9992,-0.163319,6.39155,0.976711
6.48515,38.9976,-0.163566,6.40122,0.976671
6.49505,38.996,-0.163813,6.41089,0.97663
6.50495,38.9944,-0.16406,6.42056,0.97659
6.51485,38.9928,-0.164307,6.43023,0.976549
6.52475,38.9911,-0.164554,6.4399,0.976508
6.53465,38.9895,-0.164802,6.44956,0.976467
6.54455,38.9879,-0.165049,6.45923,0.976426
6.55446,38.9862,-0.165296,6.4689,0.976386
6.56436,38.9846,-0.165543,6.47857,0.976345
6.57426,38.983,-0.16579,6.48823,0.976303
6.58416,38.9813,-0.166037,6.4979,0.976262
6.59406,38.9797,-0.166284,6.50757,0.976221
6.60396,38.978,-0.166531,6.51723,0.97618
6.61386,38.9764,-0.166778,6.5269,0.976139
6.62376,38.9747,-0.167025,6.53656,0.976097
6.63366,38.9731,-0.167272,6.54622,0.976056
6.64356,38.9714,-0.167519,6.55589,0.976014
6.65347,38.9697,-0.167766,6.56555,0.975973
6.66337,38.9681,-0.168013,6.57521,0.975931
6.67327,38.9664,-0.16826,6.58488,0.975889
6.68317,38.9648,-0.168507,6.59454,0.975848
6.69307,38.9631,-0.168754,6.6042,0.975806
6.70297,38.9614,-0.169001,6.61386,0.975764
6.71287,38.9597,-0.169247,6.62352,0.975722
6.72277,38.9581,-0.169494,6.63318,0.97568
6.73267,38.9564,-0.169741,6.64284,0.975638
6.74257,38.9547,-0.169988,6.6525,0.975596
6.75248,38.953,-0.170235,6.66216,0.975554
6.76238,38.9513,-0.170482,6.67182,0.975511
6.77228,38.9496,-0.170729,6.68148,0.975469
6.78218,38.9479,-0.170976,6.69114,0.975427
6.79208,38.9463,-0.171222,6.70079,0.975384
6.80198,38.9446,-0.171469,6.71045,0.975342
6.81188,38.9429,-0.171716,6.72011,0.975299
6.82178,38.9412,-0.171963,6.72976,0.975257
6.83168,38.9395,-0.17221,6.73942,0.975214
6.84158,38.9377,-0.172456,6.74908,0.975171
6.85149,38.936,-0.172703,6.75873,0.975128
6.86139,38.9343,-0.17295,6.76838,0.975086
6.87129,38.9326,-0.173197,6.77804,0.975043
6.88119,38.9309,-0.173443,6.78769,0.975
6.89109,38.9292,-0.17369,6.79735,0.974957
6.90099,38.9275,-0.173937,6.807,0.974914
6.91089,38.9257,-0.174184,6.81665,0.97487
6.92079,38.924,-0.17443,6.8263,0.974827
6.93069,38.9223,-0.174677,6.83595,0.974784
6.94059,38.9205,-0.174924,6.84561,0.974741
6.9505,38.9188,-0.17517,6.85526,0.974697
6.9604,38.9171,-0.175417,6.86491,0.974654
6.9703,38.9153,-0.175664,6.87456,0.97461
6.9802,38.9136,-0.17591,6.88421,0.974567
6.9901,38.9119,-0.176157,6.89385,0.974523
7,38.9101,-0.176403,6.9035,0.974479
7.0099,38.9084,-0.17665,6.91315,0.974435
7.0198,38.9066,-0.176897,6.9228,0.974392
7.0297,38.9049,-0.177143,6.93245,0.974348
7.0396,38.9031,-0.17739,6.94209,0.974304
7.0495,38.9013,-0.177636,6.95174,0.97426
7.05941,38.8996,-0.177883,6.96139,0.974216
7.06931,38.8978,-0.178129,6.97103,0.974172
7.07921,38.8961,-0.178376,6.98068,0.974127
7.08911,38.8943,-0.178622,6.99032,0.974083
7.09901,38.8925,-0.178869,6.99996,0.974039
7.10891,38.8908,-0.179115,7.00961,0.973994
7.11881,38.889,-0.179362,7.01925,0.97395
7.12871,38.8872,-0.179608,7.02889,0.973905
7.13861,38.8854,-0.179855,7.03854,0.973861
7.14851,38.8836,-0.180101,7.04818,0.973816
7.15842,38.8819,-0.180348,7.05782,0.973772
7.16832,38.8801,-0.180594,7.06746,0.973727
7.17822,38.8783,-0.180841,7.0771,0.973682
7.18812,38.8765,-0.181087,7.08674,0.973637
7.19802,38.8747,-0.181333,7.09638,0.973592
7.20792,38.8729,-0.18158,7.10602,0.973547
7.21782,38.8711,-0.181826,7.11566,0.973502
7.22772,38.8693,-0.182073,7.1253,0.973457
7.23762,38.8675,-0.182319,7.13494,0.973412
7.24752,38.8657,-0.182565,7.14457,0.973367
7.25743,38.8639,-0.182812,7.15421,0.973321
7.26733,38.8621,-0.183058,7.16385,0.973276
7.27723,38.8603,-0.183304,7.17348,0.97323
7.28713,38.8584,-0.183551,7.18312,0.973185
7.29703,38.8566,-0.183797,7.19275,0.973139
7.30693,38.8548,-0.184043,7.20239,0.973094
7.31683,38.853,-0.184289,7.21202,0.973048
7.32673,38.8511,-0.184536,7.22166,0.973002
7.33663,38.8493,-0.184782,7.23129,0.972957
7.34653,38.8475,-0.185028,7.24092,0.972911
7.35644,38.8457,-0.185274,7.25056,0.972865
7.36634,38.8438,-0.185521,7.26019,0.972819
7.37624,38.842,-0.185767,7.26982,0.972773
7.38614,38.8401,-0.186013,7.27945,0.972727
7.39604,38.8383,-0.186259,7.28908,0.972681
7.40594,38.8365,-0.186505,7.29871,0.972634
7.41584,38.8346,-0.186751,7.30834,0.972588
7.42574,38.8328,-0.186998,7.31797,0.972542
7.43564,38.8309,-0.187244,7.3276,0.972495
7.44554,38.829,-0.18749,7.33723,0.972449
7.45545,38.8272,-0.187736,7.34686,0.972402
7.46535,38.8253,-0.187982,7.35648,0.972356
7.47525,38.8235,-0.188228,7.36611,0.972309
7.48515,38.8216,-0.188474,7.37574,0.972262
7.49505,38.8197,-0.18872,7.38536,0.972216
7.50495,38.8179,-0.188966,7.39499,0.972169
7.51485,38.816,-0.189212,7.40462,0.972122
7.52475,38.8141,-0.189458,7.41424,0.972075
7.53465,38.8122,-0.189704,7.42386,0.972028
7.54455,38.8104,-0.18995,7.43349,0.971981
7.55446,38.8085,-0.190196,7.44311,0.971934
7.56436,38.8066,-0.190442,7.45273,0.971887
7.57426,38.8047,-0.190688,7.46236,0.971839
7.58416,38.8028,-0.190934,7.47198,0.971792
7.59406,38.8009,-0.19118,7.4816,0.971745
7.60396,38.799,-0.191426,7.49122,0.971697
7.61386,38.7971,-0.191672,7.50084,0.97165
7.62376,38.7952,-0.191918,7.51046,0.971602
7.63366,38.7933,-0.192164,7.52008,0.971555
7.64356,38.7914,-0.19241,7.5297,0.971507
7.65347,38.7895,-0.192656,7.53932,0.971459
7.66337,38.7876,-0.192902,7.54894,0.971411
7.67327,38.7857,-0.193147,7.55856,0.971363
7.68317,38.7838,-0.193393,7.56817,0.971316
7.69307,38.7819,-0.193639,7.57779,0.971268
7.70297,38.78,-0.193885,7.58741,0.97122
7.71287,38.778,-0.194131,7.59702,0.971171
7.72277,38.7761,-0.194377,7.60664,0.971123
7.73267,38.7742,-0.194622,7.61625,0.971075
7.74257,38.7723,-0.194868,7.62587,0.971027
7.75248,38.7703,-0.195114,7.63548,0.970978
7.76238,38.7684,-0.19536,7.64509,0.97093
7.77228,38.7665,-0.195605,7.65471,0.970881
7.78218,38.7645,-0.195851,7.66432,0.970833
7.79208,38.7626,-0.196097,7.67393,0.970784
7.80198,38.7606,-0.196343,7.68354,0.970736
7.81188,38.7587,-0.196588,7.69315,0.970687
7.82178,38.7567,-0.196834,7.70276,0.970638
7.83168,38.7548,-0.19708,7.71237,0.970589
7.84158,38.7528,-0.197325,7.72198,0.97054
7.85149,38.7509,-0.197571,7.73159,0.970491
7.86139,38.7489,-0.197817,7.7412,0.970442
7.87129,38.747,-0.198062,7.75081,0.970393
7.88119,38.745,-0.198308,7.76042,0.970344
7.89109,38.743,-0.198553,7.77002,0.970295
7.90099,38.7411,-0.198799,7.77963,0.970246
7.91089,38.7391,-0.199045,7.78924,0.970196
7.92079,38.7371,-0.19929,7.79884,0.970147
7.93069,38.7352,-0.199536,7.80845,0.970098
7.94059,38.7332,-0.199781,7.81805,0.970048
7.9505,38.7312,-0.200027,7.82766,0.969998
7.9604,38.7292,-0.200272,7.83726,0.969949
7.9703,38.7272,-0.200518,7.84686,0.969899
7.9802,38.7253,-0.200763,7.85647,0.969849
7.9901,38.7233,-0.201009,7.86607,0.9698
8,38.7213,-0.201254,7.87567,0.96975
8.0099,38.7193,-0.2015,7.88527,0.9697
8.0198,38.7173,-0.201745,7.89487,0.96965
8.0297,38.7153,-0.201991,7.90447,0.9696
8.0396,38.7133,-0.202236,7.91407,0.96955
8.0495,38.7113,-0.202481,7.92367,0.969499
8.05941,38.7093,-0.202727,7.93327,0.969449
8.06931,38.7073,-0.202972,7.94287,0.969399
8.07921,38.7053,-0.203218,7.95247,0.969349
8.08911,38.7032,-0.203463,7.96206,0.969298
8.09901,38.7012,-0.203708,7.97166,0.969248
8.10891,38.6992,-0.203954,7.98126,0.969197
8.11881,38.6972,-0.204199,7.99085,0.969146
8.12871,38.6952,-0.204444,8.00045,0.969096
8.13861,38.6931,-0.20469,8.01004,0.969045
8.14851,38.6911,-0.204935,8.01964,0.968994
8.15842,38.6891,-0.20518,8.02923,0.968943
8.16832,38.687,-0.205425,8.03882,0.968892
8.17822,38.685,-0.205671,8.04842,0.968842
8.18812,38.683,-0.205916,8.05801,0.96879
8.19802,38.6809,-0.206161,8.0676,0.968739
8.20792,38.6789,-0.206406,8.07719,0.968688
8.21782,38.6768,-0.206652,8.08678,0.968637
8.22772,38.6748,-0.206897,8.09637,0.968586
8.23762,38.6728,-0.207142,8.10596,0.968534
8.24752,38.6707,-0.207387,8.11555,0.968483
8.25743,38.6686,-0.207632,8.12514,0.968432
8.26733,38.6666,-0.207877,8.13473,0.96838
8.27723,38.6645,-0.208123,8.14432,0.968328
8.28713,38.6625,-0.208368,8.1539,0.968277
8.29703,38.6604,-0.208613,8.16349,0.968225
8.30693,38.6583,-0.208858,8.17307,0.968173
8.31683,38.6563,-0.209103,8.18266,0.968122
8.32673,38.6542,-0.209348,8.19225,0.96807
8.33663,38.6521,-0.209593,8.20183,0.968018
8.34653,38.65,-0.209838,8.21141,0.967966
8.35644,38.648,-0.210083,8.221,0.967914
8.36634,38.6459,-0.210328,8.23058,0.967862
8.37624,38.6438,-0.210573,8.24016,0.967809
8.38614,38.6417,-0.210818,8.24975,0.967757
8.39604,38.6396,-0.211063,8.25933,0.967705
8.40594,38.6375,-0.211308,8.26891,0.967652
8.41584,38.6354,-0.211553,8.27849,0.9676
8.42574,38.6333,-0.211798,8.28807,0.967547
8.43564,38.6312,-0.212043,8.29765,0.967495
8.44554,38.6291,-0.212288,8.30723,0.967442
8.45545,38.627,-0.212533,8.31681,0.96739
8.46535,38.6249,-0.212778,8.32638,0.967337
8.47525,38.6228,-0.213023,8.33596,0.967284
8.48515,38.6207,-0.213267,8.34554,0.967231
8.49505,38.6186,-0.213512,8.35511,0.967178
8.50495,38.6165,-0.213757,8.36469,0.967125
8.51485,38.6144,-0.214002,8.37426,0.967072
8.52475,38.6123,-0.214247,8.38384,0.967019
8.53465,38.6101,-0.214492,8.39341,0.966966
8.54455,38.608,-0.214736,8.40299,0.966913
8.55446,38.6059,-0.214981,8.41256,0.96686
8.56436,38.6038,-0.215226,8.42213,0.966806
8.57426,38.6016,-0.215471,8.4317,0.966753
8.58416,38.5995,-0.215715,8.44128,0.966699
8.59406,38.5973,-0.21596,8.45085,0.966646
8.60396,38.5952,-0.216205,8.46042,0.966592
8.61386,38.5931,-0.21645,8.46999,0.966539
8.62376,38.5909,-0.216694,8.47956,0.966485
8.63366,38.5888,-0.216939,8.48913,0.966431
8.64356,38.5866,-0.217184,8.49869,0.966377
8.65347,38.5845,-0.217428,8.50826,0.966323
8.66337,38.5823,-0.217673,8.51783,0.966269
8.67327,38.5802,-0.217917,8.5274,0.966215
8.68317,38.578,-0.218162,8.53696,0.966161
8.69307,38.5758,-0.218407,8.54653,0.966107
8.70297,38.5737,-0.218651,8.55609,0.966053
8.71287,38.5715,-0.218896,8.56566,0.965999
8.72277,38.5693,-0.21914,8.57522,0.965945
8.73267,38.5672,-0.219385,8.58479,0.96589
8.74257,38.565,-0.219629,8.59435,0.965836
8.75248,38.5628,-0.219874,8.60391,0.965781
8.76238,38.5606,-0.220118,8.61347,0.965727
8.77228,38.5585,-0.220363,8.62303,0.965672
8.78218,38.5563,-0.220607,8.6326,0.965617
8.79208,38.5541,-0.220852,8.64216,0.965563
8.80198,38.5519,-0.221096,8.65172,0.965508
8.81188,38.5497,-0.221341,8.66127,0.965453
8.82178,38.5475,-0.221585,8.67083,0.965398
8.83168,38.5453,-0.22183,8.68039,0.965343
8.84158,38.5431,-0.222074,8.68995,0.965288
8.85149,38.5409,-0.222318,8.69951,0.965233
8.86139,38.5387,-0.222563,8.70906,0.965178
8.87129,38.5365,-0.222807,8.71862,0.965123
8.88119,38.5343,-0.223051,8.72817,0.965067
8.89109,38.5321,-0.223296,8.73773,0.965012
8.90099,38.5299,-0.22354,8.74728,0.964957
8.91089,38.5277,-0.223784,8.75684,0.964901
8.92079,38.5255,-0.224029,8.76639,0.964846
8.93069,38.5232,-0.224273,8.77594,0.96479
8.94059,38.521,-0.224517,8.78549,0.964734
8.9505,38.5188,-0.224761,8.79505,0.964679
8.9604,38.5166,-0.225006,8.8046,0.964623
8.9703,38.5143,-0.22525,8.81415,0.964567
8.9802,38.5121,-0.225494,8.8237,0.964511
8.9901,38.5099,-0.225738,8.83325,0.964455
9,38.5076,-0.225983,8.8428,0.964399
9.0099,38.5054,-0.226227,8.85234,0.964343
9.0198,38.5032,-0.226471,8.86189,0.964287
9.0297,38.5009,-0.226715,8.87144,0.964231
9.0396,38.4987,-0.226959,8.88099,0.964175
9.0495,38.4964,-0.227203,8.89053,0.964118
9.05941,38.4942,-0.227447,8.90008,0.964062
9.06931,38.4919,-0.227691,8.90962,0.964005
9.07921,38.4897,-0.227935,8.91917,0.963949
9.08911,38.4874,-0.22818,8.92871,0.963892
9.09901,38.4851,-0.228424,8.93825,0.963836
9.10891,38.4829,-0.228668,8.9478,0.963779
9.11881,38.4806,-0.228912,8.95734,0.963722
9.12871,38.4784,-0.229156,8.96688,0.963666
9.13861,38.4761,-0.2294,8.97642,0.963609
9.14851,38.4738,-0.229644,8.98596,0.963552
9.15842,38.4715,-0.229888,8.9955,0.963495
9.16832,38.4693,-0.230132,9.00504,0.963438
9.17822,38.467,-0.230375,9.01458,0.963381
9.18812,38.4647,-0.230619,9.02412,0.963324
9.19802,38.4624,-0.230863,9.03365,0.963266
9.20792,38.4601,-0.231107,9.04319,0.963209
9.21782,38.4578,-0.231351,9.05273,0.963152
9.22772,38.4555,-0.231595,9.06226,0.963094
9.23762,38.4532,-0.231839,9.0718,0.963037
9.24752,38.451,-0.232083,9.08133,0.962979
9.25743,38.4487,-0.232326,9.09087,0.962922
9.26733,38.4464,-0.23257,9.1004,0.962864
9.27723,38.444,-0.232814,9.10993,0.962806
9.28713,38.4417,-0.233058,9.11947,0.962749
9.29703,38.4394,-0.233302,9.129,0.962691
9.30693,38.4371,-0.233545,9.13853,0.962633
9.31683,38.4348,-0.233789,9.14806,0.962575
9.32673,38.4325,-0.234033,9.15759,0.962517
9.33663,38.4302,-0.234277,9.16712,0.962459
9.34653,38.4279,-0.23452,9.17665,0.962401
9.35644,38.4255,-0.234764,9.18618,0.962343
9.36634,38.4232,-0.235008,9.19571,0.962284
9.37624,38.4209,-0.235251,9.20523,0.962226
9.38614,38.4185,-0.235495,9.21476,0.962168
9.39604,38.4162,-0.235739,9.22429,0.962109
9.40594,38.4139,-0.235982,9.23381,0.962051
9.41584,38.4115,-0.236226,9.24334,0.961992
9.42574,38.4092,-0.236469,9.25286,0.961934
9.43564,38.4069,-0.236713,9.26238,0.961875
9.44554,38.4045,-0.236956,9.27191,0.961816
9.45545,38.4022,-0.2372,9.28143,0.961758
9.46535,38.3998,-0.237444,9.29095,0.961699
9.47525,38.3975,-0.237687,9.30047,0.96164
9.48515,38.3951,-0.237931,9.30999,0.961581
9.49505,38.3928,-0.238174,9.31951,0.961522
9.50495,38.3904,-0.238418,9.32903,0.961463
9.51485,38.388,-0.238661,9.33855,0.961404
9.52475,38.3857,-0.238904,9.34807,0.961344
9.53465,38.3833,-0.239148,9.35759,0.961285
9.54455,38.3809,-0.239391,9.36711,0.961226
9.55446,38.3786,-0.239635,9.37662,0.961166
9.56436,38.3762,-0.239878,9.38614,0.961107
9.57426,38.3738,-0.240121,9.39566,0.961047
9.58416,38.3714,-0.240365,9.40517,0.960988
9.59406,38.3691,-0.240608,9.41469,0.960928
9.60396,38.3667,-0.240851,9.4242,0.960869
9.61386,38.3643,-0.241095,9.43371,0.960809
9.62376,38.3619,-0.241338,9.44323,0.960749
9.63366,38.3595,-0.241581,9.45274,0.960689
9.64356,38.3571,-0.241825,9.46225,0.960629
9.65347,38.3547,-0.242068,9.47176,0.960569
9.66337,38.3523,-0.242311,9.48127,0.960509
9.67327,38.3499,-0.242554,9.49078,0.960449
9.68317,38.3475,-0.242798,9.50029,0.960389
9.69307,38.3451,-0.243041,9.5098,0.960329
9.70297,38.3427,-0.243284,9.51931,0.960268
9.71287,38.3403,-0.243527,9.52881,0.960208
9.72277,38.3379,-0.24377,9.53832,0.960148
9.73267,38.3355,-0.244013,9.54783,0.960087
9.74257,38.333,-0.244256,9.55733,0.960027
9.75248,38.3306,-0.2445,9.56684,0.959966
9.76238,38.3282,-0.244743,9.57634,0.959905
9.77228,38.3258,-0.244986,9.58584,0.959845
9.78218,38.3234,-0.245229,9.59535,0.959784
9.79208,38.3209,-0.245472,9.60485,0.959723
9.80198,38.3185,-0.245715,9.61435,0.959662
9.81188,38.3161,-0.245958,9.62385,0.959601
9.82178,38.3136,-0.246201,9.63335,0.95954
9.83168,38.3112,-0.246444,9.64285,0.959479
9.84158,38.3087,-0.246687,9.65235,0.959418
9.85149,38.3063,-0.24693,9.66185,0.959357
9.86139,38.3039,-0.247173,9.67135,0.959295
9.87129,38.3014,-0.247416,9.68085,0.959234
9.88119,38.299,-0.247659,9.69034,0.959173
9.89109,38.2965,-0.247902,9.69984,0.959111
