0,0.020198,2.04,-9.53998,0.00429635
0.00990099,0.0403959,2.03998,-9.53991,0.00859268
0.019802,0.0605937,2.03996,-9.53981,0.012889
0.029703,0.0807912,2.03993,-9.53966,0.0171852
0.039604,0.100988,2.03989,-9.53947,0.0214814
0.049505,0.121185,2.03984,-9.53923,0.0257774
0.0594059,0.141381,2.03978,-9.53896,0.0300734
0.0693069,0.161577,2.03971,-9.53864,0.0343692
0.0792079,0.181771,2.03963,-9.53828,0.0386648
0.0891089,0.201965,2.03955,-9.53787,0.0429603
0.0990099,0.222158,2.03945,-9.53743,0.0472556
0.108911,0.24235,2.03935,-9.53694,0.0515506
0.118812,0.262541,2.03923,-9.53641,0.0558454
0.128713,0.282731,2.03911,-9.53583,0.06014
0.138614,0.30292,2.03898,-9.53521,0.0644343
0.148515,0.323107,2.03884,-9.53456,0.0687283
0.158416,0.343293,2.03869,-9.53385,0.073022
0.168317,0.363477,2.03853,-9.53311,0.0773153
0.178218,0.38366,2.03836,-9.53232,0.0816083
0.188119,0.403841,2.03818,-9.53149,0.085901
0.19802,0.42402,2.03799,-9.53062,0.0901932
0.207921,0.444197,2.0378,-9.52971,0.094485
0.217822,0.464372,2.03759,-9.52875,0.0987764
0.227723,0.484545,2.03738,-9.52775,0.103067
0.237624,0.504716,2.03716,-9.52671,0.107358
0.247525,0.524885,2.03693,-9.52563,0.111648
0.257426,0.545052,2.03669,-9.5245,0.115937
0.267327,0.565216,2.03644,-9.52333,0.120226
0.277228,0.585377,2.03618,-9.52212,0.124515
0.287129,0.605536,2.03591,-9.52086,0.128803
0.29703,0.625692,2.03563,-9.51957,0.13309
0.306931,0.645845,2.03534,-9.51823,0.137376
0.316832,0.665996,2.03505,-9.51685,0.141662
0.326733,0.686143,2.03474,-9.51542,0.145948
0.336634,0.706288,2.03443,-9.51396,0.150233
0.346535,0.726429,2.03411,-9.51245,0.154517
0.356436,0.746567,2.03378,-9.5109,0.1588
0.366337,0.766702,2.03344,-9.5093,0.163082
0.376238,0.786833,2.03309,-9.50767,0.167364
0.386139,0.806961,2.03273,-9.50599,0.171645
0.39604,0.827085,2.03236,-9.50427,0.175926
0.405941,0.847206,2.03198,-9.50251,0.180205
0.415842,0.867322,2.0316,-9.5007,0.184484
0.425743,0.887435,2.0312,-9.49885,0.188762
0.435644,0.907544,2.0308,-9.49696,0.193039
0.445545,0.927649,2.03038,-9.49503,0.197315
0.455446,0.94775,2.02996,-9.49306,0.20159
0.465347,0.967846,2.02953,-9.49104,0.205864
0.475248,0.987939,2.02909,-9.48898,0.210138
0.485149,1.00803,2.02864,-9.48688,0.21441
0.49505,1.02811,2.02818,-9.48473,0.218681
0.50495,1.04819,2.02771,-9.48255,0.222952
0.514851,1.06826,2.02724,-9.48032,0.227221
0.524752,1.08833,2.02675,-9.47805,0.23149
0.534653,1.1084,2.02626,-9.47573,0.235757
0.544554,1.12846,2.02575,-9.47338,0.240023
0.554455,1.14851,2.02524,-9.47098,0.244288
0.564356,1.16856,2.02472,-9.46854,0.248552
0.574257,1.1886,2.02419,-9.46606,0.252815
0.584158,1.20864,2.02365,-9.46354,0.257077
0.594059,1.22868,2.0231,-9.46097,0.261338
0.60396,1.2487,2.02254,-9.45836,0.265597
0.613861,1.26873,2.02197,-9.45571,0.269855
0.623762,1.28874,2.0214,-9.45302,0.274112
0.633663,1.30875,2.02081,-9.45028,0.278368
0.643564,1.32876,2.02022,-9.4475,0.282622
0.653465,1.34876,2.01962,-9.44469,0.286875
0.663366,1.36875,2.019,-9.44182,0.291127
0.673267,1.38874,2.01838,-9.43892,0.295378
0.683168,1.40872,2.01775,-9.43598,0.299627
0.693069,1.42869,2.01712,-9.43299,0.303875
0.70297,1.44866,2.01647,-9.42996,0.308121
0.712871,1.46862,2.01581,-9.42689,0.312366
0.722772,1.48858,2.01514,-9.42377,0.31661
0.732673,1.50853,2.01447,-9.42062,0.320852
0.742574,1.52847,2.01379,-9.41742,0.325093
0.752475,1.5484,2.01309,-9.41418,0.329332
0.762376,1.56833,2.01239,-9.4109,0.333569
0.772277,1.58825,2.01168,-9.40757,0.337806
0.782178,1.60817,2.01096,-9.40421,0.34204
0.792079,1.62808,2.01023,-9.4008,0.346273
0.80198,1.64797,2.0095,-9.39735,0.350505
0.811881,1.66787,2.00875,-9.39386,0.354735
0.821782,1.68775,2.00799,-9.39033,0.358963
0.831683,1.70763,2.00723,-9.38675,0.36319
0.841584,1.7275,2.00646,-9.38314,0.367415
0.851485,1.74736,2.00567,-9.37948,0.371638
0.861386,1.76722,2.00488,-9.37578,0.37586
0.871287,1.78706,2.00408,-9.37203,0.38008
0.881188,1.8069,2.00327,-9.36825,0.384298
0.891089,1.82673,2.00245,-9.36442,0.388514
0.90099,1.84655,2.00163,-9.36056,0.392729
0.910891,1.86637,2.00079,-9.35665,0.396942
0.920792,1.88617,1.99995,-9.3527,0.401153
0.930693,1.90597,1.99909,-9.3487,0.405362
0.940594,1.92576,1.99823,-9.34467,0.40957
0.950495,1.94554,1.99736,-9.34059,0.413775
0.960396,1.96531,1.99648,-9.33648,0.417979
0.970297,1.98507,1.99559,-9.33232,0.422181
0.980198,2.00483,1.99469,-9.32812,0.426381
0.990099,2.02457,1.99378,-9.32387,0.430579
1,2.04431,1.99287,-9.31959,0.434774
1.0099,2.06403,1.99194,-9.31526,0.438968
1.0198,2.08375,1.99101,-9.3109,0.44316
1.0297,2.10346,1.99007,-9.30649,0.44735
1.0396,2.12316,1.98912,-9.30204,0.451538
1.0495,2.14285,1.98816,-9.29755,0.455724
1.05941,2.16253,1.98719,-9.29301,0.459908
1.06931,2.1822,1.98621,-9.28844,0.46409
1.07921,2.20186,1.98522,-9.28382,0.468269
1.08911,2.22151,1.98423,-9.27917,0.472447
1.09901,2.24115,1.98322,-9.27447,0.476622
1.10891,2.26078,1.98221,-9.26973,0.480795
1.11881,2.2804,1.98119,-9.26495,0.484966
1.12871,2.30001,1.98016,-9.26013,0.489135
1.13861,2.31961,1.97912,-9.25526,0.493301
1.14851,2.3392,1.97807,-9.25036,0.497466
1.15842,2.35878,1.97701,-9.24541,0.501628
1.16832,2.37835,1.97594,-9.24042,0.505787
1.17822,2.39791,1.97487,-9.2354,0.509945
1.18812,2.41746,1.97379,-9.23033,0.5141
1.19802,2.437,1.97269,-9.22522,0.518253
1.20792,2.45652,1.97159,-9.22006,0.522403
1.21782,2.47604,1.97048,-9.21487,0.526551
1.22772,2.49554,1.96936,-9.20964,0.530697
1.23762,2.51503,1.96824,-9.20436,0.53484
1.24752,2.53452,1.9671,-9.19905,0.538981
1.25743,2.55399,1.96595,-9.19369,0.543119
1.26733,2.57345,1.9648,-9.18829,0.547255
1.27723,2.59289,1.96364,-9.18285,0.551388
1.28713,2.61233,1.96247,-9.17737,0.555519
1.29703,2.63175,1.96129,-9.17185,0.559647
1.30693,2.65117,1.9601,-9.16629,0.563773
1.31683,2.67057,1.9589,-9.16069,0.567896
1.32673,2.68996,1.95769,-9.15505,0.572017
1.33663,2.70933,1.95648,-9.14936,0.576135
1.34653,2.7287,1.95525,-9.14364,0.58025
1.35644,2.74805,1.95402,-9.13787,0.584363
1.36634,2.76739,1.95278,-9.13207,0.588473
1.37624,2.78672,1.95153,-9.12622,0.592581
1.38614,2.80604,1.95027,-9.12033,0.596685
1.39604,2.82534,1.94901,-9.1144,0.600788
1.40594,2.84463,1.94773,-9.10843,0.604887
1.41584,2.86391,1.94645,-9.10242,0.608983
1.42574,2.88318,1.94515,-9.09637,0.613077
1.43564,2.90243,1.94385,-9.09028,0.617168
1.44554,2.92167,1.94254,-9.08415,0.621256
1.45545,2.94089,1.94122,-9.07798,0.625342
1.46535,2.96011,1.93989,-9.07177,0.629424
1.47525,2.97931,1.93856,-9.06552,0.633504
1.48515,2.99849,1.93721,-9.05923,0.637581
1.49505,3.01767,1.93586,-9.05289,0.641654
1.50495,3.03683,1.9345,-9.04652,0.645725
1.51485,3.05598,1.93313,-9.04011,0.649793
1.52475,3.07511,1.93175,-9.03365,0.653859
1.53465,3.09423,1.93036,-9.02716,0.657921
1.54455,3.11333,1.92896,-9.02062,0.66198
1.55446,3.13242,1.92756,-9.01405,0.666036
1.56436,3.1515,1.92615,-9.00744,0.670089
1.57426,3.17057,1.92472,-9.00078,0.674139
1.58416,3.18962,1.92329,-8.99409,0.678186
1.59406,3.20865,1.92185,-8.98735,0.68223
1.60396,3.22767,1.92041,-8.98058,0.686271
1.61386,3.24668,1.91895,-8.97376,0.690308
1.62376,3.26567,1.91749,-8.96691,0.694343
1.63366,3.28465,1.91601,-8.96001,0.698374
1.64356,3.30361,1.91453,-8.95308,0.702402
1.65347,3.32256,1.91304,-8.9461,0.706427
1.66337,3.34149,1.91154,-8.93909,0.710449
1.67327,3.36041,1.91003,-8.93204,0.714468
1.68317,3.37932,1.90852,-8.92494,0.718483
1.69307,3.39821,1.90699,-8.91781,0.722495
1.70297,3.41708,1.90546,-8.91064,0.726504
1.71287,3.43594,1.90392,-8.90342,0.730509
1.72277,3.45478,1.90237,-8.89617,0.734511
1.73267,3.47361,1.90081,-8.88888,0.73851
1.74257,3.49242,1.89925,-8.88155,0.742505
1.75248,3.51122,1.89767,-8.87417,0.746498
1.76238,3.53,1.89609,-8.86676,0.750486
1.77228,3.54876,1.8945,-8.85931,0.754471
1.78218,3.56751,1.8929,-8.85182,0.758453
1.79208,3.58625,1.89129,-8.84429,0.762432
1.80198,3.60496,1.88967,-8.83673,0.766407
1.81188,3.62367,1.88804,-8.82912,0.770378
1.82178,3.64235,1.88641,-8.82147,0.774346
1.83168,3.66102,1.88477,-8.81378,0.778311
1.84158,3.67967,1.88312,-8.80606,0.782271
1.85149,3.69831,1.88146,-8.79829,0.786229
1.86139,3.71693,1.87979,-8.79049,0.790183
1.87129,3.73553,1.87812,-8.78265,0.794133
1.88119,3.75412,1.87643,-8.77476,0.798079
1.89109,3.77269,1.87474,-8.76684,0.802022
1.90099,3.79124,1.87304,-8.75888,0.805962
1.91089,3.80978,1.87133,-8.75088,0.809897
1.92079,3.8283,1.86961,-8.74285,0.813829
1.93069,3.8468,1.86789,-8.73477,0.817758
1.94059,3.86529,1.86616,-8.72665,0.821682
1.9505,3.88376,1.86441,-8.7185,0.825603
1.9604,3.90221,1.86266,-8.7103,0.82952
1.9703,3.92064,1.86091,-8.70207,0.833433
1.9802,3.93906,1.85914,-8.6938,0.837343
1.9901,3.95746,1.85736,-8.68549,0.841249
2,3.97584,1.85558,-8.67714,0.845151
2.0099,3.9942,1.85379,-8.66875,0.849049
2.0198,4.01254,1.85199,-8.66033,0.852943
2.0297,4.03087,1.85018,-8.65186,0.856833
2.0396,4.04918,1.84837,-8.64336,0.86072
2.0495,4.06747,1.84654,-8.63482,0.864602
2.05941,4.08575,1.84471,-8.62624,0.868481
2.06931,4.104,1.84287,-8.61762,0.872356
2.07921,4.12224,1.84102,-8.60897,0.876226
2.08911,4.14046,1.83916,-8.60027,0.880093
2.09901,4.15866,1.8373,-8.59154,0.883956
2.10891,4.17684,1.83542,-8.58277,0.887815
2.11881,4.195,1.83354,-8.57396,0.891669
2.12871,4.21315,1.83165,-8.56511,0.89552
2.13861,4.23127,1.82976,-8.55623,0.899367
2.14851,4.24938,1.82785,-8.5473,0.903209
2.15842,4.26747,1.82594,-8.53834,0.907048
2.16832,4.28554,1.82402,-8.52934,0.910882
2.17822,4.30359,1.82209,-8.5203,0.914712
2.18812,4.32162,1.82015,-8.51123,0.918538
2.19802,4.33963,1.8182,-8.50211,0.92236
2.20792,4.35762,1.81625,-8.49296,0.926178
2.21782,4.3756,1.81429,-8.48377,0.929991
2.22772,4.39355,1.81232,-8.47455,0.933801
2.23762,4.41148,1.81034,-8.46528,0.937606
2.24752,4.4294,1.80835,-8.45598,0.941406
2.25743,4.44729,1.80636,-8.44664,0.945203
2.26733,4.46517,1.80435,-8.43726,0.948995
2.27723,4.48302,1.80234,-8.42785,0.952783
2.28713,4.50086,1.80033,-8.4184,0.956567
2.29703,4.51867,1.7983,-8.40891,0.960346
2.30693,4.53647,1.79627,-8.39938,0.964121
2.31683,4.55424,1.79422,-8.38982,0.967892
2.32673,4.572,1.79217,-8.38021,0.971658
2.33663,4.58973,1.79012,-8.37057,0.975419
2.34653,4.60744,1.78805,-8.3609,0.979177
2.35644,4.62514,1.78598,-8.35119,0.98293
2.36634,4.64281,1.7839,-8.34143,0.986678
2.37624,4.66046,1.78181,-8.33165,0.990422
2.38614,4.67809,1.77971,-8.32182,0.994162
2.39604,4.6957,1.7776,-8.31196,0.997897
2.40594,4.71329,1.77549,-8.30206,1.00163
2.41584,4.73086,1.77337,-8.29213,1.00535
2.42574,4.74841,1.77124,-8.28215,1.00907
2.43564,4.76594,1.7691,-8.27214,1.01279
2.44554,4.78344,1.76696,-8.2621,1.0165
2.45545,4.80093,1.76481,-8.25202,1.02021
2.46535,4.81839,1.76265,-8.2419,1.02391
2.47525,4.83583,1.76048,-8.23174,1.02761
2.48515,4.85325,1.7583,-8.22155,1.03131
2.49505,4.87065,1.75612,-8.21132,1.03499
2.50495,4.88802,1.75393,-8.20105,1.03868
2.51485,4.90538,1.75173,-8.19075,1.04236
2.52475,4.92271,1.74953,-8.18041,1.04603
2.53465,4.94002,1.74731,-8.17004,1.0497
2.54455,4.95731,1.74509,-8.15963,1.05337
2.55446,4.97458,1.74286,-8.14918,1.05703
2.56436,4.99182,1.74062,-8.13869,1.06069
2.57426,5.00905,1.73838,-8.12817,1.06434
2.58416,5.02625,1.73612,-8.11762,1.06798
2.59406,5.04343,1.73386,-8.10703,1.07162
2.60396,5.06058,1.7316,-8.0964,1.07526
2.61386,5.07771,1.72932,-8.08573,1.07889
2.62376,5.09483,1.72704,-8.07503,1.08252
2.63366,5.11191,1.72475,-8.0643,1.08614
2.64356,5.12898,1.72245,-8.05353,1.08976
2.65347,5.14602,1.72014,-8.04272,1.09337
2.66337,5.16304,1.71783,-8.03188,1.09698
2.67327,5.18004,1.71551,-8.021,1.10058
2.68317,5.19701,1.71318,-8.01008,1.10418
2.69307,5.21396,1.71084,-7.99913,1.10777
2.70297,5.23089,1.7085,-7.98815,1.11136
2.71287,5.24779,1.70615,-7.97712,1.11494
2.72277,5.26467,1.70379,-7.96607,1.11851
2.73267,5.28153,1.70142,-7.95498,1.12209
2.74257,5.29837,1.69905,-7.94385,1.12565
2.75248,5.31518,1.69666,-7.93269,1.12922
2.76238,5.33196,1.69428,-7.92149,1.13277
2.77228,5.34873,1.69188,-7.91025,1.13632
2.78218,5.36547,1.68947,-7.89899,1.13987
2.79208,5.38218,1.68706,-7.88768,1.14341
2.80198,5.39887,1.68464,-7.87634,1.14695
2.81188,5.41554,1.68222,-7.86497,1.15048
2.82178,5.43218,1.67978,-7.85356,1.154
2.83168,5.4488,1.67734,-7.84212,1.15752
2.84158,5.4654,1.6749,-7.83064,1.16104
2.85149,5.48197,1.67244,-7.81913,1.16455
2.86139,5.49852,1.66998,-7.80758,1.16805
2.87129,5.51504,1.66751,-7.796,1.17155
2.88119,5.53154,1.66503,-7.78438,1.17505
2.89109,5.54801,1.66254,-7.77273,1.17854
2.90099,5.56446,1.66005,-7.76104,1.18202
2.91089,5.58088,1.65755,-7.74932,1.1855
2.92079,5.59728,1.65504,-7.73757,1.18897
2.93069,5.61365,1.65253,-7.72578,1.19244
2.94059,5.63,1.65001,-7.71396,1.1959
2.9505,5.64633,1.64748,-7.7021,1.19936
2.9604,5.66263,1.64494,-7.69021,1.20281
2.9703,5.6789,1.6424,-7.67828,1.20625
2.9802,5.69515,1.63985,-7.66632,1.2097
2.9901,5.71137,1.63729,-7.65433,1.21313
3,5.72757,1.63473,-7.6423,1.21656
3.0099,5.74374,1.63215,-7.63024,1.21998
3.0198,5.75989,1.62957,-7.61814,1.2234
3.0297,5.77601,1.62699,-7.60601,1.22681
3.0396,5.79211,1.62439,-7.59385,1.23022
3.0495,5.80818,1.62179,-7.58165,1.23362
3.05941,5.82422,1.61919,-7.56942,1.23702
3.06931,5.84024,1.61657,-7.55715,1.24041
3.07921,5.85624,1.61395,-7.54486,1.2438
3.08911,5.8722,1.61132,-7.53252,1.24717
3.09901,5.88814,1.60868,-7.52016,1.25055
3.10891,5.90406,1.60604,-7.50776,1.25392
3.11881,5.91995,1.60339,-7.49533,1.25728
3.12871,5.93581,1.60073,-7.48286,1.26064
3.13861,5.95164,1.59807,-7.47037,1.26399
3.14851,5.96745,1.5954,-7.45783,1.26733
3.15842,5.98323,1.59272,-7.44527,1.27067
3.16832,5.99899,1.59003,-7.43267,1.27401
3.17822,6.01472,1.58734,-7.42004,1.27733
3.18812,6.03042,1.58464,-7.40738,1.28066
3.19802,6.0461,1.58193,-7.39468,1.28397
3.20792,6.06175,1.57922,-7.38195,1.28728
3.21782,6.07737,1.5765,-7.36919,1.29059
3.22772,6.09297,1.57377,-7.3564,1.29389
3.23762,6.10854,1.57104,-7.34357,1.29718
3.24752,6.12408,1.5683,-7.33071,1.30047
3.25743,6.13959,1.56555,-7.31782,1.30375
3.26733,6.15508,1.5628,-7.30489,1.30703
3.27723,6.17054,1.56003,-7.29194,1.3103
3.28713,6.18597,1.55727,-7.27895,1.31356
3.29703,6.20137,1.55449,-7.26593,1.31682
3.30693,6.21675,1.55171,-7.25287,1.32007
3.31683,6.2321,1.54892,-7.23979,1.32332
3.32673,6.24742,1.54612,-7.22667,1.32656
3.33663,6.26272,1.54332,-7.21352,1.32979
3.34653,6.27798,1.54051,-7.20034,1.33302
3.35644,6.29322,1.5377,-7.18712,1.33624
3.36634,6.30843,1.53487,-7.17388,1.33946
3.37624,6.32362,1.53204,-7.1606,1.34267
3.38614,6.33877,1.52921,-7.14729,1.34587
3.39604,6.3539,1.52637,-7.13395,1.34907
3.40594,6.369,1.52352,-7.12057,1.35226
3.41584,6.38407,1.52066,-7.10717,1.35545
3.42574,6.39911,1.5178,-7.09373,1.35863
3.43564,6.41412,1.51493,-7.08027,1.3618
3.44554,6.42911,1.51205,-7.06677,1.36497
3.45545,6.44406,1.50917,-7.05324,1.36813
3.46535,6.45899,1.50628,-7.03968,1.37128
3.47525,6.47389,1.50338,-7.02608,1.37443
3.48515,6.48876,1.50048,-7.01246,1.37757
3.49505,6.5036,1.49757,-6.9988,1.38071
3.50495,6.51842,1.49466,-6.98512,1.38384
3.51485,6.5332,1.49174,-6.9714,1.38697
3.52475,6.54796,1.48881,-6.95765,1.39008
3.53465,6.56268,1.48587,-6.94387,1.39319
3.54455,6.57738,1.48293,-6.93007,1.3963
3.55446,6.59205,1.47998,-6.91623,1.3994
3.56436,6.60668,1.47703,-6.90235,1.40249
3.57426,6.62129,1.47407,-6.88845,1.40558
3.58416,6.63587,1.4711,-6.87452,1.40866
3.59406,6.65042,1.46813,-6.86056,1.41173
3.60396,6.66495,1.46515,-6.84657,1.4148
3.61386,6.67944,1.46216,-6.83254,1.41786
3.62376,6.6939,1.45917,-6.81849,1.42091
3.63366,6.70833,1.45617,-6.80441,1.42396
3.64356,6.72273,1.45316,-6.79029,1.427
3.65347,6.73711,1.45015,-6.77615,1.43004
3.66337,6.75145,1.44713,-6.76197,1.43307
3.67327,6.76576,1.44411,-6.74777,1.43609
3.68317,6.78005,1.44107,-6.73354,1.43911
3.69307,6.7943,1.43804,-6.71927,1.44212
3.70297,6.80852,1.43499,-6.70498,1.44512
3.71287,6.82272,1.43194,-6.69066,1.44812
3.72277,6.83688,1.42889,-6.6763,1.45111
3.73267,6.85101,1.42583,-6.66192,1.45409
3.74257,6.86511,1.42276,-6.64751,1.45707
3.75248,6.87918,1.41968,-6.63307,1.46004
3.76238,6.89322,1.4166,-6.6186,1.463
3.77228,6.90724,1.41351,-6.6041,1.46596
3.78218,6.92122,1.41042,-6.58957,1.46891
3.79208,6.93516,1.40732,-6.57501,1.47185
3.80198,6.94908,1.40422,-6.56042,1.47479
3.81188,6.96297,1.40111,-6.54581,1.47772
3.82178,6.97683,1.39799,-6.53116,1.48064
3.83168,6.99065,1.39486,-6.51649,1.48356
3.84158,7.00445,1.39173,-6.50179,1.48647
3.85149,7.01821,1.3886,-6.48705,1.48938
3.86139,7.03195,1.38546,-6.47229,1.49227
3.87129,7.04565,1.38231,-6.4575,1.49517
3.88119,7.05932,1.37915,-6.44269,1.49805
3.89109,7.07296,1.37599,-6.42784,1.50093
3.90099,7.08657,1.37283,-6.41296,1.5038
3.91089,7.10014,1.36966,-6.39806,1.50666
3.92079,7.11369,1.36648,-6.38313,1.50952
3.93069,7.1272,1.36329,-6.36817,1.51237
3.94059,7.14068,1.36011,-6.35318,1.51521
3.9505,7.15413,1.35691,-6.33817,1.51805
3.9604,7.16755,1.35371,-6.32312,1.52088
3.9703,7.18094,1.3505,-6.30805,1.5237
3.9802,7.1943,1.34729,-6.29295,1.52652
3.9901,7.20762,1.34407,-6.27782,1.52933
4,7.22091,1.34084,-6.26267,1.53213
4.0099,7.23417,1.33761,-6.24748,1.53492
4.0198,7.2474,1.33438,-6.23227,1.53771
4.0297,7.26059,1.33113,-6.21703,1.54049
4.0396,7.27376,1.32789,-6.20177,1.54327
4.0495,7.28689,1.32463,-6.18647,1.54604
4.05941,7.29999,1.32137,-6.17115,1.5488
4.06931,7.31305,1.31811,-6.1558,1.55155
4.07921,7.32609,1.31484,-6.14043,1.5543
4.08911,7.33909,1.31156,-6.12502,1.55704
4.09901,7.35206,1.30828,-6.1096,1.55977
4.10891,7.365,1.30499,-6.09414,1.5625
4.11881,7.3779,1.30169,-6.07865,1.56522
4.12871,7.39077,1.29839,-6.06314,1.56793
4.13861,7.40361,1.29509,-6.04761,1.57063
4.14851,7.41642,1.29178,-6.03204,1.57333
4.15842,7.42919,1.28846,-6.01645,1.57602
4.16832,7.44193,1.28514,-6.00083,1.57871
4.17822,7.45464,1.28181,-5.98519,1.58138
4.18812,7.46731,1.27848,-5.96952,1.58405
4.19802,7.47996,1.27514,-5.95382,1.58672
4.20792,7.49257,1.2718,-5.9381,1.58937
4.21782,7.50514,1.26845,-5.92235,1.59202
4.22772,7.51768,1.26509,-5.90657,1.59466
4.23762,7.53019,1.26173,-5.89077,1.59729
4.24752,7.54267,1.25837,-5.87494,1.59992
4.25743,7.55511,1.255,-5.85909,1.60254
4.26733,7.56752,1.25162,-5.84321,1.60515
4.27723,7.57989,1.24824,-5.82731,1.60776
4.28713,7.59224,1.24485,-5.81137,1.61036
4.29703,7.60455,1.24146,-5.79542,1.61295
4.30693,7.61682,1.23806,-5.77943,1.61553
4.31683,7.62906,1.23466,-5.76343,1.61811
4.32673,7.64127,1.23125,-5.74739,1.62068
4.33663,7.65344,1.22783,-5.73133,1.62324
4.34653,7.66558,1.22441,-5.71525,1.62579
4.35644,7.67769,1.22099,-5.69914,1.62834
4.36634,7.68976,1.21756,-5.68301,1.63088
4.37624,7.7018,1.21412,-5.66685,1.63341
4.38614,7.7138,1.21068,-5.65066,1.63594
4.39604,7.72577,1.20724,-5.63445,1.63846
4.40594,7.73771,1.20378,-5.61822,1.64097
4.41584,7.74961,1.20033,-5.60196,1.64347
4.42574,7.76148,1.19687,-5.58567,1.64597
4.43564,7.77331,1.1934,-5.56936,1.64845
4.44554,7.78511,1.18993,-5.55303,1.65094
4.45545,7.79687,1.18645,-5.53667,1.65341
4.46535,7.8086,1.18297,-5.52029,1.65588
4.47525,7.8203,1.17948,-5.50388,1.65834
4.48515,7.83196,1.17599,-5.48745,1.66079
4.49505,7.84358,1.17249,-5.47099,1.66323
4.50495,7.85518,1.16899,-5.45452,1.66567
4.51485,7.86673,1.16548,-5.43801,1.6681
4.52475,7.87826,1.16197,-5.42148,1.67052
4.53465,7.88974,1.15845,-5.40493,1.67293
4.54455,7.90119,1.15493,-5.38836,1.67534
4.55446,7.91261,1.15141,-5.37176,1.67774
4.56436,7.924,1.14787,-5.35513,1.68013
4.57426,7.93534,1.14434,-5.33849,1.68252
4.58416,7.94666,1.14079,-5.32182,1.68489
4.59406,7.95793,1.13725,-5.30512,1.68726
4.60396,7.96917,1.1337,-5.28841,1.68962
4.61386,7.98038,1.13014,-5.27166,1.69198
4.62376,7.99155,1.12658,-5.2549,1.69432
4.63366,8.00269,1.12301,-5.23811,1.69666
4.64356,8.01379,1.11944,-5.2213,1.699
4.65347,8.02486,1.11586,-5.20447,1.70132
4.66337,8.03589,1.11228,-5.18761,1.70364
4.67327,8.04688,1.1087,-5.17073,1.70594
4.68317,8.05784,1.10511,-5.15383,1.70825
4.69307,8.06877,1.10151,-5.13691,1.71054
4.70297,8.07965,1.09791,-5.11996,1.71282
4.71287,8.09051,1.09431,-5.10299,1.7151
4.72277,8.10132,1.0907,-5.086,1.71737
4.73267,8.11211,1.08709,-5.06898,1.71964
4.74257,8.12285,1.08347,-5.05195,1.72189
4.75248,8.13356,1.07984,-5.03489,1.72414
4.76238,8.14423,1.07622,-5.0178,1.72638
4.77228,8.15487,1.07258,-5.0007,1.72861
4.78218,8.16547,1.06895,-4.98357,1.73083
4.79208,8.17604,1.06531,-4.96643,1.73305
4.80198,8.18657,1.06166,-4.94926,1.73526
4.81188,8.19706,1.05801,-4.93207,1.73746
4.82178,8.20752,1.05436,-4.91485,1.73965
4.83168,8.21794,1.0507,-4.89762,1.74184
4.84158,8.22832,1.04703,-4.88036,1.74402
4.85149,8.23867,1.04336,-4.86308,1.74619
4.86139,8.24899,1.03969,-4.84578,1.74835
4.87129,8.25926,1.03601,-4.82846,1.7505
4.88119,8.2695,1.03233,-4.81112,1.75265
4.89109,8.2797,1.02864,-4.79376,1.75479
4.90099,8.28987,1.02495,-4.77637,1.75692
4.91089,8.3,1.02126,-4.75896,1.75904
4.92079,8.31009,1.01756,-4.74154,1.76116
4.93069,8.32015,1.01386,-4.72409,1.76327
4.94059,8.33017,1.01015,-4.70662,1.76537
4.9505,8.34015,1.00644,-4.68913,1.76746
4.9604,8.3501,1.00272,-4.67162,1.76954
4.9703,8.36001,0.998999,-4.65409,1.77162
4.9802,8.36988,0.995274,-4.63654,1.77368
4.9901,8.37972,0.991545,-4.61897,1.77574
5,8.38952,0.987811,-4.60138,1.7778
5.0099,8.39928,0.984074,-4.58377,1.77984
5.0198,8.409,0.980332,-4.56613,1.78188
5.0297,8.41869,0.976586,-4.54848,1.78391
5.0396,8.42834,0.972835,-4.53081,1.78593
5.0495,8.43795,0.969081,-4.51312,1.78794
5.05941,8.44753,0.965323,-4.4954,1.78994
5.06931,8.45707,0.96156,-4.47767,1.79194
5.07921,8.46657,0.957793,-4.45992,1.79393
5.08911,8.47604,0.954023,-4.44215,1.79591
5.09901,8.48546,0.950248,-4.42436,1.79788
5.10891,8.49485,0.946469,-4.40655,1.79985
5.11881,8.5042,0.942687,-4.38872,1.8018
5.12871,8.51352,0.9389,-4.37087,1.80375
5.13861,8.5228,0.935109,-4.353,1.80569
5.14851,8.53204,0.931314,-4.33511,1.80762
5.15842,8.54124,0.927516,-4.3172,1.80955
5.16832,8.5504,0.923713,-4.29928,1.81146
5.17822,8.55953,0.919907,-4.28133,1.81337
5.18812,8.56862,0.916096,-4.26337,1.81527
5.19802,8.57767,0.912282,-4.24539,1.81717
5.20792,8.58668,0.908464,-4.22739,1.81905
5.21782,8.59566,0.904642,-4.20937,1.82093
5.22772,8.6046,0.900816,-4.19133,1.82279
5.23762,8.6135,0.896987,-4.17327,1.82465
5.24752,8.62236,0.893153,-4.1552,1.8265
5.25743,8.63118,0.889316,-4.1371,1.82835
5.26733,8.63997,0.885475,-4.11899,1.83018
5.27723,8.64872,0.881631,-4.10086,1.83201
5.28713,8.65743,0.877782,-4.08271,1.83383
5.29703,8.6661,0.87393,-4.06455,1.83564
5.30693,8.67473,0.870075,-4.04637,1.83744
5.31683,8.68333,0.866215,-4.02816,1.83924
5.32673,8.69189,0.862352,-4.00994,1.84102
5.33663,8.7004,0.858486,-3.99171,1.8428
5.34653,8.70889,0.854615,-3.97345,1.84457
5.35644,8.71733,0.850741,-3.95518,1.84633
5.36634,8.72573,0.846864,-3.93689,1.84809
5.37624,8.7341,0.842983,-3.91859,1.84983
5.38614,8.74242,0.839098,-3.90026,1.85157
5.39604,8.75071,0.83521,-3.88192,1.8533
5.40594,8.75896,0.831319,-3.86356,1.85502
5.41584,8.76718,0.827424,-3.84519,1.85673
5.42574,8.77535,0.823525,-3.8268,1.85844
5.43564,8.78348,0.819623,-3.80839,1.86013
5.44554,8.79158,0.815718,-3.78996,1.86182
5.45545,8.79964,0.811809,-3.77152,1.8635
5.46535,8.80765,0.807897,-3.75306,1.86517
5.47525,8.81563,0.803981,-3.73459,1.86683
5.48515,8.82357,0.800062,-3.71609,1.86849
5.49505,8.83148,0.79614,-3.69759,1.87014
5.50495,8.83934,0.792214,-3.67906,1.87177
5.51485,8.84716,0.788285,-3.66052,1.8734
5.52475,8.85495,0.784353,-3.64196,1.87502
5.53465,8.8627,0.780417,-3.62339,1.87664
5.54455,8.8704,0.776478,-3.6048,1.87824
5.55446,8.87807,0.772536,-3.5862,1.87984
5.56436,8.8857,0.768591,-3.56758,1.88143
5.57426,8.89329,0.764642,-3.54894,1.88301
5.58416,8.90084,0.760691,-3.53029,1.88458
5.59406,8.90835,0.756736,-3.51162,1.88614
5.60396,8.91583,0.752778,-3.49294,1.8877
5.61386,8.92326,0.748817,-3.47424,1.88924
5.62376,8.93065,0.744852,-3.45553,1.89078
5.63366,8.93801,0.740885,-3.4368,1.89231
5.64356,8.94533,0.736914,-3.41806,1.89383
5.65347,8.9526,0.732941,-3.3993,1.89534
5.66337,8.95984,0.728964,-3.38053,1.89685
5.67327,8.96704,0.724985,-3.36174,1.89834
5.68317,8.9742,0.721002,-3.34294,1.89983
5.69307,8.98131,0.717016,-3.32412,1.90131
5.70297,8.98839,0.713028,-3.30529,1.90278
5.71287,8.99543,0.709036,-3.28644,1.90424
5.72277,9.00243,0.705042,-3.26758,1.9057
5.73267,9.0094,0.701044,-3.2487,1.90714
5.74257,9.01632,0.697044,-3.22981,1.90858
5.75248,9.0232,0.693041,-3.21091,1.91001
5.76238,9.03004,0.689035,-3.19199,1.91143
5.77228,9.03684,0.685026,-3.17306,1.91284
5.78218,9.0436,0.681014,-3.15411,1.91424
5.79208,9.05033,0.677,-3.13516,1.91564
5.80198,9.05701,0.672982,-3.11618,1.91702
5.81188,9.06365,0.668962,-3.09719,1.9184
5.82178,9.07026,0.664939,-3.07819,1.91977
5.83168,9.07682,0.660914,-3.05918,1.92113
5.84158,9.08334,0.656885,-3.04015,1.92248
5.85149,9.08983,0.652854,-3.02111,1.92383
5.86139,9.09627,0.64882,-3.00206,1.92516
5.87129,9.10268,0.644784,-2.98299,1.92649
5.88119,9.10904,0.640745,-2.96391,1.92781
5.89109,9.11536,0.636703,-2.94481,1.92912
5.90099,9.12165,0.632659,-2.92571,1.93042
5.91089,9.12789,0.628612,-2.90659,1.93171
5.92079,9.1341,0.624562,-2.88746,1.93299
5.93069,9.14026,0.62051,-2.86831,1.93427
5.94059,9.14638,0.616456,-2.84915,1.93553
5.9505,9.15247,0.612399,-2.82998,1.93679
5.9604,9.15851,0.608339,-2.8108,1.93804
5.9703,9.16451,0.604277,-2.79161,1.93928
5.9802,9.17048,0.600212,-2.7724,1.94052
5.9901,9.1764,0.596145,-2.75318,1.94174
6,9.18228,0.592076,-2.73395,1.94296
6.0099,9.18812,0.588004,-2.71471,1.94416
6.0198,9.19392,0.58393,-2.69545,1.94536
6.0297,9.19969,0.579853,-2.67618,1.94655
6.0396,9.20541,0.575774,-2.6569,1.94773
6.0495,9.21109,0.571693,-2.63761,1.9489
6.05941,9.21673,0.567609,-2.61831,1.95007
6.06931,9.22233,0.563523,-2.599,1.95122
6.07921,9.22789,0.559435,-2.57967,1.95237
6.08911,9.23341,0.555344,-2.56034,1.95351
6.09901,9.23888,0.551251,-2.54099,1.95464
6.10891,9.24432,0.547156,-2.52163,1.95576
6.11881,9.24972,0.543059,-2.50226,1.95687
6.12871,9.25507,0.538959,-2.48288,1.95797
6.13861,9.26039,0.534858,-2.46349,1.95907
6.14851,9.26567,0.530754,-2.44409,1.96015
6.15842,9.2709,0.526648,-2.42468,1.96123
6.16832,9.27609,0.52254,-2.40525,1.9623
6.17822,9.28125,0.51843,-2.38582,1.96336
6.18812,9.28636,0.514318,-2.36637,1.96441
6.19802,9.29143,0.510203,-2.34692,1.96546
6.20792,9.29646,0.506087,-2.32745,1.96649
6.21782,9.30145,0.501968,-2.30798,1.96752
6.22772,9.3064,0.497848,-2.28849,1.96853
6.23762,9.31131,0.493726,-2.269,1.96954
6.24752,9.31618,0.489601,-2.24949,1.97054
6.25743,9.32101,0.485475,-2.22998,1.97153
6.26733,9.32579,0.481346,-2.21045,1.97251
6.27723,9.33054,0.477216,-2.19092,1.97349
6.28713,9.33524,0.473084,-2.17137,1.97445
6.29703,9.33991,0.46895,-2.15182,1.97541
6.30693,9.34453,0.464814,-2.13226,1.97635
6.31683,9.34911,0.460676,-2.11268,1.97729
6.32673,9.35365,0.456537,-2.0931,1.97822
6.33663,9.35815,0.452396,-2.07351,1.97914
6.34653,9.36261,0.448252,-2.05391,1.98006
6.35644,9.36703,0.444107,-2.0343,1.98096
6.36634,9.3714,0.439961,-2.01469,1.98185
6.37624,9.37574,0.435812,-1.99506,1.98274
6.38614,9.38003,0.431662,-1.97542,1.98362
6.39604,9.38429,0.42751,-1.95578,1.98449
6.40594,9.3885,0.423357,-1.93613,1.98535
6.41584,9.39267,0.419201,-1.91647,1.9862
6.42574,9.3968,0.415045,-1.8968,1.98704
6.43564,9.40089,0.410886,-1.87712,1.98787
6.44554,9.40494,0.406726,-1.85743,1.9887
6.45545,9.40894,0.402564,-1.83774,1.98952
6.46535,9.41291,0.398401,-1.81804,1.99032
6.47525,9.41683,0.394236,-1.79833,1.99112
6.48515,9.42072,0.39007,-1.77861,1.99191
6.49505,9.42456,0.385902,-1.75888,1.99269
6.50495,9.42836,0.381733,-1.73915,1.99347
6.51485,9.43212,0.377562,-1.71941,1.99423
6.52475,9.43583,0.373389,-1.69966,1.99499
6.53465,9.43951,0.369216,-1.6799,1.99573
6.54455,9.44315,0.36504,-1.66014,1.99647
6.55446,9.44674,0.360864,-1.64037,1.9972
6.56436,9.45029,0.356686,-1.62059,1.99792
6.57426,9.4538,0.352506,-1.60081,1.99863
6.58416,9.45727,0.348326,-1.58101,1.99933
6.59406,9.4607,0.344144,-1.56121,2.00002
6.60396,9.46409,0.33996,-1.54141,2.00071
6.61386,9.46743,0.335776,-1.5216,2.00138
6.62376,9.47073,0.33159,-1.50178,2.00205
6.63366,9.474,0.327402,-1.48195,2.00271
6.64356,9.47722,0.323214,-1.46212,2.00336
6.65347,9.4804,0.319024,-1.44228,2.004
6.66337,9.48354,0.314833,-1.42244,2.00463
6.67327,9.48663,0.310641,-1.40259,2.00526
6.68317,9.48969,0.306448,-1.38273,2.00587
6.69307,9.4927,0.302254,-1.36287,2.00648
6.70297,9.49567,0.298058,-1.343,2.00707
6.71287,9.4986,0.293861,-1.32312,2.00766
6.72277,9.50149,0.289664,-1.30324,2.00824
6.73267,9.50434,0.285465,-1.28335,2.00881
6.74257,9.50714,0.281265,-1.26346,2.00937
6.75248,9.50991,0.277064,-1.24357,2.00992
6.76238,9.51263,0.272862,-1.22366,2.01047
6.77228,9.51531,0.268659,-1.20375,2.011
6.78218,9.51795,0.264455,-1.18384,2.01153
6.79208,9.52055,0.260251,-1.16392,2.01205
6.80198,9.5231,0.256045,-1.144,2.01255
6.81188,9.52562,0.251838,-1.12407,2.01305
6.82178,9.52809,0.24763,-1.10414,2.01354
6.83168,9.53052,0.243422,-1.0842,2.01403
6.84158,9.53291,0.239212,-1.06425,2.0145
6.85149,9.53526,0.235002,-1.04431,2.01496
6.86139,9.53756,0.230791,-1.02435,2.01542
6.87129,9.53983,0.226579,-1.0044,2.01587
6.88119,9.54205,0.222366,-0.984435,2.0163
6.89109,9.54423,0.218153,-0.96447,2.01673
6.90099,9.54637,0.213938,-0.9445,2.01715
6.91089,9.54847,0.209723,-0.924526,2.01756
6.92079,9.55052,0.205508,-0.904548,2.01797
6.93069,9.55254,0.201291,-0.884566,2.01836
6.94059,9.55451,0.197074,-0.864581,2.01874
6.9505,9.55644,0.192856,-0.844591,2.01912
6.9604,9.55833,0.188638,-0.824598,2.01949
6.9703,9.56018,0.184418,-0.804601,2.01985
6.9802,9.56198,0.180199,-0.784601,2.0202
6.9901,9.56374,0.175978,-0.764597,2.02054
7,9.56547,0.171758,-0.74459,2.02087
7.0099,9.56715,0.167536,-0.72458,2.02119
7.0198,9.56878,0.163314,-0.704567,2.0215
7.0297,9.57038,0.159092,-0.68455,2.02181
7.0396,9.57193,0.154868,-0.664531,2.02211
7.0495,9.57345,0.150645,-0.644509,2.02239
7.05941,9.57492,0.146421,-0.624484,2.02267
7.06931,9.57635,0.142196,-0.604456,2.02294
7.07921,9.57773,0.137972,-0.584425,2.0232
7.08911,9.57908,0.133746,-0.564392,2.02345
7.09901,9.58038,0.129521,-0.544357,2.0237
7.10891,9.58164,0.125295,-0.524319,2.02393
7.11881,9.58286,0.121068,-0.504279,2.02416
7.12871,9.58404,0.116841,-0.484237,2.02437
7.13861,9.58518,0.112614,-0.464193,2.02458
7.14851,9.58627,0.108387,-0.444146,2.02478
7.15842,9.58732,0.104159,-0.424098,2.02497
7.16832,9.58833,0.0999313,-0.404048,2.02515
7.17822,9.5893,0.0957031,-0.383996,2.02532
7.18812,9.59023,0.0914747,-0.363942,2.02549
7.19802,9.59111,0.087246,-0.343887,2.02564
7.20792,9.59195,0.0830172,-0.323831,2.02579
7.21782,9.59276,0.0787882,-0.303773,2.02592
7.22772,9.59351,0.074559,-0.283713,2.02605
7.23762,9.59423,0.0703297,-0.263653,2.02617
7.24752,9.59491,0.0661003,-0.243591,2.02628
7.25743,9.59554,0.0618708,-0.223528,2.02638
7.26733,9.59613,0.0576412,-0.203465,2.02648
7.27723,9.59668,0.0534115,-0.1834,2.02656
7.28713,9.59719,0.0491818,-0.163335,2.02663
7.29703,9.59766,0.0449521,-0.143269,2.0267
7.30693,9.59808,0.0407223,-0.123202,2.02676
7.31683,9.59846,0.0364926,-0.103135,2.02681
7.32673,9.5988,0.0322628,-0.0830673,2.02685
7.33663,9.5991,0.0280332,-0.0629993,2.02688
7.34653,9.59936,0.0238036,-0.0429311,2.0269
7.35644,9.59957,0.019574,-0.0228627,2.02691
7.36634,9.59975,0.0153446,-0.00279424,2.02692
7.37624,9.59988,0.0111153,0.0172742,2.02691
7.38614,9.59997,0.00688609,0.0373426,2.0269
7.39604,9.60001,0.00265706,0.0574108,2.02687
7.40594,9.60002,-0.0015718,0.0774787,2.02684
7.41584,9.59998,-0.00580047,0.0975463,2.0268
7.42574,9.5999,-0.0100289,0.117613,2.02675
7.43564,9.59978,-0.0142572,0.13768,2.0267
7.44554,9.59962,-0.0184851,0.157746,2.02663
7.45545,9.59942,-0.0227129,0.177811,2.02655
7.46535,9.59917,-0.0269403,0.197876,2.02647
7.47525,9.59888,-0.0311675,0.217939,2.02638
7.48515,9.59855,-0.0353943,0.238002,2.02628
7.49505,9.59818,-0.0396208,0.258064,2.02616
7.50495,9.59777,-0.0438469,0.278124,2.02604
7.51485,9.59731,-0.0480727,0.298183,2.02592
7.52475,9.59682,-0.052298,0.318241,2.02578
7.53465,9.59628,-0.056523,0.338298,2.02563
7.54455,9.5957,-0.0607476,0.358353,2.02548
7.55446,9.59508,-0.0649716,0.378406,2.02531
7.56436,9.59441,-0.0691953,0.398458,2.02514
7.57426,9.59371,-0.0734184,0.418508,2.02496
7.58416,9.59296,-0.0776411,0.438556,2.02477
7.59406,9.59217,-0.0818632,0.458603,2.02457
7.60396,9.59134,-0.0860848,0.478647,2.02436
7.61386,9.59046,-0.0903059,0.498689,2.02415
7.62376,9.58955,-0.0945264,0.518729,2.02392
7.63366,9.58859,-0.0987462,0.538767,2.02369
7.64356,9.58759,-0.102966,0.558802,2.02344
7.65347,9.58655,-0.107184,0.578835,2.02319
7.66337,9.58547,-0.111402,0.598865,2.02293
7.67327,9.58435,-0.11562,0.618893,2.02266
7.68317,9.58318,-0.119836,0.638918,2.02238
7.69307,9.58197,-0.124052,0.65894,2.02209
7.70297,9.58073,-0.128267,0.678959,2.0218
7.71287,9.57943,-0.132482,0.698976,2.02149
7.72277,9.5781,-0.136696,0.718989,2.02118
7.73267,9.57673,-0.140909,0.738999,2.02086
7.74257,9.57531,-0.145121,0.759006,2.02053
7.75248,9.57385,-0.149332,0.779009,2.02019
7.76238,9.57235,-0.153543,0.799009,2.01984
7.77228,9.57081,-0.157753,0.819006,2.01948
7.78218,9.56923,-0.161962,0.838999,2.01911
7.79208,9.56761,-0.16617,0.858989,2.01874
7.80198,9.56594,-0.170377,0.878974,2.01835
7.81188,9.56423,-0.174583,0.898956,2.01796
7.82178,9.56248,-0.178788,0.918934,2.01756
7.83168,9.56069,-0.182993,0.938908,2.01715
7.84158,9.55886,-0.187196,0.958877,2.01673
7.85149,9.55699,-0.191398,0.978843,2.0163
7.86139,9.55507,-0.1956,0.998804,2.01587
7.87129,9.55311,-0.1998,1.01876,2.01542
7.88119,9.55111,-0.203999,1.03871,2.01497
7.89109,9.54907,-0.208198,1.05866,2.0145
7.90099,9.54699,-0.212395,1.0786,2.01403
7.91089,9.54487,-0.216591,1.09854,2.01355
7.92079,9.5427,-0.220786,1.11848,2.01306
7.93069,9.54049,-0.22498,1.13841,2.01257
7.94059,9.53825,-0.229173,1.15833,2.01206
7.9505,9.53596,-0.233364,1.17825,2.01154
7.9604,9.53363,-0.237554,1.19816,2.01102
7.9703,9.53125,-0.241744,1.21807,2.01049
7.9802,9.52884,-0.245932,1.23797,2.00995
7.9901,9.52638,-0.250118,1.25787,2.0094
8,9.52389,-0.254304,1.27776,2.00884
8.0099,9.52135,-0.258488,1.29765,2.00827
8.0198,9.51877,-0.262671,1.31753,2.00769
8.0297,9.51615,-0.266853,1.33741,2.00711
8.0396,9.51348,-0.271033,1.35728,2.00651
8.0495,9.51078,-0.275212,1.37714,2.00591
8.05941,9.50803,-0.27939,1.397,2.0053
8.06931,9.50525,-0.283566,1.41685,2.00468
8.07921,9.50242,-0.287741,1.43669,2.00405
8.08911,9.49955,-0.291914,1.45653,2.00342
8.09901,9.49664,-0.296086,1.47637,2.00277
8.10891,9.49368,-0.300257,1.49619,2.00211
8.11881,9.49069,-0.304426,1.51601,2.00145
8.12871,9.48766,-0.308593,1.53582,2.00078
8.13861,9.48458,-0.312759,1.55563,2.0001
8.14851,9.48146,-0.316924,1.57543,1.99941
8.15842,9.4783,-0.321087,1.59522,1.99871
8.16832,9.47511,-0.325249,1.61501,1.998
8.17822,9.47186,-0.329409,1.63479,1.99729
8.18812,9.46858,-0.333567,1.65456,1.99657
8.19802,9.46526,-0.337724,1.67432,1.99583
8.20792,9.46189,-0.341879,1.69408,1.99509
8.21782,9.45849,-0.346032,1.71383,1.99434
8.22772,9.45504,-0.350184,1.73357,1.99358
8.23762,9.45155,-0.354334,1.75331,1.99282
8.24752,9.44803,-0.358483,1.77303,1.99204
8.25743,9.44446,-0.36263,1.79275,1.99126
8.26733,9.44085,-0.366775,1.81247,1.99046
8.27723,9.43719,-0.370918,1.83217,1.98966
8.28713,9.4335,-0.37506,1.85186,1.98885
8.29703,9.42977,-0.379199,1.87155,1.98803
8.30693,9.42599,-0.383337,1.89123,1.9872
8.31683,9.42218,-0.387474,1.9109,1.98637
8.32673,9.41832,-0.391608,1.93057,1.98552
8.33663,9.41442,-0.395741,1.95022,1.98467
8.34653,9.41048,-0.399871,1.96987,1.98381
8.35644,9.4065,-0.404,1.9895,1.98294
8.36634,9.40248,-0.408127,2.00913,1.98206
8.37624,9.39842,-0.412252,2.02875,1.98117
8.38614,9.39432,-0.416375,2.04836,1.98028
8.39604,9.39018,-0.420496,2.06797,1.97937
8.40594,9.38599,-0.424615,2.08756,1.97846
8.41584,9.38177,-0.428732,2.10714,1.97754
8.42574,9.3775,-0.432847,2.12672,1.97661
8.43564,9.3732,-0.43696,2.14628,1.97567
8.44554,9.36885,-0.441071,2.16584,1.97472
8.45545,9.36446,-0.44518,2.18539,1.97376
8.46535,9.36003,-0.449287,2.20492,1.9728
8.47525,9.35557,-0.453392,2.22445,1.97183
8.48515,9.35106,-0.457495,2.24397,1.97084
8.49505,9.34651,-0.461596,2.26348,1.96985
8.50495,9.34192,-0.465694,2.28298,1.96886
8.51485,9.33728,-0.46979,2.30247,1.96785
8.52475,9.33261,-0.473885,2.32194,1.96683
8.53465,9.3279,-0.477977,2.34141,1.96581
8.54455,9.32315,-0.482066,2.36087,1.96478
8.55446,9.31835,-0.486154,2.38032,1.96374
8.56436,9.31352,-0.490239,2.39976,1.96269
8.57426,9.30865,-0.494322,2.41918,1.96163
8.58416,9.30373,-0.498403,2.4386,1.96056
8.59406,9.29878,-0.502481,2.45801,1.95949
8.60396,9.29378,-0.506558,2.4774,1.9584
8.61386,9.28875,-0.510631,2.49679,1.95731
8.62376,9.28367,-0.514703,2.51616,1.95621
8.63366,9.27855,-0.518772,2.53552,1.9551
8.64356,9.2734,-0.522839,2.55488,1.95399
8.65347,9.2682,-0.526903,2.57422,1.95286
8.66337,9.26296,-0.530965,2.59355,1.95173
8.67327,9.25769,-0.535025,2.61287,1.95058
8.68317,9.25237,-0.539082,2.63217,1.94943
8.69307,9.24701,-0.543136,2.65147,1.94827
8.70297,9.24161,-0.547188,2.67075,1.94711
8.71287,9.23618,-0.551238,2.69002,1.94593
8.72277,9.2307,-0.555285,2.70929,1.94475
8.73267,9.22518,-0.55933,2.72853,1.94355
8.74257,9.21962,-0.563372,2.74777,1.94235
8.75248,9.21403,-0.567411,2.767,1.94114
8.76238,9.20839,-0.571448,2.78621,1.93993
8.77228,9.20271,-0.575482,2.80541,1.9387
8.78218,9.19699,-0.579514,2.8246,1.93746
8.79208,9.19123,-0.583543,2.84378,1.93622
8.80198,9.18544,-0.58757,2.86294,1.93497
8.81188,9.1796,-0.591593,2.88209,1.93371
8.82178,9.17372,-0.595614,2.90123,1.93244
8.83168,9.1678,-0.599633,2.92036,1.93117
8.84158,9.16185,-0.603648,2.93947,1.92988
8.85149,9.15585,-0.607661,2.95857,1.92859
8.86139,9.14982,-0.611671,2.97766,1.92729
8.87129,9.14374,-0.615679,2.99674,1.92598
8.88119,9.13762,-0.619683,3.0158,1.92466
8.89109,9.13147,-0.623685,3.03485,1.92334
8.90099,9.12527,-0.627684,3.05389,1.922
8.91089,9.11904,-0.63168,3.07291,1.92066
8.92079,9.11276,-0.635674,3.09192,1.91931
8.93069,9.10645,-0.639664,3.11092,1.91795
8.94059,9.1001,-0.643652,3.1299,1.91658
8.9505,9.09371,-0.647636,3.14887,1.91521
8.9604,9.08727,-0.651618,3.16782,1.91383
8.9703,9.0808,-0.655597,3.18677,1.91243
8.9802,9.07429,-0.659573,3.20569,1.91103
8.9901,9.06774,-0.663546,3.22461,1.90963
9,9.06115,-0.667516,3.24351,1.90821
9.0099,9.05452,-0.671483,3.2624,1.90678
9.0198,9.04786,-0.675446,3.28127,1.90535
9.0297,9.04115,-0.679407,3.30012,1.90391
9.0396,9.0344,-0.683365,3.31897,1.90246
9.0495,9.02762,-0.68732,3.3378,1.90101
9.05941,9.02079,-0.691271,3.35661,1.89954
9.06931,9.01393,-0.69522,3.37541,1.89807
9.07921,9.00702,-0.699165,3.3942,1.89658
9.08911,9.00008,-0.703108,3.41297,1.8951
9.09901,8.9931,-0.707047,3.43172,1.8936
9.10891,8.98608,-0.710983,3.45047,1.89209
9.11881,8.97902,-0.714916,3.46919,1.89058
9.12871,8.97193,-0.718845,3.4879,1.88906
9.13861,8.96479,-0.722772,3.5066,1.88752
9.14851,8.95761,-0.726695,3.52528,1.88599
9.15842,8.9504,-0.730615,3.54394,1.88444
9.16832,8.94315,-0.734531,3.56259,1.88289
9.17822,8.93585,-0.738445,3.58123,1.88132
9.18812,8.92852,-0.742355,3.59985,1.87975
9.19802,8.92115,-0.746261,3.61845,1.87817
9.20792,8.91375,-0.750165,3.63704,1.87659
9.21782,8.9063,-0.754065,3.65561,1.87499
9.22772,8.89881,-0.757962,3.67417,1.87339
9.23762,8.89129,-0.761855,3.69271,1.87178
9.24752,8.88373,-0.765745,3.71123,1.87016
9.25743,8.87613,-0.769631,3.72974,1.86853
9.26733,8.86849,-0.773514,3.74823,1.8669
9.27723,8.86081,-0.777394,3.76671,1.86526
9.28713,8.85309,-0.78127,3.78517,1.86361
9.29703,8.84534,-0.785143,3.80361,1.86195
9.30693,8.83755,-0.789012,3.82204,1.86028
9.31683,8.82971,-0.792877,3.84045,1.85861
9.32673,8.82184,-0.796739,3.85884,1.85692
9.33663,8.81394,-0.800598,3.87722,1.85523
9.34653,8.80599,-0.804453,3.89558,1.85354
9.35644,8.79801,-0.808304,3.91393,1.85183
9.36634,8.78999,-0.812152,3.93225,1.85012
9.37624,8.78193,-0.815996,3.95056,1.84839
9.38614,8.77383,-0.819837,3.96885,1.84666
9.39604,8.76569,-0.823674,3.98713,1.84493
9.40594,8.75752,-0.827507,4.00539,1.84318
9.41584,8.7493,-0.831337,4.02363,1.84143
9.42574,8.74105,-0.835163,4.04185,1.83967
9.43564,8.73277,-0.838985,4.06006,1.8379
9.44554,8.72444,-0.842803,4.07824,1.83612
9.45545,8.71608,-0.846618,4.09642,1.83433
9.46535,8.70768,-0.850429,4.11457,1.83254
9.47525,8.69924,-0.854236,4.1327,1.83074
9.48515,8.69076,-0.858039,4.15082,1.82893
9.49505,8.68225,-0.861839,4.16892,1.82712
9.50495,8.67369,-0.865634,4.187,1.82529
9.51485,8.66511,-0.869426,4.20506,1.82346
9.52475,8.65648,-0.873214,4.22311,1.82162
9.53465,8.64781,-0.876998,4.24114,1.81978
9.54455,8.63911,-0.880778,4.25914,1.81792
9.55446,8.63037,-0.884555,4.27713,1.81606
9.56436,8.6216,-0.888327,4.29511,1.81419
9.57426,8.61278,-0.892096,4.31306,1.81231
9.58416,8.60393,-0.89586,4.33099,1.81043
9.59406,8.59504,-0.899621,4.34891,1.80853
9.60396,8.58612,-0.903377,4.36681,1.80663
9.61386,8.57715,-0.90713,4.38468,1.80472
9.62376,8.56815,-0.910878,4.40254,1.80281
9.63366,8.55912,-0.914622,4.42038,1.80088
9.64356,8.55004,-0.918363,4.4382,1.79895
9.65347,8.54093,-0.922099,4.45601,1.79701
9.66337,8.53178,-0.925831,4.47379,1.79506
9.67327,8.5226,-0.929559,4.49155,1.79311
9.68317,8.51338,-0.933283,4.5093,1.79115
9.69307,8.50412,-0.937003,4.52702,1.78918
9.70297,8.49482,-0.940719,4.54472,1.7872
9.71287,8.48549,-0.94443,4.56241,1.78522
9.72277,8.47612,-0.948138,4.58008,1.78322
9.73267,8.46671,-0.951841,4.59772,1.78122
9.74257,8.45727,-0.95554,4.61535,1.77921
9.75248,8.44779,-0.959234,4.63295,1.7772
9.76238,8.43828,-0.962925,4.65054,1.77518
9.77228,8.42872,-0.966611,4.66811,1.77315
9.78218,8.41914,-0.970293,4.68565,1.77111
9.79208,8.40951,-0.97397,4.70318,1.76906
9.80198,8.39985,-0.977644,4.72068,1.76701
9.81188,8.39015,-0.981312,4.73817,1.76495
9.82178,8.38042,-0.984977,4.75563,1.76288
9.83168,8.37065,-0.988637,4.77308,1.76081
9.84158,8.36084,-0.992293,4.7905,1.75872
9.85149,8.351,-0.995944,4.8079,1.75663
9.86139,8.34112,-0.999591,4.82528,1.75454
9.87129,8.3312,-1.00323,4.84264,1.75243
9.88119,8.32125,-1.00687,4.85999,1.75032
9.89109,8.31127,-1.01051,4.8773,1.7482
