0,-5.6573e-009,-1.14277e-006,6.36607e-008,1.28595e-005
0.00990099,-2.33194e-008,-2.42498e-006,2.55688e-007,2.59301e-005
0.019802,-5.42639e-008,-3.82579e-006,5.78066e-007,3.91903e-005
0.029703,-9.95398e-008,-5.31994e-006,1.03257e-006,5.26185e-005
0.039604,-1.59927e-007,-6.87834e-006,1.62075e-006,6.61941e-005
0.049505,-2.35905e-007,-8.4691e-006,2.34398e-006,7.98986e-005
0.0594059,-3.27626e-007,-1.00587e-005,3.20346e-006,9.37161e-005
0.0693069,-4.34914e-007,-1.16133e-005,4.20024e-006,0.000107635
0.0792079,-5.57259e-007,-1.31004e-005,5.33529e-006,0.000121645
0.0891089,-6.93846e-007,-1.44903e-005,6.60949e-006,0.000135743
0.0990099,-8.43587e-007,-1.57573e-005,8.02369e-006,0.000149925
0.108911,-1.00516e-006,-1.68813e-005,9.57873e-006,0.000164193
0.118812,-1.17709e-006,-1.78485e-005,1.12755e-005,0.000178547
0.128713,-1.35779e-006,-1.8652e-005,1.31147e-005,0.000192988
0.138614,-1.54563e-006,-1.92921e-005,1.50974e-005,0.000207517
0.148515,-1.73904e-006,-1.9776e-005,1.72244e-005,0.000222131
0.158416,-1.93653e-006,-2.0117e-005,1.94965e-005,0.000236823
0.168317,-2.13678e-006,-2.03339e-005,2.19143e-005,0.000251583
0.178218,-2.33868e-006,-2.04497e-005,2.44786e-005,0.000266395
0.188119,-2.54135e-006,-2.04904e-005,2.71896e-005,0.00028124
0.19802,-2.74419e-006,-2.04836e-005,3.00477e-005,0.00029609
0.207921,-2.94687e-006,-2.04568e-005,3.30527e-005,0.000310918
0.217822,-3.14931e-006,-2.0437e-005,3.62042e-005,0.00032569
0.227723,-3.35172e-006,-2.04487e-005,3.95015e-005,0.000340369
0.237624,-3.5545e-006,-2.05137e-005,4.29436e-005,0.000354921
0.247525,-3.75828e-006,-2.065e-005,4.65289e-005,0.000369308
0.257426,-3.96384e-006,-2.08719e-005,5.02556e-005,0.000383495
0.267327,-4.17206e-006,-2.11896e-005,5.41217e-005,0.000397453
0.277228,-4.38394e-006,-2.16098e-005,5.81247e-005,0.000411153
0.287129,-4.6005e-006,-2.21359e-005,6.2262e-005,0.000424577
0.29703,-4.82281e-006,-2.27693e-005,6.65307e-005,0.000437709
0.306931,-5.05191e-006,-2.35099e-005,7.0928e-005,0.000450543
0.316832,-5.28888e-006,-2.43572e-005,7.54509e-005,0.00046308
0.326733,-5.53476e-006,-2.53118e-005,8.00965e-005,0.000475329
0.336634,-5.79064e-006,-2.63761e-005,8.4862e-005,0.000487304
0.346535,-6.05763e-006,-2.75552e-005,8.97448e-005,0.000499029
0.356436,-6.3369e-006,-2.88576e-005,9.47426e-005,0.000510527
0.366337,-6.62974e-006,-3.02954e-005,9.98533e-005,0.000521831
0.376238,-6.93756e-006,-3.18849e-005,0.000105075,0.00053297
0.386139,-7.26197e-006,-3.36453e-005,0.000110406,0.000543977
0.39604,-7.60476e-006,-3.5599e-005,0.000115846,0.000554883
0.405941,-7.96798e-006,-3.77702e-005,0.000121394,0.000565717
0.415842,-8.35389e-006,-4.01837e-005,0.000127048,0.000576504
0.425743,-8.76502e-006,-4.28641e-005,0.00013281,0.000587265
0.435644,-9.20411e-006,-4.58338e-005,0.000138677,0.000598016
0.445545,-9.67414e-006,-4.91122e-005,0.000144652,0.00060877
0.455446,-1.01782e-005,-5.27141e-005,0.000150732,0.000619532
0.465347,-1.07196e-005,-5.6649e-005,0.00015692,0.000630307
0.475248,-1.13017e-005,-6.09196e-005,0.000163214,0.000641095
0.485149,-1.19276e-005,-6.55222e-005,0.000169615,0.000651892
0.49505,-1.26007e-005,-7.04459e-005,0.000176123,0.000662697
0.50495,-1.33241e-005,-7.56727e-005,0.000182737,0.000673506
0.514851,-1.41006e-005,-8.11786e-005,0.000189459,0.000684318
0.524752,-1.49328e-005,-8.69337e-005,0.000196288,0.000695132
0.534653,-1.58231e-005,-9.2904e-005,0.000203224,0.000705953
0.544554,-1.67734e-005,-9.90523e-005,0.000210268,0.000716788
0.554455,-1.77852e-005,-0.00010534,0.000217418,0.000727648
0.564356,-1.88598e-005,-0.000111728,0.000224677,0.000738548
0.574257,-1.9998e-005,-0.000118178,0.000232043,0.000749505
0.584158,-2.12001e-005,-0.000124657,0.000239519,0.000760541
0.594059,-2.24664e-005,-0.000131134,0.000247104,0.000771677
0.60396,-2.37967e-005,-0.000137582,0.0002548,0.000782936
0.613861,-2.51906e-005,-0.00014398,0.000262608,0.000794339
0.623762,-2.66475e-005,-0.000150314,0.00027053,0.000805906
0.633663,-2.81667e-005,-0.000156573,0.000278568,0.000817651
0.643564,-2.97475e-005,-0.000162752,0.000286722,0.000829586
0.653465,-3.13891e-005,-0.000168849,0.000294996,0.000841713
0.663366,-3.30907e-005,-0.000174867,0.000303391,0.000854033
0.673267,-3.48514e-005,-0.000180808,0.000311909,0.000866536
0.683168,-3.66707e-005,-0.000186679,0.000320551,0.000879207
0.693069,-3.85477e-005,-0.000192481,0.000329319,0.000892024
0.70297,-4.04819e-005,-0.000198218,0.000338215,0.000904961
0.712871,-4.24725e-005,-0.00020389,0.00034724,0.000917985
0.722772,-4.4519e-005,-0.000209495,0.000356394,0.000931062
0.732673,-4.66205e-005,-0.000215026,0.000365677,0.000944155
0.742574,-4.87765e-005,-0.000220473,0.00037509,0.000957228
0.752475,-5.09859e-005,-0.000225826,0.000384632,0.000970244
0.762376,-5.32477e-005,-0.000231069,0.000394302,0.00098317
0.772277,-5.55609e-005,-0.000236187,0.0004041,0.000995978
0.782178,-5.7924e-005,-0.000241165,0.000414024,0.00100864
0.792079,-6.03357e-005,-0.000245986,0.000424072,0.00102114
0.80198,-6.27942e-005,-0.00025064,0.000434243,0.00103347
0.811881,-6.5298e-005,-0.000255118,0.000444536,0.00104561
0.821782,-6.78451e-005,-0.000259414,0.000454948,0.00105757
0.831683,-7.0434e-005,-0.000263532,0.000465477,0.00106934
0.841584,-7.30628e-005,-0.00026748,0.000476122,0.00108094
0.851485,-7.57298e-005,-0.000271272,0.000486881,0.00109238
0.861386,-7.84338e-005,-0.00027493,0.000497752,0.00110365
0.871287,-8.11735e-005,-0.000278482,0.000508735,0.00111478
0.881188,-8.39479e-005,-0.000281961,0.000519826,0.00112578
0.891089,-8.67567e-005,-0.000285404,0.000531027,0.00113665
0.90099,-8.95995e-005,-0.000288853,0.000542334,0.0011474
0.910891,-9.24768e-005,-0.00029235,0.000553747,0.00115804
0.920792,-9.53891e-005,-0.000295938,0.000565265,0.00116855
0.930693,-9.83376e-005,-0.000299656,0.000576886,0.00117895
0.940594,-0.000101324,-0.000303543,0.00058861,0.00118922
0.950495,-0.000104349,-0.000307633,0.000600434,0.00119936
0.960396,-0.000107417,-0.000311952,0.000612359,0.00120935
0.970297,-0.000110528,-0.000316524,0.000624381,0.0012192
0.980198,-0.000113686,-0.000321363,0.0006365,0.00122888
0.990099,-0.000116893,-0.000326477,0.000648715,0.0012384
1,-0.000120152,-0.00033187,0.000661022,0.00124776
1.0099,-0.000123466,-0.000337537,0.000673422,0.00125696
1.0198,-0.000126837,-0.00034347,0.000685912,0.001266
1.0297,-0.000130269,-0.000349657,0.000698491,0.00127491
1.0396,-0.000133762,-0.000356085,0.000711157,0.00128371
1.0495,-0.000137321,-0.000362738,0.00072391,0.00129241
1.05941,-0.000140946,-0.000369602,0.000736749,0.00130105
1.06931,-0.000144641,-0.000376662,0.000749673,0.00130966
1.07921,-0.000148406,-0.000383907,0.000762683,0.00131828
1.08911,-0.000152244,-0.00039133,0.000775778,0.00132695
1.09901,-0.000156156,-0.000398925,0.00078896,0.0013357
1.10891,-0.000160144,-0.000406692,0.000802228,0.00134456
1.11881,-0.00016421,-0.00041463,0.000815585,0.00135358
1.12871,-0.000168355,-0.000422745,0.000829032,0.00136277
1.13861,-0.000172582,-0.000431042,0.000842572,0.00137215
1.14851,-0.000176892,-0.000439526,0.000856205,0.00138175
1.15842,-0.000181287,-0.000448204,0.000869934,0.00139157
1.16832,-0.000185768,-0.000457078,0.000883762,0.0014016
1.17822,-0.000190339,-0.000466149,0.00089769,0.00141186
1.18812,-0.000195,-0.000475414,0.00091172,0.00142231
1.19802,-0.000199754,-0.000484864,0.000925855,0.00143295
1.20792,-0.000204602,-0.000494486,0.000940096,0.00144375
1.21782,-0.000209546,-0.000504263,0.000954445,0.00145469
1.22772,-0.000214588,-0.000514168,0.000968903,0.00146575
1.23762,-0.000219728,-0.000524175,0.00098347,0.0014769
1.24752,-0.000224968,-0.00053425,0.000998148,0.00148812
1.25743,-0.000230308,-0.000544359,0.00101294,0.00149938
1.26733,-0.000235747,-0.000554464,0.00102784,0.00151067
1.27723,-0.000241287,-0.000564529,0.00104285,0.00152197
1.28713,-0.000246926,-0.00057452,0.00105798,0.00153327
1.29703,-0.000252663,-0.000584404,0.00107321,0.00154457
1.30693,-0.000258497,-0.000594153,0.00108856,0.00155586
1.31683,-0.000264428,-0.000603747,0.00110402,0.00156714
1.32673,-0.000270452,-0.000613168,0.0011196,0.0015784
1.33663,-0.000276569,-0.000622409,0.00113528,0.00158966
1.34653,-0.000282776,-0.000631467,0.00115107,0.0016009
1.35644,-0.000289072,-0.000640349,0.00116698,0.00161212
1.36634,-0.000295455,-0.000649064,0.001183,0.00162332
1.37624,-0.000301924,-0.000657631,0.00119912,0.00163448
1.38614,-0.000308477,-0.000666069,0.00121536,0.0016456
1.39604,-0.000315113,-0.000674404,0.00123171,0.00165665
1.40594,-0.000321831,-0.000682661,0.00124817,0.00166761
1.41584,-0.000328631,-0.000690866,0.00126473,0.00167845
1.42574,-0.000335512,-0.000699043,0.0012814,0.00168915
1.43564,-0.000342473,-0.000707217,0.00129818,0.00169966
1.44554,-0.000349516,-0.000715405,0.00131506,0.00170996
1.45545,-0.00035664,-0.000723623,0.00133204,0.00172001
1.46535,-0.000363845,-0.000731884,0.00134912,0.00172979
1.47525,-0.000371133,-0.000740195,0.00136629,0.00173925
1.48515,-0.000378503,-0.00074856,0.00138356,0.00174839
1.49505,-0.000385956,-0.000756979,0.00140091,0.00175718
1.50495,-0.000393493,-0.000765451,0.00141835,0.00176561
1.51485,-0.000401114,-0.000773973,0.00143587,0.00177368
1.52475,-0.000408819,-0.000782542,0.00145347,0.0017814
1.53465,-0.00041661,-0.000791156,0.00147114,0.00178878
1.54455,-0.000424486,-0.000799816,0.00148889,0.00179583
1.55446,-0.000432448,-0.000808523,0.0015067,0.00180259
1.56436,-0.000440497,-0.000817286,0.00152458,0.00180907
1.57426,-0.000448632,-0.000826115,0.00154253,0.00181532
1.58416,-0.000456856,-0.000835024,0.00156053,0.00182136
1.59406,-0.000465168,-0.000844032,0.00157859,0.00182724
1.60396,-0.00047357,-0.00085316,0.00159671,0.00183299
1.61386,-0.000482063,-0.000862432,0.00161489,0.00183864
1.62376,-0.000490649,-0.000871873,0.00163312,0.00184422
1.63366,-0.000499329,-0.000881507,0.00165141,0.00184974
1.64356,-0.000508105,-0.000891358,0.00166975,0.00185524
1.65347,-0.00051698,-0.000901445,0.00168814,0.00186073
1.66337,-0.000525957,-0.000911784,0.00170659,0.00186621
1.67327,-0.000535037,-0.000922386,0.0017251,0.0018717
1.68317,-0.000544223,-0.000933255,0.00174366,0.00187719
1.69307,-0.000553519,-0.000944389,0.00176227,0.00188269
1.70297,-0.000562925,-0.000955778,0.00178094,0.0018882
1.71287,-0.000572446,-0.000967407,0.00179966,0.00189371
1.72277,-0.000582083,-0.000979251,0.00181844,0.00189923
1.73267,-0.000591838,-0.000991285,0.00183727,0.00190475
1.74257,-0.000601713,-0.00100348,0.00185616,0.0019103
1.75248,-0.000611709,-0.00101579,0.0018751,0.00191587
1.76238,-0.000621828,-0.00102818,0.00189409,0.00192147
1.77228,-0.00063207,-0.00104063,0.00191315,0.00192713
1.78218,-0.000642435,-0.00105308,0.00193226,0.00193286
1.79208,-0.000652923,-0.00106552,0.00195142,0.00193868
1.80198,-0.000663534,-0.0010779,0.00197065,0.00194462
1.81188,-0.000674267,-0.00109022,0.00198993,0.0019507
1.82178,-0.000685122,-0.00110244,0.00200927,0.00195694
1.83168,-0.000696097,-0.00111456,0.00202868,0.00196336
1.84158,-0.000707192,-0.00112657,0.00204815,0.00196997
1.85149,-0.000718405,-0.00113846,0.00206769,0.00197679
1.86139,-0.000729735,-0.00115024,0.0020873,0.00198381
1.87129,-0.000741181,-0.00116191,0.00210698,0.00199104
1.88119,-0.000752743,-0.00117348,0.00212673,0.00199845
1.89109,-0.000764418,-0.00118496,0.00214655,0.00200605
1.90099,-0.000776207,-0.00119635,0.00216645,0.00201379
1.91089,-0.000788108,-0.00120766,0.00218643,0.00202167
1.92079,-0.00080012,-0.00121889,0.00220648,0.00202963
1.93069,-0.000812244,-0.00123004,0.00222662,0.00203764
1.94059,-0.000824477,-0.00124112,0.00224683,0.00204567
1.9505,-0.00083682,-0.00125211,0.00226713,0.00205367
1.9604,-0.000849271,-0.00126301,0.0022875,0.00206162
1.9703,-0.000861829,-0.0012738,0.00230795,0.00206946
1.9802,-0.000874494,-0.00128447,0.00232848,0.00207718
1.9901,-0.000887264,-0.00129502,0.00234908,0.00208474
2,-0.000900137,-0.00130542,0.00236976,0.00209212
2.0099,-0.000913113,-0.00131567,0.00239051,0.00209932
2.0198,-0.000926189,-0.00132576,0.00241133,0.00210631
2.0297,-0.000939365,-0.00133569,0.00243222,0.00211311
2.0396,-0.000952638,-0.00134546,0.00245317,0.0021197
2.0495,-0.000966007,-0.00135509,0.00247419,0.00212609
2.05941,-0.000979471,-0.00136458,0.00249527,0.00213229
2.06931,-0.000993028,-0.00137396,0.00251641,0.00213832
2.07921,-0.00100668,-0.00138326,0.00253761,0.00214417
2.08911,-0.00102042,-0.00139252,0.00255887,0.00214986
2.09901,-0.00103425,-0.00140176,0.00258019,0.00215539
2.10891,-0.00104818,-0.00141103,0.00260155,0.00216078
2.11881,-0.00106219,-0.00142037,0.00262297,0.00216601
2.12871,-0.0010763,-0.00142983,0.00264444,0.0021711
2.13861,-0.00109051,-0.00143943,0.00266596,0.00217602
2.14851,-0.00110481,-0.00144923,0.00268753,0.00218078
2.15842,-0.00111921,-0.00145924,0.00270915,0.00218537
2.16832,-0.00113371,-0.0014695,0.00273081,0.00218977
2.17822,-0.00114831,-0.00148003,0.00275251,0.00219397
2.18812,-0.00116301,-0.00149083,0.00277425,0.00219797
2.19802,-0.00117783,-0.00150192,0.00279603,0.00220175
2.20792,-0.00119276,-0.0015133,0.00281785,0.00220532
2.21782,-0.0012078,-0.00152495,0.0028397,0.00220868
2.22772,-0.00122295,-0.00153687,0.00286158,0.00221183
2.23762,-0.00123823,-0.00154905,0.0028835,0.00221478
2.24752,-0.00125363,-0.00156146,0.00290544,0.00221756
2.25743,-0.00126915,-0.0015741,0.00292741,0.00222018
2.26733,-0.0012848,-0.00158693,0.0029494,0.00222268
2.27723,-0.00130058,-0.00159995,0.00297142,0.00222509
2.28713,-0.00131648,-0.00161314,0.00299346,0.00222744
2.29703,-0.00133252,-0.00162648,0.00301553,0.00222977
2.30693,-0.00134869,-0.00163998,0.00303762,0.00223212
2.31683,-0.001365,-0.00165362,0.00305973,0.00223452
2.32673,-0.00138144,-0.00166741,0.00308187,0.00223699
2.33663,-0.00139802,-0.00168134,0.00310403,0.00223957
2.34653,-0.00141473,-0.00169541,0.00312621,0.00224228
2.35644,-0.00143159,-0.00170964,0.00314843,0.00224513
2.36634,-0.00144859,-0.00172401,0.00317067,0.00224814
2.37624,-0.00146573,-0.00173853,0.00319295,0.00225129
2.38614,-0.00148302,-0.0017532,0.00321525,0.00225458
2.39604,-0.00150045,-0.00176801,0.00323759,0.00225802
2.40594,-0.00151803,-0.00178295,0.00325997,0.00226156
2.41584,-0.00153575,-0.001798,0.00328238,0.00226521
2.42574,-0.00155363,-0.00181314,0.00330482,0.00226892
2.43564,-0.00157166,-0.00182834,0.00332731,0.00227269
2.44554,-0.00158984,-0.00184358,0.00334983,0.00227648
2.45545,-0.00160816,-0.00185881,0.00337239,0.00228028
2.46535,-0.00162664,-0.001874,0.00339498,0.00228405
2.47525,-0.00164527,-0.00188911,0.00341761,0.00228779
2.48515,-0.00166405,-0.0019041,0.00344028,0.00229149
2.49505,-0.00168298,-0.00191894,0.00346299,0.00229513
2.50495,-0.00170205,-0.00193358,0.00348573,0.0022987
2.51485,-0.00172126,-0.00194802,0.00350851,0.00230222
2.52475,-0.00174062,-0.00196221,0.00353132,0.00230566
2.53465,-0.00176012,-0.00197615,0.00355416,0.00230905
2.54455,-0.00177975,-0.00198982,0.00357704,0.00231237
2.55446,-0.00179952,-0.00200323,0.00359995,0.00231564
2.56436,-0.00181942,-0.00201637,0.0036229,0.00231884
2.57426,-0.00183945,-0.00202927,0.00364587,0.00232199
2.58416,-0.0018596,-0.00204193,0.00366888,0.00232507
2.59406,-0.00187988,-0.00205439,0.00369191,0.00232806
2.60396,-0.00190028,-0.00206666,0.00371498,0.00233096
2.61386,-0.0019208,-0.00207878,0.00373807,0.00233375
2.62376,-0.00194144,-0.00209076,0.00376119,0.0023364
2.63366,-0.0019622,-0.00210264,0.00378433,0.00233888
2.64356,-0.00198308,-0.00211444,0.0038075,0.00234117
2.65347,-0.00200407,-0.00212618,0.00383069,0.00234324
2.66337,-0.00202518,-0.00213787,0.0038539,0.00234505
2.67327,-0.00204641,-0.00214954,0.00387713,0.00234658
2.68317,-0.00206775,-0.00216119,0.00390037,0.00234781
2.69307,-0.0020892,-0.00217283,0.00392362,0.00234871
2.70297,-0.00211077,-0.00218445,0.00394687,0.00234928
2.71287,-0.00213246,-0.00219606,0.00397014,0.0023495
2.72277,-0.00215426,-0.00220766,0.0039934,0.00234937
2.73267,-0.00217618,-0.00221925,0.00401666,0.00234891
2.74257,-0.00219821,-0.00223082,0.00403991,0.00234813
2.75248,-0.00222035,-0.00224239,0.00406315,0.00234705
2.76238,-0.00224261,-0.00225394,0.00408638,0.00234569
2.77228,-0.00226498,-0.0022655,0.0041096,0.00234408
2.78218,-0.00228747,-0.00227707,0.0041328,0.00234227
2.79208,-0.00231007,-0.00228868,0.00415598,0.00234029
2.80198,-0.00233279,-0.00230034,0.00417914,0.00233817
2.81188,-0.00235563,-0.00231207,0.00420228,0.00233596
2.82178,-0.00237858,-0.0023239,0.0042254,0.00233367
2.83168,-0.00240164,-0.00233587,0.00424849,0.00233134
2.84158,-0.00242483,-0.00234799,0.00427156,0.002329
2.85149,-0.00244814,-0.00236029,0.00429461,0.00232666
2.86139,-0.00247157,-0.00237279,0.00431764,0.00232435
2.87129,-0.00249513,-0.00238552,0.00434064,0.00232206
2.88119,-0.00251881,-0.00239848,0.00436362,0.0023198
2.89109,-0.00254262,-0.00241167,0.00438657,0.00231758
2.90099,-0.00256657,-0.00242511,0.00440951,0.0023154
2.91089,-0.00259065,-0.00243878,0.00443242,0.00231325
2.92079,-0.00261486,-0.00245267,0.00445532,0.00231113
2.93069,-0.00263921,-0.00246675,0.00447819,0.00230905
2.94059,-0.00266371,-0.00248101,0.00450104,0.00230699
2.9505,-0.00268834,-0.0024954,0.00452387,0.00230498
2.9604,-0.00271312,-0.0025099,0.00454668,0.002303
2.9703,-0.00273805,-0.00252448,0.00456948,0.00230108
2.9802,-0.00276311,-0.00253908,0.00459225,0.00229923
2.9901,-0.00278832,-0.00255369,0.00461501,0.00229746
3,-0.00281368,-0.00256826,0.00463775,0.00229579
3.0099,-0.00283918,-0.00258278,0.00466047,0.00229424
3.0198,-0.00286482,-0.00259722,0.00468318,0.00229284
3.0297,-0.00289061,-0.00261155,0.00470587,0.00229159
3.0396,-0.00291654,-0.00262577,0.00472856,0.00229052
3.0495,-0.00294261,-0.00263988,0.00475123,0.00228964
3.05941,-0.00296881,-0.00265386,0.0047739,0.00228895
3.06931,-0.00299516,-0.00266773,0.00479656,0.00228845
3.07921,-0.00302164,-0.00268148,0.00481921,0.00228813
3.08911,-0.00304825,-0.00269512,0.00484187,0.00228799
3.09901,-0.00307501,-0.00270866,0.00486452,0.002288
3.10891,-0.00310189,-0.00272212,0.00488717,0.00228814
3.11881,-0.00312891,-0.00273548,0.00490983,0.00228837
3.12871,-0.00315606,-0.00274876,0.00493249,0.00228866
3.13861,-0.00318334,-0.00276196,0.00495515,0.00228896
3.14851,-0.00321075,-0.00277508,0.00497781,0.00228924
3.15842,-0.00323829,-0.0027881,0.00500048,0.00228945
3.16832,-0.00326596,-0.00280103,0.00502315,0.00228956
3.17822,-0.00329376,-0.00281384,0.00504582,0.00228952
3.18812,-0.00332168,-0.00282652,0.00506849,0.00228931
3.19802,-0.00334973,-0.00283907,0.00509115,0.00228889
3.20792,-0.0033779,-0.00285146,0.00511381,0.00228825
3.21782,-0.00340619,-0.00286369,0.00513646,0.00228736
3.22772,-0.0034346,-0.00287575,0.0051591,0.00228622
3.23762,-0.00346313,-0.00288763,0.00518173,0.00228483
3.24752,-0.00349178,-0.00289934,0.00520435,0.00228317
3.25743,-0.00352055,-0.00291088,0.00522694,0.00228126
3.26733,-0.00354942,-0.00292226,0.00524952,0.00227911
3.27723,-0.00357841,-0.00293352,0.00527207,0.00227673
3.28713,-0.00360751,-0.00294466,0.0052946,0.00227411
3.29703,-0.00363672,-0.00295573,0.0053171,0.00227128
3.30693,-0.00366604,-0.00296675,0.00533958,0.00226824
3.31683,-0.00369547,-0.00297777,0.00536202,0.002265
3.32673,-0.00372501,-0.00298882,0.00538443,0.00226155
3.33663,-0.00375465,-0.00299995,0.0054068,0.0022579
3.34653,-0.00378441,-0.00301118,0.00542914,0.00225404
3.35644,-0.00381428,-0.00302254,0.00545143,0.00224996
3.36634,-0.00384427,-0.00303408,0.00547369,0.00224566
3.37624,-0.00387436,-0.00304581,0.0054959,0.00224113
3.38614,-0.00390458,-0.00305774,0.00551807,0.00223636
3.39604,-0.00393491,-0.00306989,0.00554018,0.00223134
3.40594,-0.00396537,-0.00308226,0.00556225,0.00222607
3.41584,-0.00399595,-0.00309484,0.00558426,0.00222054
3.42574,-0.00402666,-0.00310763,0.00560622,0.00221476
3.43564,-0.00405749,-0.00312062,0.00562812,0.00220873
3.44554,-0.00408845,-0.00313378,0.00564996,0.00220248
3.45545,-0.00411954,-0.00314709,0.00567173,0.00219603
3.46535,-0.00415077,-0.00316054,0.00569344,0.00218939
3.47525,-0.00418213,-0.00317411,0.00571508,0.0021826
3.48515,-0.00421362,-0.00318777,0.00573666,0.0021757
3.49505,-0.00424525,-0.0032015,0.00575817,0.00216872
3.50495,-0.00427702,-0.0032153,0.0057796,0.0021617
3.51485,-0.00430892,-0.00322916,0.00580097,0.00215469
3.52475,-0.00434096,-0.00324307,0.00582227,0.00214771
3.53465,-0.00437314,-0.00325701,0.0058435,0.0021408
3.54455,-0.00440546,-0.00327101,0.00586466,0.002134
3.55446,-0.00443792,-0.00328504,0.00588576,0.00212732
3.56436,-0.00447051,-0.00329912,0.00590679,0.00212078
3.57426,-0.00450325,-0.00331325,0.00592776,0.0021144
3.58416,-0.00453612,-0.00332743,0.00594866,0.00210817
3.59406,-0.00456914,-0.00334165,0.0059695,0.00210209
3.60396,-0.00460229,-0.0033559,0.00599029,0.00209617
3.61386,-0.00463559,-0.00337019,0.00601101,0.00209037
3.62376,-0.00466903,-0.00338448,0.00603168,0.00208468
3.63366,-0.00470261,-0.00339876,0.00605229,0.00207909
3.64356,-0.00473633,-0.003413,0.00607285,0.00207357
3.65347,-0.00477019,-0.00342718,0.00609335,0.0020681
3.66337,-0.00480419,-0.00344125,0.0061138,0.00206266
3.67327,-0.00483834,-0.00345519,0.0061342,0.00205723
3.68317,-0.00487261,-0.00346896,0.00615454,0.00205179
3.69307,-0.00490703,-0.00348252,0.00617483,0.00204634
3.70297,-0.00494157,-0.00349584,0.00619506,0.00204087
3.71287,-0.00497625,-0.00350889,0.00621524,0.00203537
3.72277,-0.00501105,-0.00352164,0.00623537,0.00202984
3.73267,-0.00504598,-0.00353408,0.00625544,0.00202429
3.74257,-0.00508103,-0.00354618,0.00627545,0.00201872
3.75248,-0.0051162,-0.00355795,0.00629541,0.00201313
3.76238,-0.00515149,-0.00356939,0.00631531,0.00200752
3.77228,-0.00518688,-0.00358051,0.00633516,0.0020019
3.78218,-0.00522239,-0.00359131,0.00635496,0.00199626
3.79208,-0.005258,-0.00360183,0.00637469,0.0019906
3.80198,-0.00529371,-0.00361209,0.00639437,0.00198491
3.81188,-0.00532952,-0.00362212,0.006414,0.00197918
3.82178,-0.00536543,-0.00363195,0.00643357,0.00197338
3.83168,-0.00540144,-0.00364161,0.00645307,0.00196749
3.84158,-0.00543754,-0.00365113,0.00647252,0.00196149
3.85149,-0.00547374,-0.00366053,0.00649192,0.00195534
3.86139,-0.00551003,-0.00366985,0.00651124,0.00194902
3.87129,-0.00554641,-0.00367911,0.00653051,0.00194251
3.88119,-0.00558288,-0.00368831,0.00654971,0.00193576
3.89109,-0.00561945,-0.00369747,0.00656884,0.00192876
3.90099,-0.0056561,-0.00370661,0.0065879,0.00192148
3.91089,-0.00569284,-0.00371572,0.00660689,0.00191393
3.92079,-0.00572968,-0.0037248,0.0066258,0.00190607
3.93069,-0.0057666,-0.00373387,0.00664463,0.00189792
3.94059,-0.00580362,-0.00374292,0.00666338,0.00188949
3.9505,-0.00584072,-0.00375195,0.00668204,0.00188078
3.9604,-0.00587791,-0.00376097,0.00670062,0.00187181
3.9703,-0.00591519,-0.00376998,0.00671911,0.00186262
3.9802,-0.00595256,-0.003779,0.0067375,0.00185322
3.9901,-0.00599003,-0.00378803,0.0067558,0.00184366
4,-0.00602758,-0.0037971,0.00677401,0.00183397
4.0099,-0.00606522,-0.00380622,0.00679212,0.00182418
4.0198,-0.00610295,-0.00381542,0.00681013,0.00181432
4.0297,-0.00614077,-0.00382473,0.00682805,0.00180443
4.0396,-0.00617868,-0.00383417,0.00684586,0.00179453
4.0495,-0.00621669,-0.00384378,0.00686358,0.00178464
4.05941,-0.0062548,-0.00385356,0.0068812,0.00177479
4.06931,-0.006293,-0.00386356,0.00689873,0.00176497
4.07921,-0.00633131,-0.00387378,0.00691615,0.0017552
4.08911,-0.00636971,-0.00388424,0.00693348,0.00174549
4.09901,-0.00640822,-0.00389494,0.00695072,0.00173582
4.10891,-0.00644684,-0.00390588,0.00696786,0.00172621
4.11881,-0.00648557,-0.00391705,0.0069849,0.00171663
4.12871,-0.00652441,-0.00392843,0.00700185,0.00170709
4.13861,-0.00656336,-0.00394002,0.0070187,0.00169759
4.14851,-0.00660243,-0.00395177,0.00703547,0.00168812
4.15842,-0.00664161,-0.00396365,0.00705213,0.00167868
4.16832,-0.00668092,-0.00397563,0.00706871,0.00166928
4.17822,-0.00672034,-0.00398767,0.00708519,0.00165992
4.18812,-0.00675988,-0.00399973,0.00710158,0.00165062
4.19802,-0.00679954,-0.00401178,0.00711787,0.00164139
4.20792,-0.00683932,-0.00402379,0.00713408,0.00163224
4.21782,-0.00687922,-0.00403571,0.0071502,0.00162319
4.22772,-0.00691924,-0.00404754,0.00716622,0.00161426
4.23762,-0.00695937,-0.00405924,0.00718216,0.00160547
4.24752,-0.00699962,-0.0040708,0.00719802,0.00159683
4.25743,-0.00703998,-0.00408222,0.00721378,0.00158834
4.26733,-0.00708045,-0.00409348,0.00722947,0.00158002
4.27723,-0.00712104,-0.00410459,0.00724507,0.00157185
4.28713,-0.00716173,-0.00411556,0.0072606,0.00156384
4.29703,-0.00720253,-0.00412638,0.00727604,0.00155596
4.30693,-0.00724344,-0.00413706,0.00729141,0.0015482
4.31683,-0.00728445,-0.00414761,0.0073067,0.00154054
4.32673,-0.00732557,-0.00415803,0.00732191,0.00153292
4.33663,-0.00736679,-0.00416831,0.00733705,0.00152533
4.34653,-0.00740811,-0.00417847,0.00735212,0.00151772
4.35644,-0.00744953,-0.00418849,0.00736711,0.00151004
4.36634,-0.00749105,-0.00419837,0.00738202,0.00150227
4.37624,-0.00753267,-0.00420809,0.00739685,0.00149435
4.38614,-0.00757438,-0.00421765,0.00741161,0.00148626
4.39604,-0.00761618,-0.00422702,0.00742628,0.00147795
4.40594,-0.00765808,-0.00423619,0.00744087,0.00146942
4.41584,-0.00770007,-0.00424514,0.00745538,0.00146062
4.42574,-0.00774214,-0.00425387,0.0074698,0.00145156
4.43564,-0.0077843,-0.00426236,0.00748412,0.00144222
4.44554,-0.00782654,-0.00427061,0.00749835,0.0014326
4.45545,-0.00786887,-0.00427862,0.00751249,0.00142271
4.46535,-0.00791127,-0.00428638,0.00752652,0.00141255
4.47525,-0.00795374,-0.00429393,0.00754046,0.00140213
4.48515,-0.0079963,-0.00430127,0.00755429,0.00139147
4.49505,-0.00803892,-0.00430842,0.00756801,0.00138057
4.50495,-0.00808161,-0.00431542,0.00758163,0.00136946
4.51485,-0.00812437,-0.00432231,0.00759513,0.00135814
4.52475,-0.0081672,-0.00432911,0.00760852,0.00134662
4.53465,-0.0082101,-0.00433586,0.00762179,0.00133491
4.54455,-0.00825306,-0.00434261,0.00763495,0.00132302
4.55446,-0.00829609,-0.00434938,0.00764799,0.00131093
4.56436,-0.00833918,-0.00435621,0.00766091,0.00129864
4.57426,-0.00838235,-0.00436313,0.00767371,0.00128616
4.58416,-0.00842558,-0.00437016,0.00768638,0.00127348
4.59406,-0.00846889,-0.00437731,0.00769892,0.00126059
4.60396,-0.00851226,-0.0043846,0.00771134,0.00124749
4.61386,-0.00855571,-0.00439203,0.00772362,0.00123417
4.62376,-0.00859924,-0.00439959,0.00773578,0.00122065
4.63366,-0.00864283,-0.00440728,0.00774779,0.00120692
4.64356,-0.00868651,-0.00441508,0.00775967,0.001193
4.65347,-0.00873026,-0.00442298,0.00777142,0.0011789
4.66337,-0.00877409,-0.00443095,0.00778302,0.00116466
4.67327,-0.008818,-0.00443899,0.00779448,0.00115029
4.68317,-0.00886199,-0.00444706,0.0078058,0.00113583
4.69307,-0.00890606,-0.00445515,0.00781697,0.00112133
4.70297,-0.00895021,-0.00446325,0.007828,0.00110681
4.71287,-0.00899445,-0.00447134,0.00783889,0.00109232
4.72277,-0.00903876,-0.00447942,0.00784963,0.00107791
4.73267,-0.00908315,-0.00448747,0.00786023,0.0010636
4.74257,-0.00912762,-0.00449551,0.00787069,0.00104943
4.75248,-0.00917217,-0.00450353,0.00788101,0.00103545
4.76238,-0.0092168,-0.00451153,0.0078912,0.00102166
4.77228,-0.0092615,-0.00451952,0.00790125,0.00100808
4.78218,-0.00930629,-0.00452751,0.00791116,0.000994737
4.79208,-0.00935116,-0.00453548,0.00792094,0.000981623
4.80198,-0.0093961,-0.00454345,0.0079306,0.000968737
4.81188,-0.00944113,-0.00455141,0.00794013,0.000956071
4.82178,-0.00948623,-0.00455935,0.00794953,0.000943609
4.83168,-0.00953141,-0.00456726,0.00795882,0.000931334
4.84158,-0.00957667,-0.00457513,0.00796798,0.000919224
4.85149,-0.00962201,-0.00458291,0.00797702,0.000907256
4.86139,-0.00966742,-0.0045906,0.00798594,0.000895407
4.87129,-0.00971291,-0.00459817,0.00799475,0.000883656
4.88119,-0.00975847,-0.00460557,0.00800344,0.000871982
4.89109,-0.00980411,-0.00461278,0.00801202,0.00086037
4.90099,-0.00984981,-0.00461976,0.00802048,0.000848806
4.91089,-0.00989559,-0.00462648,0.00802883,0.000837281
4.92079,-0.00994143,-0.00463292,0.00803706,0.000825789
4.93069,-0.00998733,-0.00463905,0.00804518,0.000814328
4.94059,-0.0100333,-0.00464485,0.00805318,0.000802896
4.9505,-0.0100793,-0.00465033,0.00806108,0.000791496
4.9604,-0.0101254,-0.00465546,0.00806886,0.000780128
4.9703,-0.0101715,-0.00466027,0.00807652,0.000768794
4.9802,-0.0102177,-0.00466475,0.00808408,0.000757493
4.9901,-0.0102639,-0.00466894,0.00809152,0.00074622
5,-0.0103101,-0.00467284,0.00809886,0.000734967
5.0099,-0.0103564,-0.0046765,0.00810608,0.000723722
5.0198,-0.0104027,-0.00467993,0.00811319,0.000712469
5.0297,-0.0104491,-0.00468318,0.00812019,0.000701186
5.0396,-0.0104954,-0.00468628,0.00812707,0.000689849
5.0495,-0.0105419,-0.00468925,0.00813385,0.000678429
5.05941,-0.0105883,-0.00469212,0.00814051,0.000666895
5.06931,-0.0106348,-0.00469492,0.00814705,0.000655217
5.07921,-0.0106813,-0.00469768,0.00815348,0.000643363
5.08911,-0.0107278,-0.0047004,0.00815979,0.000631304
5.09901,-0.0107743,-0.0047031,0.00816598,0.000619014
5.10891,-0.0108209,-0.00470579,0.00817205,0.000606472
5.11881,-0.0108675,-0.00470847,0.00817799,0.000593661
5.12871,-0.0109142,-0.00471115,0.0081838,0.000580574
5.13861,-0.0109608,-0.00471382,0.00818948,0.000567207
5.14851,-0.0110075,-0.00471648,0.00819503,0.000553565
5.15842,-0.0110542,-0.00471914,0.00820044,0.000539661
5.16832,-0.011101,-0.0047218,0.00820572,0.000525513
5.17822,-0.0111477,-0.00472445,0.00821085,0.000511146
5.18812,-0.0111945,-0.00472712,0.00821584,0.000496587
5.19802,-0.0112413,-0.0047298,0.00822068,0.000481868
5.20792,-0.0112882,-0.00473252,0.00822538,0.000467023
5.21782,-0.011335,-0.00473529,0.00822993,0.000452085
5.22772,-0.0113819,-0.00473813,0.00823433,0.000437085
5.23762,-0.0114289,-0.00474108,0.00823858,0.000422053
5.24752,-0.0114758,-0.00474414,0.00824269,0.000407014
5.25743,-0.0115228,-0.00474735,0.00824664,0.000391989
5.26733,-0.0115698,-0.00475073,0.00825045,0.000376995
5.27723,-0.0116169,-0.0047543,0.00825411,0.000362042
5.28713,-0.011664,-0.00475806,0.00825762,0.000347137
5.29703,-0.0117111,-0.00476204,0.00826098,0.000332282
5.30693,-0.0117583,-0.00476622,0.0082642,0.000317477
5.31683,-0.0118055,-0.00477061,0.00826727,0.000302718
5.32673,-0.0118527,-0.00477519,0.00827019,0.000288
5.33663,-0.0119,-0.00477995,0.00827297,0.000273319
5.34653,-0.0119474,-0.00478486,0.00827561,0.000258671
5.35644,-0.0119948,-0.00478988,0.0082781,0.000244054
5.36634,-0.0120422,-0.00479499,0.00828044,0.000229471
5.37624,-0.0120897,-0.00480014,0.00828264,0.000214925
5.38614,-0.0121373,-0.0048053,0.0082847,0.000200425
5.39604,-0.0121849,-0.00481042,0.00828661,0.000185983
5.40594,-0.0122325,-0.00481546,0.00828838,0.000171613
5.41584,-0.0122802,-0.00482039,0.00829001,0.000157333
5.42574,-0.012328,-0.00482517,0.0082915,0.00014316
5.43564,-0.0123758,-0.00482979,0.00829284,0.000129115
5.44554,-0.0124236,-0.00483421,0.00829405,0.000115214
5.45545,-0.0124715,-0.00483842,0.00829513,0.000101473
5.46535,-0.0125194,-0.00484241,0.00829606,8.79018e-005
5.47525,-0.0125674,-0.00484618,0.00829687,7.45078e-005
5.48515,-0.0126154,-0.00484972,0.00829754,6.12915e-005
5.49505,-0.0126634,-0.00485304,0.00829808,4.82469e-005
5.50495,-0.0127115,-0.00485613,0.0082985,3.5362e-005
5.51485,-0.0127596,-0.00485901,0.00829878,2.26179e-005
5.52475,-0.0128077,-0.00486168,0.00829894,9.98979e-006
5.53465,-0.0128559,-0.00486414,0.00829898,-2.55209e-006
5.54455,-0.012904,-0.0048664,0.00829889,-1.50417e-005
5.55446,-0.0129522,-0.00486845,0.00829868,-2.75159e-005
5.56436,-0.0130004,-0.0048703,0.00829835,-4.00125e-005
5.57426,-0.0130487,-0.00487192,0.00829789,-5.25693e-005
5.58416,-0.0130969,-0.00487333,0.00829731,-6.52223e-005
5.59406,-0.0131452,-0.00487449,0.0082966,-7.80042e-005
5.60396,-0.0131934,-0.00487541,0.00829576,-9.09434e-005
5.61386,-0.0132417,-0.00487606,0.0082948,-0.000104063
5.62376,-0.01329,-0.00487643,0.0082937,-0.00011738
5.63366,-0.0133383,-0.00487651,0.00829247,-0.000130905
5.64356,-0.0133866,-0.0048763,0.00829111,-0.000144642
5.65347,-0.0134348,-0.00487579,0.00828961,-0.000158591
5.66337,-0.0134831,-0.00487499,0.00828797,-0.000172743
5.67327,-0.0135314,-0.0048739,0.00828618,-0.000187089
5.68317,-0.0135796,-0.00487254,0.00828426,-0.000201614
5.69307,-0.0136279,-0.00487092,0.00828219,-0.000216303
5.70297,-0.0136761,-0.00486909,0.00827998,-0.00023114
5.71287,-0.0137243,-0.00486706,0.00827761,-0.000246109
5.72277,-0.0137725,-0.00486488,0.0082751,-0.000261196
5.73267,-0.0138206,-0.00486258,0.00827244,-0.000276391
5.74257,-0.0138687,-0.00486021,0.00826963,-0.000291686
5.75248,-0.0139168,-0.0048578,0.00826666,-0.000307076
5.76238,-0.0139649,-0.00485539,0.00826355,-0.000322559
5.77228,-0.014013,-0.00485303,0.00826028,-0.000338137
5.78218,-0.014061,-0.00485073,0.00825685,-0.000353814
5.79208,-0.014109,-0.00484853,0.00825327,-0.000369593
5.80198,-0.014157,-0.00484644,0.00824953,-0.00038548
5.81188,-0.014205,-0.00484448,0.00824564,-0.000401477
5.82178,-0.014253,-0.00484264,0.00824158,-0.000417585
5.83168,-0.0143009,-0.00484094,0.00823737,-0.000433802
5.84158,-0.0143488,-0.00483937,0.00823299,-0.000450122
5.85149,-0.0143967,-0.0048379,0.00822845,-0.000466533
5.86139,-0.0144446,-0.00483654,0.00822375,-0.000483018
5.87129,-0.0144925,-0.00483526,0.00821889,-0.000499554
5.88119,-0.0145404,-0.00483405,0.00821386,-0.000516114
5.89109,-0.0145882,-0.00483288,0.00820867,-0.000532666
5.90099,-0.0146361,-0.00483175,0.00820331,-0.000549175
5.91089,-0.0146839,-0.00483064,0.00819779,-0.000565602
5.92079,-0.0147317,-0.00482954,0.00819211,-0.000581908
5.93069,-0.0147796,-0.00482844,0.00818627,-0.000598057
5.94059,-0.0148274,-0.00482734,0.00818027,-0.000614011
5.9505,-0.0148751,-0.00482625,0.00817411,-0.000629738
5.9604,-0.0149229,-0.00482515,0.0081678,-0.000645211
5.9703,-0.0149707,-0.00482407,0.00816134,-0.000660409
5.9802,-0.0150185,-0.004823,0.00815473,-0.000675317
5.9901,-0.0150662,-0.00482195,0.00814797,-0.000689927
6,-0.0151139,-0.00482092,0.00814107,-0.000704239
6.0099,-0.0151617,-0.00481992,0.00813402,-0.000718259
6.0198,-0.0152094,-0.00481893,0.00812684,-0.000732002
6.0297,-0.0152571,-0.00481796,0.00811953,-0.000745484
6.0396,-0.0153048,-0.00481698,0.00811208,-0.000758728
6.0495,-0.0153525,-0.00481599,0.00810451,-0.000771759
6.05941,-0.0154001,-0.00481496,0.0080968,-0.000784604
6.06931,-0.0154478,-0.00481387,0.00808897,-0.000797288
6.07921,-0.0154955,-0.00481268,0.00808101,-0.000809839
6.08911,-0.0155431,-0.00481136,0.00807293,-0.000822278
6.09901,-0.0155907,-0.00480988,0.00806473,-0.000834625
6.10891,-0.0156384,-0.00480821,0.00805641,-0.000846899
6.11881,-0.015686,-0.00480631,0.00804796,-0.00085911
6.12871,-0.0157335,-0.00480416,0.0080394,-0.000871269
6.13861,-0.0157811,-0.00480173,0.00803071,-0.00088338
6.14851,-0.0158286,-0.00479902,0.0080219,-0.000895448
6.15842,-0.0158761,-0.004796,0.00801298,-0.000907473
6.16832,-0.0159236,-0.00479267,0.00800393,-0.000919456
6.17822,-0.015971,-0.00478904,0.00799477,-0.0009314
6.18812,-0.0160184,-0.00478512,0.00798549,-0.000943307
6.19802,-0.0160658,-0.00478093,0.00797609,-0.000955184
6.20792,-0.0161131,-0.00477648,0.00796658,-0.000967039
6.21782,-0.0161604,-0.00477181,0.00795694,-0.000978887
6.22772,-0.0162076,-0.00476694,0.00794719,-0.000990745
6.23762,-0.0162547,-0.0047619,0.00793732,-0.00100264
6.24752,-0.0163019,-0.00475673,0.00792734,-0.00101459
6.25743,-0.0163489,-0.00475145,0.00791723,-0.00102662
6.26733,-0.016396,-0.0047461,0.00790701,-0.00103878
6.27723,-0.0164429,-0.00474068,0.00789666,-0.00105108
6.28713,-0.0164898,-0.00473523,0.00788619,-0.00106356
6.29703,-0.0165367,-0.00472975,0.0078756,-0.00107626
6.30693,-0.0165835,-0.00472425,0.00786488,-0.00108918
6.31683,-0.0166302,-0.00471875,0.00785403,-0.00110236
6.32673,-0.0166769,-0.00471324,0.00784305,-0.00111581
6.33663,-0.0167236,-0.00470772,0.00783193,-0.00112954
6.34653,-0.0167702,-0.00470218,0.00782068,-0.00114355
6.35644,-0.0168167,-0.00469663,0.00780929,-0.00115782
6.36634,-0.0168632,-0.00469107,0.00779775,-0.00117236
6.37624,-0.0169096,-0.00468548,0.00778607,-0.00118713
6.38614,-0.0169559,-0.00467988,0.00777424,-0.00120211
6.39604,-0.0170022,-0.00467427,0.00776227,-0.00121728
6.40594,-0.0170485,-0.00466865,0.00775014,-0.00123259
6.41584,-0.0170947,-0.00466304,0.00773786,-0.00124801
6.42574,-0.0171408,-0.00465746,0.00772543,-0.00126351
6.43564,-0.0171869,-0.00465191,0.00771284,-0.00127905
6.44554,-0.017233,-0.00464644,0.0077001,-0.0012946
6.45545,-0.0172789,-0.00464104,0.0076872,-0.00131014
6.46535,-0.0173249,-0.00463576,0.00767416,-0.00132563
6.47525,-0.0173707,-0.0046306,0.00766095,-0.00134106
6.48515,-0.0174166,-0.00462559,0.0076476,-0.00135641
6.49505,-0.0174623,-0.00462073,0.00763409,-0.00137169
6.50495,-0.0175081,-0.00461603,0.00762044,-0.00138687
6.51485,-0.0175537,-0.0046115,0.00760663,-0.00140197
6.52475,-0.0175994,-0.00460712,0.00759268,-0.00141697
6.53465,-0.017645,-0.00460289,0.00757857,-0.00143189
6.54455,-0.0176905,-0.00459878,0.00756432,-0.00144673
6.55446,-0.017736,-0.00459477,0.00754993,-0.00146147
6.56436,-0.0177815,-0.00459083,0.00753538,-0.00147614
6.57426,-0.0178269,-0.00458692,0.0075207,-0.00149071
6.58416,-0.0178723,-0.004583,0.00750586,-0.00150519
6.59406,-0.0179177,-0.00457903,0.00749089,-0.00151957
6.60396,-0.017963,-0.00457498,0.00747578,-0.00153382
6.61386,-0.0180083,-0.00457081,0.00746052,-0.00154794
6.62376,-0.0180535,-0.00456648,0.00744512,-0.00156189
6.63366,-0.0180987,-0.00456195,0.00742959,-0.00157567
6.64356,-0.0181439,-0.00455721,0.00741392,-0.00158926
6.65347,-0.0181889,-0.00455224,0.00739812,-0.00160263
6.66337,-0.018234,-0.00454702,0.00738219,-0.00161576
6.67327,-0.018279,-0.00454154,0.00736613,-0.00162865
6.68317,-0.0183239,-0.0045358,0.00734994,-0.00164128
6.69307,-0.0183688,-0.00452981,0.00733363,-0.00165366
6.70297,-0.0184136,-0.00452356,0.0073172,-0.00166579
6.71287,-0.0184584,-0.00451706,0.00730064,-0.00167767
6.72277,-0.0185031,-0.00451033,0.00728398,-0.00168934
6.73267,-0.0185477,-0.00450337,0.00726719,-0.0017008
6.74257,-0.0185922,-0.00449619,0.0072503,-0.0017121
6.75248,-0.0186367,-0.0044888,0.00723329,-0.00172326
6.76238,-0.0186811,-0.00448119,0.00721617,-0.00173433
6.77228,-0.0187255,-0.00447338,0.00719895,-0.00174533
6.78218,-0.0187697,-0.00446535,0.00718161,-0.00175631
6.79208,-0.0188139,-0.00445709,0.00716417,-0.00176729
6.80198,-0.018858,-0.00444861,0.00714662,-0.00177832
6.81188,-0.018902,-0.0044399,0.00712895,-0.00178943
6.82178,-0.0189459,-0.00443093,0.00711118,-0.00180063
6.83168,-0.0189897,-0.00442171,0.0070933,-0.00181194
6.84158,-0.0190334,-0.00441222,0.0070753,-0.00182337
6.85149,-0.0190771,-0.00440247,0.00705719,-0.00183493
6.86139,-0.0191206,-0.00439245,0.00703897,-0.00184662
6.87129,-0.0191641,-0.00438218,0.00702062,-0.00185843
6.88119,-0.0192074,-0.00437165,0.00700216,-0.00187035
6.89109,-0.0192506,-0.00436089,0.00698359,-0.00188236
6.90099,-0.0192937,-0.00434993,0.00696489,-0.00189446
6.91089,-0.0193368,-0.00433879,0.00694607,-0.00190663
6.92079,-0.0193797,-0.00432751,0.00692713,-0.00191885
6.93069,-0.0194225,-0.00431613,0.00690807,-0.00193111
6.94059,-0.0194651,-0.00430469,0.00688889,-0.0019434
6.9505,-0.0195077,-0.00429323,0.00686959,-0.00195572
6.9604,-0.0195501,-0.00428179,0.00685017,-0.00196806
6.9703,-0.0195925,-0.00427041,0.00683062,-0.00198043
6.9802,-0.0196347,-0.00425913,0.00681095,-0.00199281
6.9901,-0.0196768,-0.00424798,0.00679116,-0.00200524
7,-0.0197188,-0.00423698,0.00677124,-0.0020177
7.0099,-0.0197607,-0.00422617,0.0067512,-0.0020302
7.0198,-0.0198025,-0.00421554,0.00673104,-0.00204276
7.0297,-0.0198442,-0.0042051,0.00671075,-0.00205537
7.0396,-0.0198858,-0.00419485,0.00669034,-0.00206803
7.0495,-0.0199273,-0.00418479,0.0066698,-0.00208074
7.05941,-0.0199687,-0.00417491,0.00664914,-0.0020935
7.06931,-0.0200099,-0.00416518,0.00662835,-0.00210628
7.07921,-0.0200511,-0.0041556,0.00660743,-0.00211908
7.08911,-0.0200922,-0.00414614,0.00658638,-0.00213185
7.09901,-0.0201332,-0.00413678,0.00656521,-0.00214458
7.10891,-0.0201741,-0.00412752,0.00654392,-0.00215723
7.11881,-0.020215,-0.00411832,0.0065225,-0.00216976
7.12871,-0.0202557,-0.00410919,0.00650095,-0.00218215
7.13861,-0.0202963,-0.00410011,0.00647929,-0.00219435
7.14851,-0.0203369,-0.00409108,0.0064575,-0.00220633
7.15842,-0.0203773,-0.0040821,0.0064356,-0.00221807
7.16832,-0.0204177,-0.00407316,0.00641358,-0.00222953
7.17822,-0.020458,-0.00406428,0.00639145,-0.0022407
7.18812,-0.0204982,-0.00405544,0.00636921,-0.00225157
7.19802,-0.0205383,-0.00404666,0.00634687,-0.00226213
7.20792,-0.0205783,-0.00403794,0.00632442,-0.00227239
7.21782,-0.0206183,-0.00402927,0.00630187,-0.00228235
7.22772,-0.0206581,-0.00402066,0.00627922,-0.00229202
7.23762,-0.0206979,-0.00401208,0.00625648,-0.00230144
7.24752,-0.0207376,-0.00400352,0.00623365,-0.00231061
7.25743,-0.0207772,-0.00399497,0.00621073,-0.00231958
7.26733,-0.0208167,-0.0039864,0.00618772,-0.00232836
7.27723,-0.0208561,-0.00397777,0.00616463,-0.00233698
7.28713,-0.0208954,-0.00396907,0.00614144,-0.00234548
7.29703,-0.0209347,-0.00396025,0.00611818,-0.00235387
7.30693,-0.0209739,-0.00395129,0.00609483,-0.00236218
7.31683,-0.0210129,-0.00394213,0.00607141,-0.00237042
7.32673,-0.0210519,-0.00393276,0.0060479,-0.0023786
7.33663,-0.0210908,-0.00392314,0.0060243,-0.00238674
7.34653,-0.0211296,-0.00391324,0.00600063,-0.00239484
7.35644,-0.0211683,-0.00390306,0.00597688,-0.0024029
7.36634,-0.0212069,-0.00389257,0.00595305,-0.00241092
7.37624,-0.0212454,-0.00388177,0.00592914,-0.0024189
7.38614,-0.0212838,-0.00387067,0.00590515,-0.00242685
7.39604,-0.021322,-0.00385927,0.00588109,-0.00243475
7.40594,-0.0213602,-0.00384759,0.00585694,-0.00244263
7.41584,-0.0213982,-0.00383565,0.00583272,-0.00245048
7.42574,-0.0214361,-0.00382347,0.00580842,-0.00245832
7.43564,-0.0214739,-0.00381109,0.00578404,-0.00246616
7.44554,-0.0215116,-0.00379854,0.00575958,-0.00247402
7.45545,-0.0215491,-0.00378583,0.00573505,-0.00248193
7.46535,-0.0215866,-0.00377301,0.00571043,-0.0024899
7.47525,-0.0216239,-0.0037601,0.00568574,-0.00249797
7.48515,-0.021661,-0.00374712,0.00566097,-0.00250617
7.49505,-0.0216981,-0.00373409,0.00563611,-0.00251452
7.50495,-0.021735,-0.00372101,0.00561117,-0.00252305
7.51485,-0.0217717,-0.00370791,0.00558615,-0.00253177
7.52475,-0.0218084,-0.00369479,0.00556104,-0.00254072
7.53465,-0.0218449,-0.00368165,0.00553584,-0.00254989
7.54455,-0.0218813,-0.00366848,0.00551054,-0.00255929
7.55446,-0.0219176,-0.00365529,0.00548516,-0.00256893
7.56436,-0.0219537,-0.00364207,0.00545967,-0.00257878
7.57426,-0.0219897,-0.00362882,0.00543409,-0.00258883
7.58416,-0.0220255,-0.00361554,0.00540841,-0.00259906
7.59406,-0.0220613,-0.00360224,0.00538262,-0.00260944
7.60396,-0.0220969,-0.00358891,0.00535674,-0.00261993
7.61386,-0.0221323,-0.00357557,0.00533074,-0.0026305
7.62376,-0.0221677,-0.00356223,0.00530465,-0.00264112
7.63366,-0.0222029,-0.00354891,0.00527844,-0.00265173
7.64356,-0.0222379,-0.00353563,0.00525214,-0.0026623
7.65347,-0.0222729,-0.00352241,0.00522573,-0.00267281
7.66337,-0.0223077,-0.00350928,0.00519921,-0.00268322
7.67327,-0.0223424,-0.00349625,0.00517259,-0.0026935
7.68317,-0.0223769,-0.00348335,0.00514588,-0.00270363
7.69307,-0.0224114,-0.0034706,0.00511906,-0.00271361
7.70297,-0.0224457,-0.00345801,0.00509214,-0.00272341
7.71287,-0.0224798,-0.0034456,0.00506513,-0.00273303
7.72277,-0.0225139,-0.00343335,0.00503802,-0.00274248
7.73267,-0.0225478,-0.00342128,0.00501082,-0.00275174
7.74257,-0.0225816,-0.00340937,0.00498353,-0.00276083
7.75248,-0.0226153,-0.0033976,0.00495615,-0.00276974
7.76238,-0.0226489,-0.00338595,0.00492869,-0.00277848
7.77228,-0.0226824,-0.00337439,0.00490114,-0.00278704
7.78218,-0.0227157,-0.00336289,0.0048735,-0.00279542
7.79208,-0.022749,-0.00335141,0.00484578,-0.00280362
7.80198,-0.0227821,-0.00333991,0.00481798,-0.00281162
7.81188,-0.0228151,-0.00332837,0.00479011,-0.00281941
7.82178,-0.022848,-0.00331674,0.00476216,-0.00282699
7.83168,-0.0228808,-0.00330499,0.00473413,-0.00283432
7.84158,-0.0229135,-0.0032931,0.00470603,-0.00284139
7.85149,-0.022946,-0.00328104,0.00467787,-0.00284819
7.86139,-0.0229784,-0.00326879,0.00464963,-0.0028547
7.87129,-0.0230107,-0.00325635,0.00462134,-0.00286089
7.88119,-0.0230429,-0.00324371,0.00459298,-0.00286677
7.89109,-0.023075,-0.00323087,0.00456457,-0.00287233
7.90099,-0.0231069,-0.00321784,0.00453611,-0.00287757
7.91089,-0.0231387,-0.00320461,0.00450759,-0.00288249
7.92079,-0.0231703,-0.00319121,0.00447903,-0.00288711
7.93069,-0.0232019,-0.00317765,0.00445042,-0.00289145
7.94059,-0.0232333,-0.00316393,0.00442177,-0.00289555
7.9505,-0.0232645,-0.00315007,0.00439309,-0.00289942
7.9604,-0.0232956,-0.00313607,0.00436436,-0.00290311
7.9703,-0.0233266,-0.00312194,0.0043356,-0.00290666
7.9802,-0.0233575,-0.00310768,0.0043068,-0.0029101
7.9901,-0.0233882,-0.0030933,0.00427797,-0.00291348
8,-0.0234187,-0.00307877,0.00424911,-0.00291684
8.0099,-0.0234491,-0.00306411,0.00422022,-0.00292021
8.0198,-0.0234794,-0.0030493,0.00419129,-0.00292363
8.0297,-0.0235095,-0.00303434,0.00416232,-0.00292711
8.0396,-0.0235395,-0.00301921,0.00413332,-0.00293069
8.0495,-0.0235693,-0.0030039,0.00410429,-0.00293436
8.05941,-0.023599,-0.00298842,0.00407522,-0.00293815
8.06931,-0.0236285,-0.00297277,0.00404611,-0.00294205
8.07921,-0.0236578,-0.00295695,0.00401696,-0.00294606
8.08911,-0.023687,-0.00294098,0.00398777,-0.00295016
8.09901,-0.0237161,-0.00292487,0.00395854,-0.00295436
8.10891,-0.0237449,-0.00290864,0.00392926,-0.00295863
8.11881,-0.0237736,-0.00289232,0.00389995,-0.00296297
8.12871,-0.0238022,-0.00287595,0.00387059,-0.00296736
8.13861,-0.0238306,-0.00285956,0.00384119,-0.0029718
8.14851,-0.0238588,-0.0028432,0.00381174,-0.00297626
8.15842,-0.0238869,-0.0028269,0.00378225,-0.00298076
8.16832,-0.0239148,-0.0028107,0.00375272,-0.00298528
8.17822,-0.0239426,-0.00279464,0.00372314,-0.00298984
8.18812,-0.0239701,-0.00277876,0.00369351,-0.00299443
8.19802,-0.0239976,-0.00276307,0.00366384,-0.00299906
8.20792,-0.0240249,-0.00274762,0.00363413,-0.00300374
8.21782,-0.024052,-0.0027324,0.00360436,-0.00300848
8.22772,-0.024079,-0.00271743,0.00357455,-0.00301329
8.23762,-0.0241058,-0.00270271,0.00354469,-0.00301816
8.24752,-0.0241325,-0.00268825,0.00351479,-0.00302311
8.25743,-0.024159,-0.00267401,0.00348483,-0.00302812
8.26733,-0.0241854,-0.00266001,0.00345482,-0.00303319
8.27723,-0.0242117,-0.0026462,0.00342477,-0.0030383
8.28713,-0.0242378,-0.00263258,0.00339466,-0.00304344
8.29703,-0.0242638,-0.00261912,0.0033645,-0.00304857
8.30693,-0.0242897,-0.0026058,0.00333429,-0.00305368
8.31683,-0.0243154,-0.00259259,0.00330403,-0.00305873
8.32673,-0.024341,-0.00257949,0.00327372,-0.00306368
8.33663,-0.0243665,-0.00256646,0.00324337,-0.00306849
8.34653,-0.0243919,-0.00255352,0.00321296,-0.00307314
8.35644,-0.0244171,-0.00254063,0.00318251,-0.00307759
8.36634,-0.0244422,-0.00252781,0.00315202,-0.0030818
8.37624,-0.0244671,-0.00251504,0.00312149,-0.00308576
8.38614,-0.024492,-0.00250233,0.00309092,-0.00308943
8.39604,-0.0245167,-0.00248968,0.00306031,-0.00309282
8.40594,-0.0245413,-0.00247708,0.00302967,-0.00309591
8.41584,-0.0245657,-0.00246454,0.00299901,-0.00309871
8.42574,-0.0245901,-0.00245205,0.00296832,-0.00310121
8.43564,-0.0246143,-0.0024396,0.0029376,-0.00310345
8.44554,-0.0246384,-0.00242719,0.00290686,-0.00310542
8.45545,-0.0246624,-0.0024148,0.00287611,-0.00310717
8.46535,-0.0246862,-0.00240239,0.00284534,-0.0031087
8.47525,-0.0247099,-0.00238996,0.00281455,-0.00311006
8.48515,-0.0247335,-0.00237747,0.00278375,-0.00311126
8.49505,-0.024757,-0.00236489,0.00275294,-0.00311232
8.50495,-0.0247804,-0.00235218,0.00272212,-0.00311328
8.51485,-0.0248036,-0.00233931,0.00269129,-0.00311415
8.52475,-0.0248267,-0.00232624,0.00266046,-0.00311494
8.53465,-0.0248497,-0.00231294,0.00262961,-0.00311566
8.54455,-0.0248725,-0.00229938,0.00259876,-0.00311632
8.55446,-0.0248952,-0.00228555,0.0025679,-0.00311693
8.56436,-0.0249177,-0.00227142,0.00253704,-0.00311747
8.57426,-0.0249402,-0.00225697,0.00250617,-0.00311796
8.58416,-0.0249624,-0.00224222,0.0024753,-0.00311838
8.59406,-0.0249846,-0.00222716,0.00244442,-0.00311874
8.60396,-0.0250065,-0.0022118,0.00241354,-0.00311904
8.61386,-0.0250284,-0.00219616,0.00238266,-0.00311927
8.62376,-0.02505,-0.00218027,0.00235177,-0.00311944
8.63366,-0.0250715,-0.00216416,0.00232089,-0.00311955
8.64356,-0.0250929,-0.00214784,0.00229,-0.00311963
8.65347,-0.0251141,-0.00213137,0.00225911,-0.00311969
8.66337,-0.0251351,-0.00211476,0.00222822,-0.00311974
8.67327,-0.0251559,-0.00209806,0.00219733,-0.00311982
8.68317,-0.0251766,-0.00208128,0.00216644,-0.00311995
8.69307,-0.0251972,-0.00206446,0.00213555,-0.00312014
8.70297,-0.0252175,-0.00204761,0.00210466,-0.00312044
8.71287,-0.0252377,-0.00203076,0.00207376,-0.00312086
8.72277,-0.0252577,-0.00201391,0.00204286,-0.00312142
8.73267,-0.0252776,-0.00199707,0.00201195,-0.00312214
8.74257,-0.0252973,-0.00198025,0.00198103,-0.00312302
8.75248,-0.0253168,-0.00196345,0.00195011,-0.00312408
8.76238,-0.0253361,-0.00194667,0.00191917,-0.0031253
8.77228,-0.0253553,-0.00192991,0.00188822,-0.00312667
8.78218,-0.0253744,-0.00191316,0.00185726,-0.00312818
8.79208,-0.0253932,-0.00189644,0.00182628,-0.0031298
8.80198,-0.0254119,-0.00187975,0.00179528,-0.00313151
8.81188,-0.0254304,-0.0018631,0.00176426,-0.00313327
8.82178,-0.0254488,-0.00184649,0.00173323,-0.00313504
8.83168,-0.025467,-0.00182994,0.00170219,-0.00313678
8.84158,-0.025485,-0.00181348,0.00167112,-0.00313846
8.85149,-0.0255029,-0.00179712,0.00164004,-0.00314005
8.86139,-0.0255206,-0.0017809,0.00160894,-0.0031415
8.87129,-0.0255382,-0.00176483,0.00157783,-0.0031428
8.88119,-0.0255556,-0.00174894,0.00154671,-0.00314391
8.89109,-0.0255728,-0.00173325,0.00151558,-0.00314482
8.90099,-0.0255899,-0.00171778,0.00148444,-0.00314551
8.91089,-0.0256068,-0.00170256,0.00145329,-0.00314599
8.92079,-0.0256236,-0.00168758,0.00142214,-0.00314624
8.93069,-0.0256403,-0.00167286,0.00139099,-0.00314626
8.94059,-0.0256567,-0.00165839,0.00135984,-0.00314606
8.9505,-0.0256731,-0.00164415,0.00132869,-0.00314565
8.9604,-0.0256893,-0.00163015,0.00129755,-0.00314502
8.9703,-0.0257054,-0.00161634,0.00126642,-0.00314418
8.9802,-0.0257213,-0.00160271,0.00123529,-0.00314314
8.9901,-0.0257371,-0.00158921,0.00120418,-0.0031419
9,-0.0257528,-0.00157583,0.00117308,-0.00314045
9.0099,-0.0257683,-0.00156251,0.00114199,-0.00313879
9.0198,-0.0257837,-0.00154922,0.00111092,-0.00313691
9.0297,-0.025799,-0.00153594,0.00107987,-0.00313479
9.0396,-0.0258141,-0.00152261,0.00104885,-0.00313243
9.0495,-0.0258292,-0.00150923,0.00101785,-0.00312981
9.05941,-0.025844,-0.00149576,0.000986873,-0.00312691
9.06931,-0.0258588,-0.00148219,0.000955929,-0.00312373
9.07921,-0.0258734,-0.00146851,0.000925019,-0.00312025
9.08911,-0.0258878,-0.00145471,0.000894144,-0.00311646
9.09901,-0.0259022,-0.00144078,0.000863308,-0.00311237
9.10891,-0.0259164,-0.00142675,0.000832514,-0.00310797
9.11881,-0.0259304,-0.0014126,0.000801765,-0.00310329
9.12871,-0.0259443,-0.00139836,0.000771064,-0.00309833
9.13861,-0.0259581,-0.00138403,0.000740414,-0.00309312
9.14851,-0.0259718,-0.00136962,0.000709815,-0.0030877
9.15842,-0.0259852,-0.00135515,0.000679272,-0.00308209
9.16832,-0.0259986,-0.00134061,0.000648785,-0.00307633
9.17822,-0.0260118,-0.00132601,0.000618355,-0.00307047
9.18812,-0.0260248,-0.00131135,0.000587984,-0.00306455
9.19802,-0.0260378,-0.00129663,0.000557671,-0.00305861
9.20792,-0.0260505,-0.00128185,0.000527417,-0.00305269
9.21782,-0.0260631,-0.00126699,0.000497221,-0.00304683
9.22772,-0.0260756,-0.00125204,0.000467083,-0.00304105
9.23762,-0.0260879,-0.001237,0.000437002,-0.0030354
9.24752,-0.0261001,-0.00122185,0.000406976,-0.00302987
9.25743,-0.0261121,-0.00120659,0.000377004,-0.0030245
9.26733,-0.026124,-0.00119121,0.000347084,-0.00301929
9.27723,-0.0261357,-0.0011757,0.000317215,-0.00301423
9.28713,-0.0261473,-0.00116008,0.000287395,-0.00300933
9.29703,-0.0261587,-0.00114434,0.000257624,-0.00300457
9.30693,-0.0261699,-0.00112852,0.000227898,-0.00299995
9.31683,-0.026181,-0.00111262,0.000198218,-0.00299544
9.32673,-0.026192,-0.00109667,0.000168582,-0.00299104
9.33663,-0.0262027,-0.0010807,0.000138989,-0.00298674
9.34653,-0.0262134,-0.00106476,0.000109439,-0.00298251
9.35644,-0.0262238,-0.00104886,7.99293e-005,-0.00297835
9.36634,-0.0262341,-0.00103306,5.04609e-005,-0.00297426
9.37624,-0.0262443,-0.00101739,2.10327e-005,-0.00297023
9.38614,-0.0262543,-0.00100188,-8.35585e-006,-0.00296626
9.39604,-0.0262641,-0.000986569,-3.77054e-005,-0.00296235
9.40594,-0.0262738,-0.000971476,-6.70166e-005,-0.00295851
9.41584,-0.0262834,-0.000956624,-9.62902e-005,-0.00295474
9.42574,-0.0262928,-0.000942026,-0.000125527,-0.00295106
9.43564,-0.026302,-0.000927691,-0.000154727,-0.00294745
9.44554,-0.0263111,-0.000913616,-0.000183893,-0.00294393
9.45545,-0.0263201,-0.000899798,-0.000213023,-0.00294049
9.46535,-0.026329,-0.000886223,-0.00024212,-0.00293712
9.47525,-0.0263377,-0.000872874,-0.000271184,-0.00293382
9.48515,-0.0263462,-0.000859732,-0.000300216,-0.00293057
9.49505,-0.0263547,-0.000846775,-0.000329216,-0.00292734
9.50495,-0.026363,-0.000833978,-0.000358183,-0.00292412
9.51485,-0.0263712,-0.000821319,-0.000387119,-0.00292085
9.52475,-0.0263793,-0.000808776,-0.000416022,-0.00291752
9.53465,-0.0263872,-0.000796332,-0.000444891,-0.00291409
9.54455,-0.026395,-0.00078397,-0.000473726,-0.00291051
9.55446,-0.0264027,-0.000771678,-0.000502524,-0.00290675
9.56436,-0.0264103,-0.000759449,-0.000531284,-0.00290277
9.57426,-0.0264178,-0.000747279,-0.000560003,-0.00289854
9.58416,-0.0264251,-0.000735164,-0.000588679,-0.00289403
9.59406,-0.0264323,-0.000723106,-0.000617309,-0.00288922
9.60396,-0.0264394,-0.000711107,-0.00064589,-0.0028841
9.61386,-0.0264464,-0.000699167,-0.000674419,-0.00287866
9.62376,-0.0264533,-0.000687287,-0.000702892,-0.0028729
9.63366,-0.02646,-0.000675464,-0.000731306,-0.00286683
9.64356,-0.0264667,-0.000663693,-0.000759659,-0.00286045
9.65347,-0.0264732,-0.000651964,-0.000787947,-0.00285379
9.66337,-0.0264796,-0.000640264,-0.000816169,-0.00284687
9.67327,-0.0264859,-0.000628575,-0.00084432,-0.00283971
9.68317,-0.026492,-0.000616872,-0.000872399,-0.00283234
9.69307,-0.0264981,-0.000605131,-0.000900405,-0.00282478
9.70297,-0.026504,-0.00059332,-0.000928335,-0.00281706
9.71287,-0.0265098,-0.000581409,-0.000956188,-0.0028092
9.72277,-0.0265155,-0.000569367,-0.000983962,-0.00280121
9.73267,-0.0265211,-0.000557161,-0.00101166,-0.00279312
9.74257,-0.0265266,-0.000544764,-0.00103927,-0.00278493
9.75248,-0.0265319,-0.000532151,-0.0010668,-0.00277664
9.76238,-0.0265371,-0.000519301,-0.00109425,-0.00276827
9.77228,-0.0265422,-0.000506203,-0.00112162,-0.00275982
9.78218,-0.0265471,-0.000492848,-0.0011489,-0.00275127
9.79208,-0.0265519,-0.000479238,-0.0011761,-0.00274263
9.80198,-0.0265566,-0.000465381,-0.00120321,-0.0027339
9.81188,-0.0265611,-0.000451291,-0.00123024,-0.00272507
9.82178,-0.0265655,-0.000436991,-0.00125717,-0.00271615
9.83168,-0.0265698,-0.000422507,-0.00128402,-0.00270715
9.84158,-0.0265739,-0.00040787,-0.00131078,-0.00269808
9.85149,-0.0265779,-0.000393116,-0.00133745,-0.00268894
9.86139,-0.0265817,-0.000378278,-0.00136403,-0.00267976
9.87129,-0.0265854,-0.000363393,-0.00139051,-0.00267056
9.88119,-0.0265889,-0.000348494,-0.00141691,-0.00266136
9.89109,-0.0265923,-0.000333613,-0.00144321,-0.0026522
