0,19.19,-0.00106251,-0.0141584,-1.43
0.00990099,19.19,-0.00212501,-0.0283168,-1.43
0.019802,19.19,-0.00318751,-0.0424752,-1.43
0.029703,19.1899,-0.00425,-0.0566336,-1.42999
0.039604,19.1899,-0.00531249,-0.0707919,-1.42999
0.049505,19.1898,-0.00637498,-0.0849502,-1.42999
0.0594059,19.1897,-0.00743746,-0.0991084,-1.42998
0.0693069,19.1897,-0.00849993,-0.113267,-1.42997
0.0792079,19.1896,-0.0095624,-0.127425,-1.42997
0.0891089,19.1895,-0.0106249,-0.141583,-1.42996
0.0990099,19.1894,-0.0116873,-0.155741,-1.42995
0.108911,19.1892,-0.0127498,-0.169899,-1.42994
0.118812,19.1891,-0.0138122,-0.184056,-1.42993
0.128713,19.189,-0.0148746,-0.198214,-1.42992
0.138614,19.1888,-0.015937,-0.212372,-1.42991
0.148515,19.1887,-0.0169994,-0.226529,-1.4299
0.158416,19.1885,-0.0180618,-0.240687,-1.42988
0.168317,19.1883,-0.0191242,-0.254844,-1.42987
0.178218,19.1881,-0.0201866,-0.269001,-1.42986
0.188119,19.1879,-0.0212489,-0.283158,-1.42984
0.19802,19.1877,-0.0223113,-0.297314,-1.42982
0.207921,19.1875,-0.0233736,-0.311471,-1.42981
0.217822,19.1872,-0.0244359,-0.325628,-1.42979
0.227723,19.187,-0.0254982,-0.339784,-1.42977
0.237624,19.1867,-0.0265605,-0.35394,-1.42975
0.247525,19.1864,-0.0276228,-0.368096,-1.42973
0.257426,19.1862,-0.028685,-0.382251,-1.42971
0.267327,19.1859,-0.0297473,-0.396407,-1.42969
0.277228,19.1856,-0.0308095,-0.410562,-1.42967
0.287129,19.1853,-0.0318717,-0.424717,-1.42964
0.29703,19.1849,-0.0329339,-0.438872,-1.42962
0.306931,19.1846,-0.033996,-0.453026,-1.42959
0.316832,19.1843,-0.0350582,-0.467181,-1.42957
0.326733,19.1839,-0.0361203,-0.481335,-1.42954
0.336634,19.1836,-0.0371824,-0.495488,-1.42952
0.346535,19.1832,-0.0382444,-0.509642,-1.42949
0.356436,19.1828,-0.0393065,-0.523795,-1.42946
0.366337,19.1824,-0.0403685,-0.537948,-1.42943
0.376238,19.182,-0.0414305,-0.552101,-1.4294
0.386139,19.1816,-0.0424925,-0.566253,-1.42937
0.39604,19.1812,-0.0435545,-0.580405,-1.42934
0.405941,19.1807,-0.0446164,-0.594557,-1.4293
0.415842,19.1803,-0.0456783,-0.608708,-1.42927
0.425743,19.1798,-0.0467402,-0.622859,-1.42924
0.435644,19.1793,-0.0478021,-0.63701,-1.4292
0.445545,19.1789,-0.0488639,-0.65116,-1.42917
0.455446,19.1784,-0.0499257,-0.66531,-1.42913
0.465347,19.1779,-0.0509875,-0.67946,-1.42909
0.475248,19.1774,-0.0520492,-0.693609,-1.42905
0.485149,19.1769,-0.0531109,-0.707758,-1.42901
0.49505,19.1763,-0.0541726,-0.721906,-1.42898
0.50495,19.1758,-0.0552343,-0.736054,-1.42893
0.514851,19.1752,-0.0562959,-0.750202,-1.42889
0.524752,19.1747,-0.0573575,-0.764349,-1.42885
0.534653,19.1741,-0.0584191,-0.778496,-1.42881
0.544554,19.1735,-0.0594806,-0.792642,-1.42877
0.554455,19.1729,-0.0605421,-0.806788,-1.42872
0.564356,19.1723,-0.0616035,-0.820934,-1.42868
0.574257,19.1717,-0.062665,-0.835079,-1.42863
0.584158,19.1711,-0.0637264,-0.849224,-1.42858
0.594059,19.1704,-0.0647877,-0.863368,-1.42854
0.60396,19.1698,-0.065849,-0.877511,-1.42849
0.613861,19.1691,-0.0669103,-0.891655,-1.42844
0.623762,19.1685,-0.0679716,-0.905797,-1.42839
0.633663,19.1678,-0.0690328,-0.91994,-1.42834
0.643564,19.1671,-0.0700939,-0.934081,-1.42829
0.653465,19.1664,-0.0711551,-0.948222,-1.42823
0.663366,19.1657,-0.0722162,-0.962363,-1.42818
0.673267,19.165,-0.0732772,-0.976503,-1.42813
0.683168,19.1642,-0.0743382,-0.990643,-1.42807
0.693069,19.1635,-0.0753992,-1.00478,-1.42802
0.70297,19.1627,-0.0764601,-1.01892,-1.42796
0.712871,19.162,-0.077521,-1.03306,-1.42791
0.722772,19.1612,-0.0785818,-1.0472,-1.42785
0.732673,19.1604,-0.0796426,-1.06133,-1.42779
0.742574,19.1596,-0.0807034,-1.07547,-1.42773
0.752475,19.1588,-0.0817641,-1.0896,-1.42767
0.762376,19.158,-0.0828248,-1.10374,-1.42761
0.772277,19.1572,-0.0838854,-1.11787,-1.42755
0.782178,19.1563,-0.084946,-1.13201,-1.42749
0.792079,19.1555,-0.0860065,-1.14614,-1.42742
0.80198,19.1546,-0.087067,-1.16027,-1.42736
0.811881,19.1538,-0.0881274,-1.17441,-1.42729
0.821782,19.1529,-0.0891878,-1.18854,-1.42723
0.831683,19.152,-0.0902481,-1.20267,-1.42716
0.841584,19.1511,-0.0913084,-1.2168,-1.42709
0.851485,19.1502,-0.0923686,-1.23093,-1.42703
0.861386,19.1493,-0.0934288,-1.24506,-1.42696
0.871287,19.1484,-0.094489,-1.25918,-1.42689
0.881188,19.1474,-0.095549,-1.27331,-1.42682
0.891089,19.1465,-0.0966091,-1.28744,-1.42675
0.90099,19.1455,-0.097669,-1.30156,-1.42668
0.910891,19.1445,-0.098729,-1.31569,-1.4266
0.920792,19.1435,-0.0997888,-1.32981,-1.42653
0.930693,19.1426,-0.100849,-1.34394,-1.42646
0.940594,19.1415,-0.101908,-1.35806,-1.42638
0.950495,19.1405,-0.102968,-1.37218,-1.42631
0.960396,19.1395,-0.104028,-1.3863,-1.42623
0.970297,19.1385,-0.105087,-1.40042,-1.42615
0.980198,19.1374,-0.106147,-1.41454,-1.42607
0.990099,19.1364,-0.107206,-1.42866,-1.426
1,19.1353,-0.108266,-1.44278,-1.42592
1.0099,19.1342,-0.109325,-1.4569,-1.42584
1.0198,19.1331,-0.110384,-1.47102,-1.42576
1.0297,19.132,-0.111444,-1.48513,-1.42567
1.0396,19.1309,-0.112503,-1.49925,-1.42559
1.0495,19.1298,-0.113562,-1.51336,-1.42551
1.05941,19.1287,-0.114621,-1.52747,-1.42542
1.06931,19.1275,-0.11568,-1.54159,-1.42534
1.07921,19.1264,-0.116739,-1.5557,-1.42525
1.08911,19.1252,-0.117798,-1.56981,-1.42517
1.09901,19.1241,-0.118857,-1.58392,-1.42508
1.10891,19.1229,-0.119915,-1.59803,-1.42499
1.11881,19.1217,-0.120974,-1.61214,-1.4249
1.12871,19.1205,-0.122033,-1.62625,-1.42481
1.13861,19.1193,-0.123091,-1.64035,-1.42472
1.14851,19.118,-0.12415,-1.65446,-1.42463
1.15842,19.1168,-0.125208,-1.66856,-1.42454
1.16832,19.1156,-0.126266,-1.68267,-1.42445
1.17822,19.1143,-0.127325,-1.69677,-1.42435
1.18812,19.113,-0.128383,-1.71087,-1.42426
1.19802,19.1118,-0.129441,-1.72497,-1.42416
1.20792,19.1105,-0.130499,-1.73907,-1.42407
1.21782,19.1092,-0.131557,-1.75317,-1.42397
1.22772,19.1079,-0.132615,-1.76727,-1.42387
1.23762,19.1066,-0.133673,-1.78137,-1.42377
1.24752,19.1052,-0.13473,-1.79546,-1.42367
1.25743,19.1039,-0.135788,-1.80956,-1.42358
1.26733,19.1025,-0.136846,-1.82365,-1.42347
1.27723,19.1012,-0.137903,-1.83775,-1.42337
1.28713,19.0998,-0.138961,-1.85184,-1.42327
1.29703,19.0984,-0.140018,-1.86593,-1.42317
1.30693,19.097,-0.141075,-1.88002,-1.42306
1.31683,19.0956,-0.142133,-1.89411,-1.42296
1.32673,19.0942,-0.14319,-1.9082,-1.42285
1.33663,19.0928,-0.144247,-1.92228,-1.42275
1.34653,19.0914,-0.145304,-1.93637,-1.42264
1.35644,19.0899,-0.146361,-1.95046,-1.42253
1.36634,19.0885,-0.147418,-1.96454,-1.42243
1.37624,19.087,-0.148475,-1.97862,-1.42232
1.38614,19.0855,-0.149531,-1.9927,-1.42221
1.39604,19.084,-0.150588,-2.00679,-1.4221
1.40594,19.0825,-0.151644,-2.02086,-1.42198
1.41584,19.081,-0.152701,-2.03494,-1.42187
1.42574,19.0795,-0.153757,-2.04902,-1.42176
1.43564,19.078,-0.154813,-2.0631,-1.42165
1.44554,19.0765,-0.15587,-2.07717,-1.42153
1.45545,19.0749,-0.156926,-2.09125,-1.42142
1.46535,19.0733,-0.157982,-2.10532,-1.4213
1.47525,19.0718,-0.159038,-2.11939,-1.42118
1.48515,19.0702,-0.160094,-2.13346,-1.42106
1.49505,19.0686,-0.161149,-2.14753,-1.42095
1.50495,19.067,-0.162205,-2.1616,-1.42083
1.51485,19.0654,-0.163261,-2.17567,-1.42071
1.52475,19.0638,-0.164316,-2.18973,-1.42059
1.53465,19.0621,-0.165372,-2.2038,-1.42046
1.54455,19.0605,-0.166427,-2.21786,-1.42034
1.55446,19.0588,-0.167482,-2.23192,-1.42022
1.56436,19.0572,-0.168537,-2.24598,-1.42009
1.57426,19.0555,-0.169592,-2.26004,-1.41997
1.58416,19.0538,-0.170647,-2.2741,-1.41984
1.59406,19.0521,-0.171702,-2.28816,-1.41972
1.60396,19.0504,-0.172757,-2.30221,-1.41959
1.61386,19.0487,-0.173812,-2.31627,-1.41946
1.62376,19.047,-0.174866,-2.33032,-1.41933
1.63366,19.0452,-0.175921,-2.34437,-1.41921
1.64356,19.0435,-0.176975,-2.35843,-1.41908
1.65347,19.0417,-0.178029,-2.37248,-1.41894
1.66337,19.04,-0.179084,-2.38652,-1.41881
1.67327,19.0382,-0.180138,-2.40057,-1.41868
1.68317,19.0364,-0.181192,-2.41462,-1.41855
1.69307,19.0346,-0.182246,-2.42866,-1.41841
1.70297,19.0328,-0.183299,-2.4427,-1.41828
1.71287,19.031,-0.184353,-2.45675,-1.41814
1.72277,19.0291,-0.185407,-2.47079,-1.41801
1.73267,19.0273,-0.18646,-2.48482,-1.41787
1.74257,19.0255,-0.187514,-2.49886,-1.41773
1.75248,19.0236,-0.188567,-2.5129,-1.41759
1.76238,19.0217,-0.18962,-2.52693,-1.41745
1.77228,19.0198,-0.190673,-2.54097,-1.41731
1.78218,19.0179,-0.191726,-2.555,-1.41717
1.79208,19.016,-0.192779,-2.56903,-1.41703
1.80198,19.0141,-0.193832,-2.58306,-1.41689
1.81188,19.0122,-0.194885,-2.59709,-1.41674
1.82178,19.0103,-0.195937,-2.61111,-1.4166
1.83168,19.0083,-0.19699,-2.62514,-1.41645
1.84158,19.0064,-0.198042,-2.63916,-1.41631
1.85149,19.0044,-0.199094,-2.65318,-1.41616
1.86139,19.0024,-0.200146,-2.6672,-1.41602
1.87129,19.0004,-0.201198,-2.68122,-1.41587
1.88119,18.9984,-0.20225,-2.69524,-1.41572
1.89109,18.9964,-0.203302,-2.70926,-1.41557
1.90099,18.9944,-0.204354,-2.72327,-1.41542
1.91089,18.9924,-0.205406,-2.73729,-1.41527
1.92079,18.9904,-0.206457,-2.7513,-1.41512
1.93069,18.9883,-0.207508,-2.76531,-1.41496
1.94059,18.9862,-0.20856,-2.77932,-1.41481
1.9505,18.9842,-0.209611,-2.79332,-1.41465
1.9604,18.9821,-0.210662,-2.80733,-1.4145
1.9703,18.98,-0.211713,-2.82133,-1.41434
1.9802,18.9779,-0.212764,-2.83534,-1.41419
1.9901,18.9758,-0.213814,-2.84934,-1.41403
2,18.9737,-0.214865,-2.86334,-1.41387
2.0099,18.9715,-0.215915,-2.87734,-1.41371
2.0198,18.9694,-0.216966,-2.89133,-1.41355
2.0297,18.9672,-0.218016,-2.90533,-1.41339
2.0396,18.9651,-0.219066,-2.91932,-1.41323
2.0495,18.9629,-0.220116,-2.93331,-1.41307
2.05941,18.9607,-0.221166,-2.9473,-1.41291
2.06931,18.9585,-0.222216,-2.96129,-1.41274
2.07921,18.9563,-0.223265,-2.97528,-1.41258
2.08911,18.9541,-0.224315,-2.98926,-1.41241
2.09901,18.9519,-0.225364,-3.00324,-1.41225
2.10891,18.9496,-0.226414,-3.01723,-1.41208
2.11881,18.9474,-0.227463,-3.03121,-1.41191
2.12871,18.9451,-0.228512,-3.04519,-1.41175
2.13861,18.9429,-0.229561,-3.05916,-1.41158
2.14851,18.9406,-0.230609,-3.07314,-1.41141
2.15842,18.9383,-0.231658,-3.08711,-1.41124
2.16832,18.936,-0.232707,-3.10108,-1.41107
2.17822,18.9337,-0.233755,-3.11505,-1.41089
2.18812,18.9314,-0.234803,-3.12902,-1.41072
2.19802,18.929,-0.235851,-3.14299,-1.41055
2.20792,18.9267,-0.236899,-3.15695,-1.41037
2.21782,18.9243,-0.237947,-3.17092,-1.4102
2.22772,18.922,-0.238995,-3.18488,-1.41002
2.23762,18.9196,-0.240043,-3.19884,-1.40985
2.24752,18.9172,-0.24109,-3.2128,-1.40967
2.25743,18.9148,-0.242138,-3.22675,-1.40949
2.26733,18.9124,-0.243185,-3.24071,-1.40931
2.27723,18.91,-0.244232,-3.25466,-1.40913
2.28713,18.9076,-0.245279,-3.26861,-1.40895
2.29703,18.9052,-0.246326,-3.28256,-1.40877
2.30693,18.9027,-0.247372,-3.29651,-1.40859
2.31683,18.9003,-0.248419,-3.31045,-1.4084
2.32673,18.8978,-0.249465,-3.3244,-1.40822
2.33663,18.8953,-0.250512,-3.33834,-1.40804
2.34653,18.8928,-0.251558,-3.35228,-1.40785
2.35644,18.8903,-0.252604,-3.36622,-1.40766
2.36634,18.8878,-0.25365,-3.38015,-1.40748
2.37624,18.8853,-0.254696,-3.39409,-1.40729
2.38614,18.8828,-0.255741,-3.40802,-1.4071
2.39604,18.8803,-0.256787,-3.42195,-1.40691
2.40594,18.8777,-0.257832,-3.43588,-1.40672
2.41584,18.8752,-0.258877,-3.44981,-1.40653
2.42574,18.8726,-0.259922,-3.46373,-1.40634
2.43564,18.87,-0.260967,-3.47765,-1.40615
2.44554,18.8674,-0.262012,-3.49157,-1.40596
2.45545,18.8648,-0.263057,-3.50549,-1.40576
2.46535,18.8622,-0.264101,-3.51941,-1.40557
2.47525,18.8596,-0.265146,-3.53333,-1.40537
2.48515,18.857,-0.26619,-3.54724,-1.40518
2.49505,18.8543,-0.267234,-3.56115,-1.40498
2.50495,18.8517,-0.268278,-3.57506,-1.40478
2.51485,18.849,-0.269322,-3.58897,-1.40458
2.52475,18.8463,-0.270365,-3.60288,-1.40439
2.53465,18.8437,-0.271409,-3.61678,-1.40419
2.54455,18.841,-0.272452,-3.63068,-1.40399
2.55446,18.8383,-0.273495,-3.64458,-1.40378
2.56436,18.8355,-0.274538,-3.65848,-1.40358
2.57426,18.8328,-0.275581,-3.67238,-1.40338
2.58416,18.8301,-0.276624,-3.68627,-1.40318
2.59406,18.8273,-0.277667,-3.70016,-1.40297
2.60396,18.8246,-0.278709,-3.71405,-1.40277
2.61386,18.8218,-0.279751,-3.72794,-1.40256
2.62376,18.8191,-0.280794,-3.74182,-1.40235
2.63366,18.8163,-0.281836,-3.75571,-1.40215
2.64356,18.8135,-0.282877,-3.76959,-1.40194
2.65347,18.8107,-0.283919,-3.78347,-1.40173
2.66337,18.8078,-0.284961,-3.79735,-1.40152
2.67327,18.805,-0.286002,-3.81122,-1.40131
2.68317,18.8022,-0.287043,-3.8251,-1.4011
2.69307,18.7993,-0.288084,-3.83897,-1.40088
2.70297,18.7965,-0.289125,-3.85284,-1.40067
2.71287,18.7936,-0.290166,-3.8667,-1.40046
2.72277,18.7907,-0.291207,-3.88057,-1.40024
2.73267,18.7878,-0.292247,-3.89443,-1.40003
2.74257,18.7849,-0.293287,-3.90829,-1.39981
2.75248,18.782,-0.294327,-3.92215,-1.3996
2.76238,18.7791,-0.295367,-3.93601,-1.39938
2.77228,18.7762,-0.296407,-3.94986,-1.39916
2.78218,18.7732,-0.297447,-3.96371,-1.39894
2.79208,18.7703,-0.298486,-3.97756,-1.39872
2.80198,18.7673,-0.299526,-3.99141,-1.3985
2.81188,18.7644,-0.300565,-4.00525,-1.39828
2.82178,18.7614,-0.301604,-4.0191,-1.39806
2.83168,18.7584,-0.302643,-4.03294,-1.39783
2.84158,18.7554,-0.303681,-4.04678,-1.39761
2.85149,18.7524,-0.30472,-4.06061,-1.39739
2.86139,18.7494,-0.305758,-4.07445,-1.39716
2.87129,18.7463,-0.306796,-4.08828,-1.39693
2.88119,18.7433,-0.307835,-4.10211,-1.39671
2.89109,18.7402,-0.308872,-4.11594,-1.39648
2.90099,18.7372,-0.30991,-4.12976,-1.39625
2.91089,18.7341,-0.310948,-4.14359,-1.39602
2.92079,18.731,-0.311985,-4.15741,-1.39579
2.93069,18.7279,-0.313022,-4.17123,-1.39556
2.94059,18.7248,-0.314059,-4.18504,-1.39533
2.9505,18.7217,-0.315096,-4.19886,-1.3951
2.9604,18.7186,-0.316133,-4.21267,-1.39487
2.9703,18.7154,-0.317169,-4.22648,-1.39463
2.9802,18.7123,-0.318205,-4.24028,-1.3944
2.9901,18.7091,-0.319242,-4.25409,-1.39416
3,18.706,-0.320278,-4.26789,-1.39393
3.0099,18.7028,-0.321313,-4.28169,-1.39369
3.0198,18.6996,-0.322349,-4.29549,-1.39345
3.0297,18.6964,-0.323385,-4.30929,-1.39322
3.0396,18.6932,-0.32442,-4.32308,-1.39298
3.0495,18.69,-0.325455,-4.33687,-1.39274
3.05941,18.6868,-0.32649,-4.35066,-1.3925
3.06931,18.6835,-0.327525,-4.36444,-1.39226
3.07921,18.6803,-0.328559,-4.37823,-1.39201
3.08911,18.677,-0.329594,-4.39201,-1.39177
3.09901,18.6737,-0.330628,-4.40579,-1.39153
3.10891,18.6705,-0.331662,-4.41956,-1.39128
3.11881,18.6672,-0.332696,-4.43334,-1.39104
3.12871,18.6639,-0.33373,-4.44711,-1.39079
3.13861,18.6606,-0.334763,-4.46088,-1.39055
3.14851,18.6573,-0.335796,-4.47464,-1.3903
3.15842,18.6539,-0.33683,-4.48841,-1.39005
3.16832,18.6506,-0.337863,-4.50217,-1.3898
3.17822,18.6472,-0.338895,-4.51593,-1.38955
3.18812,18.6439,-0.339928,-4.52969,-1.3893
3.19802,18.6405,-0.34096,-4.54344,-1.38905
3.20792,18.6371,-0.341993,-4.55719,-1.3888
3.21782,18.6337,-0.343025,-4.57094,-1.38855
3.22772,18.6303,-0.344057,-4.58469,-1.38829
3.23762,18.6269,-0.345088,-4.59843,-1.38804
3.24752,18.6235,-0.34612,-4.61217,-1.38778
3.25743,18.6201,-0.347151,-4.62591,-1.38753
3.26733,18.6166,-0.348182,-4.63965,-1.38727
3.27723,18.6132,-0.349213,-4.65338,-1.38701
3.28713,18.6097,-0.350244,-4.66711,-1.38676
3.29703,18.6062,-0.351274,-4.68084,-1.3865
3.30693,18.6027,-0.352305,-4.69457,-1.38624
3.31683,18.5993,-0.353335,-4.70829,-1.38598
3.32673,18.5958,-0.354365,-4.72201,-1.38572
3.33663,18.5922,-0.355395,-4.73573,-1.38545
3.34653,18.5887,-0.356424,-4.74945,-1.38519
3.35644,18.5852,-0.357454,-4.76316,-1.38493
3.36634,18.5816,-0.358483,-4.77687,-1.38466
3.37624,18.5781,-0.359512,-4.79058,-1.3844
3.38614,18.5745,-0.360541,-4.80429,-1.38413
3.39604,18.5709,-0.361569,-4.81799,-1.38387
3.40594,18.5674,-0.362598,-4.83169,-1.3836
3.41584,18.5638,-0.363626,-4.84539,-1.38333
3.42574,18.5602,-0.364654,-4.85908,-1.38306
3.43564,18.5565,-0.365682,-4.87278,-1.3828
3.44554,18.5529,-0.36671,-4.88647,-1.38253
3.45545,18.5493,-0.367737,-4.90015,-1.38225
3.46535,18.5456,-0.368764,-4.91384,-1.38198
3.47525,18.542,-0.369792,-4.92752,-1.38171
3.48515,18.5383,-0.370818,-4.9412,-1.38144
3.49505,18.5346,-0.371845,-4.95487,-1.38116
3.50495,18.5309,-0.372871,-4.96855,-1.38089
3.51485,18.5272,-0.373898,-4.98222,-1.38061
3.52475,18.5235,-0.374924,-4.99589,-1.38034
3.53465,18.5198,-0.37595,-5.00955,-1.38006
3.54455,18.5161,-0.376975,-5.02321,-1.37978
3.55446,18.5124,-0.378001,-5.03687,-1.3795
3.56436,18.5086,-0.379026,-5.05053,-1.37922
3.57426,18.5049,-0.380051,-5.06419,-1.37894
3.58416,18.5011,-0.381076,-5.07784,-1.37866
3.59406,18.4973,-0.382101,-5.09149,-1.37838
3.60396,18.4935,-0.383125,-5.10513,-1.3781
3.61386,18.4897,-0.384149,-5.11878,-1.37782
3.62376,18.4859,-0.385173,-5.13242,-1.37753
3.63366,18.4821,-0.386197,-5.14605,-1.37725
3.64356,18.4783,-0.387221,-5.15969,-1.37696
3.65347,18.4744,-0.388244,-5.17332,-1.37668
3.66337,18.4706,-0.389267,-5.18695,-1.37639
3.67327,18.4667,-0.39029,-5.20057,-1.3761
3.68317,18.4628,-0.391313,-5.2142,-1.37581
3.69307,18.459,-0.392335,-5.22782,-1.37553
3.70297,18.4551,-0.393358,-5.24144,-1.37524
3.71287,18.4512,-0.39438,-5.25505,-1.37495
3.72277,18.4473,-0.395402,-5.26866,-1.37465
3.73267,18.4434,-0.396424,-5.28227,-1.37436
3.74257,18.4394,-0.397445,-5.29588,-1.37407
3.75248,18.4355,-0.398466,-5.30948,-1.37378
3.76238,18.4315,-0.399487,-5.32308,-1.37348
3.77228,18.4276,-0.400508,-5.33668,-1.37319
3.78218,18.4236,-0.401529,-5.35027,-1.37289
3.79208,18.4196,-0.402549,-5.36386,-1.37259
3.80198,18.4156,-0.403569,-5.37745,-1.3723
3.81188,18.4116,-0.404589,-5.39104,-1.372
3.82178,18.4076,-0.405609,-5.40462,-1.3717
3.83168,18.4036,-0.406629,-5.4182,-1.3714
3.84158,18.3996,-0.407648,-5.43178,-1.3711
3.85149,18.3955,-0.408667,-5.44535,-1.3708
3.86139,18.3915,-0.409686,-5.45892,-1.3705
3.87129,18.3874,-0.410705,-5.47249,-1.37019
3.88119,18.3833,-0.411723,-5.48606,-1.36989
3.89109,18.3793,-0.412741,-5.49962,-1.36959
3.90099,18.3752,-0.413759,-5.51318,-1.36928
3.91089,18.3711,-0.414777,-5.52673,-1.36898
3.92079,18.367,-0.415795,-5.54028,-1.36867
3.93069,18.3628,-0.416812,-5.55383,-1.36836
3.94059,18.3587,-0.417829,-5.56738,-1.36805
3.9505,18.3546,-0.418846,-5.58092,-1.36775
3.9604,18.3504,-0.419863,-5.59446,-1.36744
3.9703,18.3462,-0.420879,-5.608,-1.36713
3.9802,18.3421,-0.421895,-5.62154,-1.36682
3.9901,18.3379,-0.422911,-5.63507,-1.3665
4,18.3337,-0.423927,-5.6486,-1.36619
4.0099,18.3295,-0.424942,-5.66212,-1.36588
4.0198,18.3253,-0.425958,-5.67564,-1.36557
4.0297,18.3211,-0.426973,-5.68916,-1.36525
4.0396,18.3168,-0.427988,-5.70268,-1.36494
4.0495,18.3126,-0.429002,-5.71619,-1.36462
4.05941,18.3083,-0.430017,-5.7297,-1.3643
4.06931,18.3041,-0.431031,-5.74321,-1.36398
4.07921,18.2998,-0.432045,-5.75671,-1.36367
4.08911,18.2955,-0.433058,-5.77021,-1.36335
4.09901,18.2912,-0.434072,-5.78371,-1.36303
4.10891,18.2869,-0.435085,-5.7972,-1.36271
4.11881,18.2826,-0.436098,-5.81069,-1.36239
4.12871,18.2783,-0.437111,-5.82418,-1.36206
4.13861,18.274,-0.438123,-5.83766,-1.36174
4.14851,18.2696,-0.439135,-5.85114,-1.36142
4.15842,18.2653,-0.440147,-5.86462,-1.36109
4.16832,18.2609,-0.441159,-5.8781,-1.36077
4.17822,18.2565,-0.442171,-5.89157,-1.36044
4.18812,18.2521,-0.443182,-5.90504,-1.36011
4.19802,18.2477,-0.444193,-5.9185,-1.35979
4.20792,18.2433,-0.445204,-5.93196,-1.35946
4.21782,18.2389,-0.446215,-5.94542,-1.35913
4.22772,18.2345,-0.447225,-5.95888,-1.3588
4.23762,18.2301,-0.448235,-5.97233,-1.35847
4.24752,18.2256,-0.449245,-5.98578,-1.35814
4.25743,18.2212,-0.450255,-5.99922,-1.35781
4.26733,18.2167,-0.451264,-6.01266,-1.35748
4.27723,18.2122,-0.452273,-6.0261,-1.35714
4.28713,18.2078,-0.453282,-6.03954,-1.35681
4.29703,18.2033,-0.454291,-6.05297,-1.35647
4.30693,18.1988,-0.455299,-6.0664,-1.35614
4.31683,18.1942,-0.456307,-6.07982,-1.3558
4.32673,18.1897,-0.457315,-6.09325,-1.35546
4.33663,18.1852,-0.458323,-6.10666,-1.35513
4.34653,18.1806,-0.45933,-6.12008,-1.35479
4.35644,18.1761,-0.460337,-6.13349,-1.35445
4.36634,18.1715,-0.461344,-6.1469,-1.35411
4.37624,18.167,-0.462351,-6.16031,-1.35377
4.38614,18.1624,-0.463358,-6.17371,-1.35343
4.39604,18.1578,-0.464364,-6.18711,-1.35308
4.40594,18.1532,-0.46537,-6.2005,-1.35274
4.41584,18.1486,-0.466375,-6.21389,-1.3524
4.42574,18.1439,-0.467381,-6.22728,-1.35205
4.43564,18.1393,-0.468386,-6.24067,-1.35171
4.44554,18.1347,-0.469391,-6.25405,-1.35136
4.45545,18.13,-0.470396,-6.26743,-1.35101
4.46535,18.1254,-0.4714,-6.2808,-1.35067
4.47525,18.1207,-0.472404,-6.29417,-1.35032
4.48515,18.116,-0.473408,-6.30754,-1.34997
4.49505,18.1113,-0.474412,-6.3209,-1.34962
4.50495,18.1066,-0.475415,-6.33426,-1.34927
4.51485,18.1019,-0.476418,-6.34762,-1.34892
4.52475,18.0972,-0.477421,-6.36098,-1.34857
4.53465,18.0924,-0.478424,-6.37433,-1.34821
4.54455,18.0877,-0.479426,-6.38767,-1.34786
4.55446,18.0829,-0.480428,-6.40102,-1.34751
4.56436,18.0782,-0.48143,-6.41436,-1.34715
4.57426,18.0734,-0.482432,-6.42769,-1.3468
4.58416,18.0686,-0.483433,-6.44103,-1.34644
4.59406,18.0638,-0.484434,-6.45436,-1.34608
4.60396,18.059,-0.485435,-6.46768,-1.34573
4.61386,18.0542,-0.486436,-6.481,-1.34537
4.62376,18.0494,-0.487436,-6.49432,-1.34501
4.63366,18.0446,-0.488436,-6.50764,-1.34465
4.64356,18.0397,-0.489436,-6.52095,-1.34429
4.65347,18.0349,-0.490435,-6.53426,-1.34392
4.66337,18.03,-0.491434,-6.54756,-1.34356
4.67327,18.0252,-0.492433,-6.56086,-1.3432
4.68317,18.0203,-0.493432,-6.57416,-1.34284
4.69307,18.0154,-0.494431,-6.58745,-1.34247
4.70297,18.0105,-0.495429,-6.60074,-1.34211
4.71287,18.0056,-0.496427,-6.61403,-1.34174
4.72277,18.0007,-0.497424,-6.62731,-1.34137
4.73267,17.9957,-0.498422,-6.64059,-1.34101
4.74257,17.9908,-0.499419,-6.65387,-1.34064
4.75248,17.9858,-0.500416,-6.66714,-1.34027
4.76238,17.9809,-0.501412,-6.68041,-1.3399
4.77228,17.9759,-0.502409,-6.69367,-1.33953
4.78218,17.9709,-0.503405,-6.70693,-1.33916
4.79208,17.9659,-0.5044,-6.72019,-1.33879
4.80198,17.9609,-0.505396,-6.73344,-1.33841
4.81188,17.9559,-0.506391,-6.74669,-1.33804
4.82178,17.9509,-0.507386,-6.75994,-1.33767
4.83168,17.9459,-0.508381,-6.77318,-1.33729
4.84158,17.9408,-0.509375,-6.78642,-1.33692
4.85149,17.9358,-0.510369,-6.79965,-1.33654
4.86139,17.9307,-0.511363,-6.81289,-1.33616
4.87129,17.9257,-0.512356,-6.82611,-1.33578
4.88119,17.9206,-0.51335,-6.83934,-1.33541
4.89109,17.9155,-0.514343,-6.85256,-1.33503
4.90099,17.9104,-0.515335,-6.86577,-1.33465
4.91089,17.9053,-0.516328,-6.87898,-1.33427
4.92079,17.9002,-0.51732,-6.89219,-1.33388
4.93069,17.8951,-0.518312,-6.9054,-1.3335
4.94059,17.8899,-0.519304,-6.9186,-1.33312
4.9505,17.8848,-0.520295,-6.9318,-1.33274
4.9604,17.8796,-0.521286,-6.94499,-1.33235
4.9703,17.8744,-0.522277,-6.95818,-1.33197
4.9802,17.8693,-0.523267,-6.97137,-1.33158
4.9901,17.8641,-0.524257,-6.98455,-1.33119
5,17.8589,-0.525247,-6.99773,-1.33081
5.0099,17.8537,-0.526237,-7.0109,-1.33042
5.0198,17.8485,-0.527226,-7.02407,-1.33003
5.0297,17.8432,-0.528215,-7.03724,-1.32964
5.0396,17.838,-0.529204,-7.0504,-1.32925
5.0495,17.8328,-0.530193,-7.06356,-1.32886
5.05941,17.8275,-0.531181,-7.07671,-1.32847
5.06931,17.8222,-0.532169,-7.08987,-1.32808
5.07921,17.817,-0.533156,-7.10301,-1.32768
5.08911,17.8117,-0.534144,-7.11616,-1.32729
5.09901,17.8064,-0.535131,-7.1293,-1.32689
5.10891,17.8011,-0.536118,-7.14243,-1.3265
5.11881,17.7958,-0.537104,-7.15556,-1.3261
5.12871,17.7905,-0.53809,-7.16869,-1.32571
5.13861,17.7851,-0.539076,-7.18182,-1.32531
5.14851,17.7798,-0.540062,-7.19494,-1.32491
5.15842,17.7744,-0.541047,-7.20805,-1.32451
5.16832,17.7691,-0.542032,-7.22116,-1.32411
5.17822,17.7637,-0.543017,-7.23427,-1.32371
5.18812,17.7583,-0.544001,-7.24738,-1.32331
5.19802,17.7529,-0.544985,-7.26048,-1.32291
5.20792,17.7475,-0.545969,-7.27357,-1.32251
5.21782,17.7421,-0.546953,-7.28666,-1.3221
5.22772,17.7367,-0.547936,-7.29975,-1.3217
5.23762,17.7313,-0.548919,-7.31284,-1.32129
5.24752,17.7258,-0.549902,-7.32592,-1.32089
5.25743,17.7204,-0.550884,-7.33899,-1.32048
5.26733,17.7149,-0.551866,-7.35206,-1.32007
5.27723,17.7094,-0.552848,-7.36513,-1.31967
5.28713,17.704,-0.553829,-7.3782,-1.31926
5.29703,17.6985,-0.554811,-7.39126,-1.31885
5.30693,17.693,-0.555791,-7.40431,-1.31844
5.31683,17.6875,-0.556772,-7.41736,-1.31803
5.32673,17.682,-0.557752,-7.43041,-1.31762
5.33663,17.6764,-0.558732,-7.44345,-1.3172
5.34653,17.6709,-0.559712,-7.45649,-1.31679
5.35644,17.6653,-0.560691,-7.46953,-1.31638
5.36634,17.6598,-0.56167,-7.48256,-1.31596
5.37624,17.6542,-0.562649,-7.49559,-1.31555
5.38614,17.6486,-0.563627,-7.50861,-1.31513
5.39604,17.6431,-0.564606,-7.52163,-1.31472
5.40594,17.6375,-0.565583,-7.53465,-1.3143
5.41584,17.6319,-0.566561,-7.54766,-1.31388
5.42574,17.6263,-0.567538,-7.56066,-1.31346
5.43564,17.6206,-0.568515,-7.57367,-1.31304
5.44554,17.615,-0.569492,-7.58666,-1.31262
5.45545,17.6093,-0.570468,-7.59966,-1.3122
5.46535,17.6037,-0.571444,-7.61265,-1.31178
5.47525,17.598,-0.57242,-7.62563,-1.31136
5.48515,17.5924,-0.573395,-7.63862,-1.31094
5.49505,17.5867,-0.57437,-7.65159,-1.31051
5.50495,17.581,-0.575345,-7.66457,-1.31009
5.51485,17.5753,-0.576319,-7.67754,-1.30966
5.52475,17.5696,-0.577293,-7.6905,-1.30924
5.53465,17.5639,-0.578267,-7.70346,-1.30881
5.54455,17.5581,-0.579241,-7.71642,-1.30838
5.55446,17.5524,-0.580214,-7.72937,-1.30796
5.56436,17.5466,-0.581187,-7.74232,-1.30753
5.57426,17.5409,-0.582159,-7.75526,-1.3071
5.58416,17.5351,-0.583131,-7.7682,-1.30667
5.59406,17.5293,-0.584103,-7.78114,-1.30624
5.60396,17.5235,-0.585075,-7.79407,-1.30581
5.61386,17.5177,-0.586046,-7.80699,-1.30537
5.62376,17.5119,-0.587017,-7.81992,-1.30494
5.63366,17.5061,-0.587988,-7.83283,-1.30451
5.64356,17.5003,-0.588958,-7.84575,-1.30407
5.65347,17.4945,-0.589928,-7.85866,-1.30364
5.66337,17.4886,-0.590898,-7.87156,-1.3032
5.67327,17.4828,-0.591867,-7.88446,-1.30276
5.68317,17.4769,-0.592836,-7.89736,-1.30233
5.69307,17.471,-0.593805,-7.91025,-1.30189
5.70297,17.4651,-0.594773,-7.92314,-1.30145
5.71287,17.4592,-0.595741,-7.93602,-1.30101
5.72277,17.4533,-0.596709,-7.9489,-1.30057
5.73267,17.4474,-0.597677,-7.96178,-1.30013
5.74257,17.4415,-0.598644,-7.97465,-1.29969
5.75248,17.4356,-0.59961,-7.98751,-1.29925
5.76238,17.4296,-0.600577,-8.00037,-1.2988
5.77228,17.4237,-0.601543,-8.01323,-1.29836
5.78218,17.4177,-0.602509,-8.02609,-1.29791
5.79208,17.4117,-0.603474,-8.03893,-1.29747
5.80198,17.4058,-0.604439,-8.05178,-1.29702
5.81188,17.3998,-0.605404,-8.06462,-1.29658
5.82178,17.3938,-0.606369,-8.07745,-1.29613
5.83168,17.3878,-0.607333,-8.09028,-1.29568
5.84158,17.3818,-0.608297,-8.10311,-1.29523
5.85149,17.3757,-0.60926,-8.11593,-1.29478
5.86139,17.3697,-0.610223,-8.12875,-1.29433
5.87129,17.3636,-0.611186,-8.14156,-1.29388
5.88119,17.3576,-0.612149,-8.15437,-1.29343
5.89109,17.3515,-0.613111,-8.16717,-1.29298
5.90099,17.3454,-0.614073,-8.17997,-1.29252
5.91089,17.3394,-0.615034,-8.19277,-1.29207
5.92079,17.3333,-0.615995,-8.20556,-1.29162
5.93069,17.3272,-0.616956,-8.21835,-1.29116
5.94059,17.321,-0.617917,-8.23113,-1.29071
5.9505,17.3149,-0.618877,-8.2439,-1.29025
5.9604,17.3088,-0.619837,-8.25668,-1.28979
5.9703,17.3026,-0.620796,-8.26944,-1.28933
5.9802,17.2965,-0.621756,-8.28221,-1.28887
5.9901,17.2903,-0.622714,-8.29497,-1.28842
6,17.2842,-0.623673,-8.30772,-1.28795
6.0099,17.278,-0.624631,-8.32047,-1.28749
6.0198,17.2718,-0.625589,-8.33322,-1.28703
6.0297,17.2656,-0.626546,-8.34596,-1.28657
6.0396,17.2594,-0.627503,-8.35869,-1.28611
6.0495,17.2532,-0.62846,-8.37142,-1.28564
6.05941,17.2469,-0.629417,-8.38415,-1.28518
6.06931,17.2407,-0.630373,-8.39687,-1.28471
6.07921,17.2345,-0.631329,-8.40959,-1.28425
6.08911,17.2282,-0.632284,-8.4223,-1.28378
6.09901,17.2219,-0.633239,-8.43501,-1.28331
6.10891,17.2157,-0.634194,-8.44772,-1.28285
6.11881,17.2094,-0.635148,-8.46041,-1.28238
6.12871,17.2031,-0.636102,-8.47311,-1.28191
6.13861,17.1968,-0.637056,-8.4858,-1.28144
6.14851,17.1905,-0.638009,-8.49848,-1.28097
6.15842,17.1842,-0.638962,-8.51116,-1.2805
6.16832,17.1778,-0.639915,-8.52384,-1.28002
6.17822,17.1715,-0.640867,-8.53651,-1.27955
6.18812,17.1651,-0.641819,-8.54918,-1.27908
6.19802,17.1588,-0.642771,-8.56184,-1.2786
6.20792,17.1524,-0.643722,-8.5745,-1.27813
6.21782,17.146,-0.644673,-8.58715,-1.27765
6.22772,17.1396,-0.645624,-8.5998,-1.27718
6.23762,17.1332,-0.646574,-8.61244,-1.2767
6.24752,17.1268,-0.647524,-8.62508,-1.27622
6.25743,17.1204,-0.648473,-8.63771,-1.27574
6.26733,17.114,-0.649423,-8.65034,-1.27526
6.27723,17.1076,-0.650371,-8.66296,-1.27478
6.28713,17.1011,-0.65132,-8.67558,-1.2743
6.29703,17.0947,-0.652268,-8.6882,-1.27382
6.30693,17.0882,-0.653216,-8.70081,-1.27334
6.31683,17.0817,-0.654163,-8.71341,-1.27286
6.32673,17.0752,-0.65511,-8.72601,-1.27237
6.33663,17.0688,-0.656057,-8.73861,-1.27189
6.34653,17.0623,-0.657003,-8.7512,-1.27141
6.35644,17.0557,-0.657949,-8.76378,-1.27092
6.36634,17.0492,-0.658895,-8.77637,-1.27043
6.37624,17.0427,-0.65984,-8.78894,-1.26995
6.38614,17.0362,-0.660785,-8.80151,-1.26946
6.39604,17.0296,-0.66173,-8.81408,-1.26897
6.40594,17.0231,-0.662674,-8.82664,-1.26848
6.41584,17.0165,-0.663618,-8.8392,-1.26799
6.42574,17.0099,-0.664561,-8.85175,-1.2675
6.43564,17.0033,-0.665505,-8.8643,-1.26701
6.44554,16.9967,-0.666447,-8.87684,-1.26652
6.45545,16.9901,-0.66739,-8.88938,-1.26603
6.46535,16.9835,-0.668332,-8.90191,-1.26553
6.47525,16.9769,-0.669273,-8.91444,-1.26504
6.48515,16.9703,-0.670215,-8.92696,-1.26454
6.49505,16.9636,-0.671156,-8.93948,-1.26405
6.50495,16.957,-0.672096,-8.95199,-1.26355
6.51485,16.9503,-0.673037,-8.9645,-1.26306
6.52475,16.9437,-0.673976,-8.977,-1.26256
6.53465,16.937,-0.674916,-8.9895,-1.26206
6.54455,16.9303,-0.675855,-9.00199,-1.26156
6.55446,16.9236,-0.676794,-9.01448,-1.26106
6.56436,16.9169,-0.677732,-9.02696,-1.26056
6.57426,16.9102,-0.67867,-9.03944,-1.26006
6.58416,16.9034,-0.679608,-9.05192,-1.25956
6.59406,16.8967,-0.680545,-9.06438,-1.25906
6.60396,16.89,-0.681482,-9.07685,-1.25856
6.61386,16.8832,-0.682419,-9.08931,-1.25805
6.62376,16.8765,-0.683355,-9.10176,-1.25755
6.63366,16.8697,-0.684291,-9.11421,-1.25704
6.64356,16.8629,-0.685226,-9.12665,-1.25654
6.65347,16.8561,-0.686161,-9.13909,-1.25603
6.66337,16.8493,-0.687096,-9.15152,-1.25552
6.67327,16.8425,-0.688031,-9.16395,-1.25502
6.68317,16.8357,-0.688965,-9.17638,-1.25451
6.69307,16.8289,-0.689898,-9.18879,-1.254
6.70297,16.822,-0.690831,-9.20121,-1.25349
6.71287,16.8152,-0.691764,-9.21362,-1.25298
6.72277,16.8083,-0.692697,-9.22602,-1.25247
6.73267,16.8015,-0.693629,-9.23842,-1.25195
6.74257,16.7946,-0.694561,-9.25081,-1.25144
6.75248,16.7877,-0.695492,-9.2632,-1.25093
6.76238,16.7808,-0.696423,-9.27558,-1.25041
6.77228,16.7739,-0.697353,-9.28796,-1.2499
6.78218,16.767,-0.698284,-9.30033,-1.24938
6.79208,16.7601,-0.699214,-9.3127,-1.24887
6.80198,16.7532,-0.700143,-9.32506,-1.24835
6.81188,16.7462,-0.701072,-9.33742,-1.24783
6.82178,16.7393,-0.702001,-9.34977,-1.24732
6.83168,16.7323,-0.702929,-9.36212,-1.2468
6.84158,16.7254,-0.703857,-9.37446,-1.24628
6.85149,16.7184,-0.704785,-9.3868,-1.24576
6.86139,16.7114,-0.705712,-9.39913,-1.24524
6.87129,16.7044,-0.706639,-9.41145,-1.24472
6.88119,16.6974,-0.707565,-9.42378,-1.24419
6.89109,16.6904,-0.708491,-9.43609,-1.24367
6.90099,16.6834,-0.709417,-9.4484,-1.24315
6.91089,16.6764,-0.710342,-9.46071,-1.24262
6.92079,16.6693,-0.711267,-9.47301,-1.2421
6.93069,16.6623,-0.712192,-9.4853,-1.24157
6.94059,16.6552,-0.713116,-9.4976,-1.24105
6.9505,16.6482,-0.714039,-9.50988,-1.24052
6.9604,16.6411,-0.714963,-9.52216,-1.23999
6.9703,16.634,-0.715886,-9.53443,-1.23946
6.9802,16.6269,-0.716808,-9.5467,-1.23893
6.9901,16.6198,-0.717731,-9.55897,-1.2384
7,16.6127,-0.718652,-9.57123,-1.23787
7.0099,16.6056,-0.719574,-9.58348,-1.23734
7.0198,16.5984,-0.720495,-9.59573,-1.23681
7.0297,16.5913,-0.721415,-9.60797,-1.23628
7.0396,16.5842,-0.722336,-9.62021,-1.23575
7.0495,16.577,-0.723256,-9.63244,-1.23521
7.05941,16.5698,-0.724175,-9.64467,-1.23468
7.06931,16.5627,-0.725094,-9.65689,-1.23414
7.07921,16.5555,-0.726013,-9.66911,-1.23361
7.08911,16.5483,-0.726931,-9.68132,-1.23307
7.09901,16.5411,-0.727849,-9.69352,-1.23253
7.10891,16.5339,-0.728766,-9.70572,-1.23199
7.11881,16.5267,-0.729684,-9.71792,-1.23146
7.12871,16.5194,-0.7306,-9.73011,-1.23092
7.13861,16.5122,-0.731517,-9.74229,-1.23038
7.14851,16.5049,-0.732432,-9.75447,-1.22984
7.15842,16.4977,-0.733348,-9.76665,-1.22929
7.16832,16.4904,-0.734263,-9.77882,-1.22875
7.17822,16.4831,-0.735178,-9.79098,-1.22821
7.18812,16.4759,-0.736092,-9.80314,-1.22767
7.19802,16.4686,-0.737006,-9.81529,-1.22712
7.20792,16.4613,-0.73792,-9.82744,-1.22658
7.21782,16.454,-0.738833,-9.83958,-1.22603
7.22772,16.4466,-0.739745,-9.85171,-1.22549
7.23762,16.4393,-0.740658,-9.86385,-1.22494
7.24752,16.432,-0.74157,-9.87597,-1.22439
7.25743,16.4246,-0.742481,-9.88809,-1.22384
7.26733,16.4173,-0.743392,-9.90021,-1.22329
7.27723,16.4099,-0.744303,-9.91231,-1.22275
7.28713,16.4025,-0.745213,-9.92442,-1.2222
7.29703,16.3951,-0.746123,-9.93652,-1.22164
7.30693,16.3878,-0.747033,-9.94861,-1.22109
7.31683,16.3804,-0.747942,-9.9607,-1.22054
7.32673,16.3729,-0.748851,-9.97278,-1.21999
7.33663,16.3655,-0.749759,-9.98485,-1.21943
7.34653,16.3581,-0.750667,-9.99693,-1.21888
7.35644,16.3507,-0.751574,-10.009,-1.21833
7.36634,16.3432,-0.752481,-10.0211,-1.21777
7.37624,16.3358,-0.753388,-10.0331,-1.21721
7.38614,16.3283,-0.754294,-10.0452,-1.21666
7.39604,16.3208,-0.7552,-10.0572,-1.2161
7.40594,16.3133,-0.756106,-10.0692,-1.21554
7.41584,16.3059,-0.757011,-10.0813,-1.21498
7.42574,16.2984,-0.757915,-10.0933,-1.21442
7.43564,16.2908,-0.758819,-10.1053,-1.21386
7.44554,16.2833,-0.759723,-10.1173,-1.2133
7.45545,16.2758,-0.760627,-10.1293,-1.21274
7.46535,16.2683,-0.76153,-10.1413,-1.21218
7.47525,16.2607,-0.762432,-10.1533,-1.21161
7.48515,16.2532,-0.763334,-10.1653,-1.21105
7.49505,16.2456,-0.764236,-10.1773,-1.21049
7.50495,16.238,-0.765137,-10.1893,-1.20992
7.51485,16.2305,-0.766038,-10.2013,-1.20936
7.52475,16.2229,-0.766939,-10.2133,-1.20879
7.53465,16.2153,-0.767839,-10.2252,-1.20822
7.54455,16.2077,-0.768738,-10.2372,-1.20766
7.55446,16.2,-0.769638,-10.2491,-1.20709
7.56436,16.1924,-0.770536,-10.2611,-1.20652
7.57426,16.1848,-0.771435,-10.273,-1.20595
7.58416,16.1771,-0.772333,-10.285,-1.20538
7.59406,16.1695,-0.77323,-10.2969,-1.20481
7.60396,16.1618,-0.774127,-10.3088,-1.20424
7.61386,16.1542,-0.775024,-10.3207,-1.20366
7.62376,16.1465,-0.77592,-10.3327,-1.20309
7.63366,16.1388,-0.776816,-10.3446,-1.20252
7.64356,16.1311,-0.777712,-10.3565,-1.20194
7.65347,16.1234,-0.778607,-10.3684,-1.20137
7.66337,16.1157,-0.779501,-10.3803,-1.20079
7.67327,16.108,-0.780396,-10.3921,-1.20022
7.68317,16.1002,-0.781289,-10.404,-1.19964
7.69307,16.0925,-0.782183,-10.4159,-1.19906
7.70297,16.0847,-0.783076,-10.4278,-1.19848
7.71287,16.077,-0.783968,-10.4396,-1.19791
7.72277,16.0692,-0.78486,-10.4515,-1.19733
7.73267,16.0614,-0.785752,-10.4633,-1.19675
7.74257,16.0537,-0.786643,-10.4752,-1.19616
7.75248,16.0459,-0.787534,-10.487,-1.19558
7.76238,16.0381,-0.788424,-10.4989,-1.195
7.77228,16.0303,-0.789314,-10.5107,-1.19442
7.78218,16.0224,-0.790203,-10.5225,-1.19383
7.79208,16.0146,-0.791092,-10.5343,-1.19325
7.80198,16.0068,-0.791981,-10.5461,-1.19267
7.81188,15.9989,-0.792869,-10.5579,-1.19208
7.82178,15.9911,-0.793757,-10.5697,-1.19149
7.83168,15.9832,-0.794644,-10.5815,-1.19091
7.84158,15.9753,-0.795531,-10.5933,-1.19032
7.85149,15.9674,-0.796418,-10.6051,-1.18973
7.86139,15.9596,-0.797304,-10.6169,-1.18914
7.87129,15.9517,-0.798189,-10.6287,-1.18855
7.88119,15.9438,-0.799074,-10.6404,-1.18796
7.89109,15.9358,-0.799959,-10.6522,-1.18737
7.90099,15.9279,-0.800843,-10.6639,-1.18678
7.91089,15.92,-0.801727,-10.6757,-1.18619
7.92079,15.912,-0.802611,-10.6874,-1.1856
7.93069,15.9041,-0.803494,-10.6992,-1.185
7.94059,15.8961,-0.804376,-10.7109,-1.18441
7.9505,15.8882,-0.805258,-10.7226,-1.18381
7.9604,15.8802,-0.80614,-10.7343,-1.18322
7.9703,15.8722,-0.807021,-10.746,-1.18262
7.9802,15.8642,-0.807902,-10.7578,-1.18203
7.9901,15.8562,-0.808782,-10.7695,-1.18143
8,15.8482,-0.809662,-10.7811,-1.18083
8.0099,15.8402,-0.810542,-10.7928,-1.18023
8.0198,15.8321,-0.811421,-10.8045,-1.17963
8.0297,15.8241,-0.812299,-10.8162,-1.17903
8.0396,15.816,-0.813177,-10.8279,-1.17843
8.0495,15.808,-0.814055,-10.8395,-1.17783
8.05941,15.7999,-0.814932,-10.8512,-1.17723
8.06931,15.7919,-0.815809,-10.8628,-1.17663
8.07921,15.7838,-0.816685,-10.8745,-1.17603
8.08911,15.7757,-0.817561,-10.8861,-1.17542
8.09901,15.7676,-0.818437,-10.8978,-1.17482
8.10891,15.7595,-0.819312,-10.9094,-1.17421
8.11881,15.7514,-0.820186,-10.921,-1.17361
8.12871,15.7432,-0.82106,-10.9326,-1.173
8.13861,15.7351,-0.821934,-10.9442,-1.17239
8.14851,15.727,-0.822807,-10.9558,-1.17179
8.15842,15.7188,-0.82368,-10.9674,-1.17118
8.16832,15.7107,-0.824552,-10.979,-1.17057
8.17822,15.7025,-0.825424,-10.9906,-1.16996
8.18812,15.6943,-0.826296,-11.0022,-1.16935
8.19802,15.6861,-0.827167,-11.0138,-1.16874
8.20792,15.6779,-0.828037,-11.0254,-1.16813
8.21782,15.6697,-0.828907,-11.0369,-1.16751
8.22772,15.6615,-0.829777,-11.0485,-1.1669
8.23762,15.6533,-0.830646,-11.06,-1.16629
8.24752,15.6451,-0.831515,-11.0716,-1.16567
8.25743,15.6368,-0.832383,-11.0831,-1.16506
8.26733,15.6286,-0.833251,-11.0946,-1.16444
8.27723,15.6203,-0.834118,-11.1062,-1.16383
8.28713,15.6121,-0.834985,-11.1177,-1.16321
8.29703,15.6038,-0.835852,-11.1292,-1.16259
8.30693,15.5955,-0.836717,-11.1407,-1.16198
8.31683,15.5872,-0.837583,-11.1522,-1.16136
8.32673,15.5789,-0.838448,-11.1637,-1.16074
8.33663,15.5706,-0.839313,-11.1752,-1.16012
8.34653,15.5623,-0.840177,-11.1867,-1.1595
8.35644,15.554,-0.841041,-11.1981,-1.15888
8.36634,15.5457,-0.841904,-11.2096,-1.15825
8.37624,15.5373,-0.842767,-11.2211,-1.15763
8.38614,15.529,-0.843629,-11.2325,-1.15701
8.39604,15.5206,-0.844491,-11.244,-1.15638
8.40594,15.5122,-0.845352,-11.2554,-1.15576
8.41584,15.5039,-0.846213,-11.2669,-1.15514
8.42574,15.4955,-0.847074,-11.2783,-1.15451
8.43564,15.4871,-0.847934,-11.2897,-1.15388
8.44554,15.4787,-0.848793,-11.3012,-1.15326
8.45545,15.4703,-0.849652,-11.3126,-1.15263
8.46535,15.4619,-0.850511,-11.324,-1.152
8.47525,15.4534,-0.851369,-11.3354,-1.15137
8.48515,15.445,-0.852227,-11.3468,-1.15074
8.49505,15.4366,-0.853084,-11.3582,-1.15011
8.50495,15.4281,-0.853941,-11.3696,-1.14948
8.51485,15.4197,-0.854797,-11.3809,-1.14885
8.52475,15.4112,-0.855653,-11.3923,-1.14822
8.53465,15.4027,-0.856508,-11.4037,-1.14759
8.54455,15.3942,-0.857363,-11.415,-1.14695
8.55446,15.3857,-0.858218,-11.4264,-1.14632
8.56436,15.3772,-0.859072,-11.4377,-1.14569
8.57426,15.3687,-0.859925,-11.4491,-1.14505
8.58416,15.3602,-0.860778,-11.4604,-1.14441
8.59406,15.3517,-0.861631,-11.4717,-1.14378
8.60396,15.3431,-0.862483,-11.4831,-1.14314
8.61386,15.3346,-0.863335,-11.4944,-1.1425
8.62376,15.326,-0.864186,-11.5057,-1.14187
8.63366,15.3175,-0.865036,-11.517,-1.14123
8.64356,15.3089,-0.865887,-11.5283,-1.14059
8.65347,15.3003,-0.866736,-11.5396,-1.13995
8.66337,15.2918,-0.867586,-11.5509,-1.13931
8.67327,15.2832,-0.868435,-11.5621,-1.13866
8.68317,15.2746,-0.869283,-11.5734,-1.13802
8.69307,15.2659,-0.870131,-11.5847,-1.13738
8.70297,15.2573,-0.870978,-11.5959,-1.13674
8.71287,15.2487,-0.871825,-11.6072,-1.13609
8.72277,15.2401,-0.872671,-11.6184,-1.13545
8.73267,15.2314,-0.873517,-11.6297,-1.1348
8.74257,15.2228,-0.874363,-11.6409,-1.13416
8.75248,15.2141,-0.875208,-11.6521,-1.13351
8.76238,15.2054,-0.876053,-11.6633,-1.13286
8.77228,15.1968,-0.876897,-11.6746,-1.13222
8.78218,15.1881,-0.87774,-11.6858,-1.13157
8.79208,15.1794,-0.878583,-11.697,-1.13092
8.80198,15.1707,-0.879426,-11.7082,-1.13027
8.81188,15.162,-0.880268,-11.7193,-1.12962
8.82178,15.1532,-0.88111,-11.7305,-1.12897
8.83168,15.1445,-0.881951,-11.7417,-1.12832
8.84158,15.1358,-0.882792,-11.7529,-1.12767
8.85149,15.127,-0.883632,-11.764,-1.12701
8.86139,15.1183,-0.884472,-11.7752,-1.12636
8.87129,15.1095,-0.885311,-11.7863,-1.12571
8.88119,15.1008,-0.88615,-11.7975,-1.12505
8.89109,15.092,-0.886988,-11.8086,-1.1244
8.90099,15.0832,-0.887826,-11.8197,-1.12374
8.91089,15.0744,-0.888663,-11.8309,-1.12308
8.92079,15.0656,-0.8895,-11.842,-1.12243
8.93069,15.0568,-0.890336,-11.8531,-1.12177
8.94059,15.048,-0.891172,-11.8642,-1.12111
8.9505,15.0391,-0.892008,-11.8753,-1.12045
8.9604,15.0303,-0.892843,-11.8864,-1.11979
8.9703,15.0215,-0.893677,-11.8975,-1.11913
8.9802,15.0126,-0.894511,-11.9085,-1.11847
8.9901,15.0037,-0.895345,-11.9196,-1.11781
9,14.9949,-0.896178,-11.9307,-1.11715
9.0099,14.986,-0.89701,-11.9417,-1.11649
9.0198,14.9771,-0.897842,-11.9528,-1.11582
9.0297,14.9682,-0.898674,-11.9638,-1.11516
9.0396,14.9593,-0.899505,-11.9749,-1.1145
9.0495,14.9504,-0.900335,-11.9859,-1.11383
9.05941,14.9415,-0.901165,-11.9969,-1.11317
9.06931,14.9326,-0.901995,-12.0079,-1.1125
9.07921,14.9236,-0.902824,-12.019,-1.11183
9.08911,14.9147,-0.903653,-12.03,-1.11117
9.09901,14.9057,-0.904481,-12.041,-1.1105
9.10891,14.8968,-0.905308,-12.0519,-1.10983
9.11881,14.8878,-0.906135,-12.0629,-1.10916
9.12871,14.8788,-0.906962,-12.0739,-1.10849
9.13861,14.8698,-0.907788,-12.0849,-1.10782
9.14851,14.8608,-0.908614,-12.0958,-1.10715
9.15842,14.8518,-0.909439,-12.1068,-1.10648
9.16832,14.8428,-0.910264,-12.1178,-1.1058
9.17822,14.8338,-0.911088,-12.1287,-1.10513
9.18812,14.8248,-0.911911,-12.1396,-1.10446
9.19802,14.8158,-0.912735,-12.1506,-1.10378
9.20792,14.8067,-0.913557,-12.1615,-1.10311
9.21782,14.7977,-0.91438,-12.1724,-1.10243
9.22772,14.7886,-0.915201,-12.1833,-1.10176
9.23762,14.7796,-0.916022,-12.1942,-1.10108
9.24752,14.7705,-0.916843,-12.2051,-1.1004
9.25743,14.7614,-0.917663,-12.216,-1.09973
9.26733,14.7523,-0.918483,-12.2269,-1.09905
9.27723,14.7432,-0.919302,-12.2378,-1.09837
9.28713,14.7341,-0.920121,-12.2487,-1.09769
9.29703,14.725,-0.920939,-12.2595,-1.09701
9.30693,14.7159,-0.921757,-12.2704,-1.09633
9.31683,14.7067,-0.922574,-12.2812,-1.09565
9.32673,14.6976,-0.923391,-12.2921,-1.09496
9.33663,14.6885,-0.924207,-12.3029,-1.09428
9.34653,14.6793,-0.925023,-12.3137,-1.0936
9.35644,14.6701,-0.925838,-12.3246,-1.09292
9.36634,14.661,-0.926653,-12.3354,-1.09223
9.37624,14.6518,-0.927467,-12.3462,-1.09155
9.38614,14.6426,-0.928281,-12.357,-1.09086
9.39604,14.6334,-0.929094,-12.3678,-1.09017
9.40594,14.6242,-0.929907,-12.3786,-1.08949
9.41584,14.615,-0.930719,-12.3894,-1.0888
9.42574,14.6058,-0.93153,-12.4002,-1.08811
9.43564,14.5965,-0.932342,-12.4109,-1.08742
9.44554,14.5873,-0.933152,-12.4217,-1.08673
9.45545,14.5781,-0.933962,-12.4324,-1.08604
9.46535,14.5688,-0.934772,-12.4432,-1.08535
9.47525,14.5596,-0.935581,-12.4539,-1.08466
9.48515,14.5503,-0.93639,-12.4647,-1.08397
9.49505,14.541,-0.937198,-12.4754,-1.08328
9.50495,14.5317,-0.938006,-12.4861,-1.08259
9.51485,14.5224,-0.938813,-12.4968,-1.08189
9.52475,14.5131,-0.93962,-12.5075,-1.0812
9.53465,14.5038,-0.940426,-12.5182,-1.0805
9.54455,14.4945,-0.941231,-12.5289,-1.07981
9.55446,14.4852,-0.942036,-12.5396,-1.07911
9.56436,14.4759,-0.942841,-12.5503,-1.07842
9.57426,14.4665,-0.943645,-12.561,-1.07772
9.58416,14.4572,-0.944449,-12.5717,-1.07702
9.59406,14.4478,-0.945252,-12.5823,-1.07632
9.60396,14.4385,-0.946054,-12.593,-1.07562
9.61386,14.4291,-0.946856,-12.6036,-1.07493
9.62376,14.4197,-0.947658,-12.6142,-1.07423
9.63366,14.4103,-0.948459,-12.6249,-1.07353
9.64356,14.4009,-0.949259,-12.6355,-1.07282
9.65347,14.3915,-0.950059,-12.6461,-1.07212
9.66337,14.3821,-0.950859,-12.6567,-1.07142
9.67327,14.3727,-0.951658,-12.6673,-1.07072
9.68317,14.3633,-0.952456,-12.6779,-1.07001
9.69307,14.3538,-0.953254,-12.6885,-1.06931
9.70297,14.3444,-0.954052,-12.6991,-1.0686
9.71287,14.3349,-0.954849,-12.7097,-1.0679
9.72277,14.3255,-0.955645,-12.7203,-1.06719
9.73267,14.316,-0.956441,-12.7308,-1.06649
9.74257,14.3065,-0.957236,-12.7414,-1.06578
9.75248,14.2971,-0.958031,-12.7519,-1.06507
9.76238,14.2876,-0.958825,-12.7625,-1.06436
9.77228,14.2781,-0.959619,-12.773,-1.06366
9.78218,14.2686,-0.960412,-12.7835,-1.06295
9.79208,14.2591,-0.961205,-12.7941,-1.06224
9.80198,14.2495,-0.961997,-12.8046,-1.06153
9.81188,14.24,-0.962789,-12.8151,-1.06081
9.82178,14.2305,-0.96358,-12.8256,-1.0601
9.83168,14.2209,-0.964371,-12.8361,-1.05939
9.84158,14.2114,-0.965161,-12.8466,-1.05868
9.85149,14.2018,-0.965951,-12.857,-1.05796
9.86139,14.1923,-0.96674,-12.8675,-1.05725
9.87129,14.1827,-0.967529,-12.878,-1.05653
9.88119,14.1731,-0.968317,-12.8884,-1.05582
9.89109,14.1635,-0.969104,-12.8989,-1.0551
