0,-0.716267,0.75202,0.0728713,7.32186
0.00990099,-0.705108,1.49635,0.144987,7.20778
0.019802,-0.686635,2.22548,0.215599,7.01889
0.029703,-0.661036,2.93203,0.283974,6.75699
0.039604,-0.628572,3.60881,0.3494,6.42461
0.049505,-0.589571,4.24888,0.411192,6.02498
0.0594059,-0.544431,4.84562,0.468703,5.56198
0.0693069,-0.493613,5.3928,0.521326,5.04013
0.0792079,-0.437638,5.88461,0.568503,4.46459
0.0891089,-0.377081,6.31579,0.609728,3.84106
0.0990099,-0.312568,6.68158,0.644556,3.1758
0.108911,-0.244769,6.9779,0.672607,2.47554
0.118812,-0.174389,7.2013,0.693568,1.74743
0.128713,-0.102166,7.34907,0.7072,0.998983
0.138614,-0.0288615,7.41926,0.71334,0.23801
0.148515,0.0447501,7.41073,0.711903,-0.527472
0.158416,0.117885,7.32314,0.702885,-1.28931
0.168317,0.189761,7.15705,0.686363,-2.03931
0.178218,0.259606,6.91383,0.662494,-2.76931
0.188119,0.326665,6.59575,0.631516,-3.47131
0.19802,0.390211,6.20592,0.593747,-4.13753
0.207921,0.44955,5.74828,0.549578,-4.76053
0.217822,0.504034,5.22758,0.499473,-5.3333
0.227723,0.553062,4.64932,0.443963,-5.84932
0.237624,0.596094,4.01968,0.383641,-6.30271
0.247525,0.632655,3.34548,0.319154,-6.68825
0.257426,0.662338,2.63411,0.251199,-7.00149
0.267327,0.684812,1.89339,0.18051,-7.23878
0.277228,0.699828,1.13153,0.107856,-7.39737
0.287129,0.707217,0.356983,0.0340269,-7.47539
0.29703,0.706896,-0.421613,-0.0401719,-7.47192
0.306931,0.698868,-1.19558,-0.113932,-7.38699
0.316832,0.683222,-1.95631,-0.186449,-7.22156
0.326733,0.660131,-2.69533,-0.256934,-6.97755
0.336634,0.629852,-3.40447,-0.324619,-6.65775
0.346535,0.592719,-4.07592,-0.388772,-6.26585
0.356436,0.549144,-4.70232,-0.448698,-5.80632
0.366337,0.499608,-5.27688,-0.503752,-5.28441
0.376238,0.444656,-5.79343,-0.553344,-4.70603
0.386139,0.384891,-6.24648,-0.596946,-4.07769
0.39604,0.320967,-6.6313,-0.634096,-3.40643
0.405941,0.253581,-6.94396,-0.664406,-2.6997
0.415842,0.183465,-7.18133,-0.687562,-1.9653
0.425743,0.111378,-7.34115,-0.70333,-1.21127
0.435644,0.0380972,-7.42201,-0.711556,-0.445787
0.445545,-0.0355918,-7.42338,-0.712165,0.322905
0.455446,-0.108901,-7.34555,-0.705169,1.0866
0.465347,-0.181049,-7.18968,-0.690656,1.8372
0.475248,-0.251273,-6.95773,-0.668796,2.56683
0.485149,-0.318829,-6.65242,-0.639835,3.26787
0.49505,-0.383007,-6.27723,-0.604092,3.93307
0.50495,-0.443134,-5.83633,-0.561957,4.5556
0.514851,-0.498581,-5.33454,-0.513886,5.1291
0.524752,-0.548772,-4.77725,-0.460395,5.64775
0.534653,-0.593184,-4.17039,-0.402053,6.10632
0.544554,-0.631357,-3.52036,-0.33948,6.5002
0.554455,-0.662897,-2.83397,-0.273338,6.82545
0.564356,-0.687478,-2.11837,-0.204323,7.07883
0.574257,-0.704847,-1.38095,-0.133163,7.25783
0.584158,-0.714825,-0.62935,-0.0606043,7.36068
0.594059,-0.71731,0.128697,0.0125927,7.38637
0.60396,-0.712277,0.88538,0.0856605,7.33464
0.613861,-0.699778,1.6329,0.157833,7.20603
0.623762,-0.679941,2.36356,0.228354,7.0018
0.633663,-0.652973,3.06979,0.296482,6.72402
0.643564,-0.619151,3.74427,0.361502,6.37546
0.653465,-0.578826,4.37996,0.422727,5.95962
0.663366,-0.532416,4.97021,0.479512,5.48069
0.673267,-0.480403,5.50877,0.531253,4.94353
0.683168,-0.423328,5.9899,0.5774,4.3536
0.693069,-0.361788,6.40844,0.617459,3.71693
0.70297,-0.296426,6.75982,0.650998,3.04006
0.712871,-0.227928,7.04014,0.677653,2.33001
0.722772,-0.157015,7.24624,0.697131,1.59416
0.732673,-0.0844364,7.37569,0.709215,0.840216
0.742574,-0.0109609,7.42689,0.713763,0.0761364
0.752475,0.0626307,7.39902,0.710716,-0.689973
0.762376,0.135554,7.29214,0.700094,-1.44993
0.772277,0.207028,7.10714,0.681999,-2.19556
0.782178,0.276287,6.84576,0.656613,-2.91881
0.792079,0.342586,6.51062,0.624196,-3.6118
0.80198,0.405208,6.1051,0.585087,-4.26696
0.811881,0.463476,5.63344,0.539698,-4.87708
0.821782,0.516758,5.10059,0.488508,-5.43541
0.831683,0.564475,4.51222,0.432063,-5.93577
0.841584,0.606106,3.87464,0.370966,-6.37256
0.851485,0.641198,3.19472,0.305872,-6.74093
0.861386,0.669366,2.47985,0.237481,-7.03672
0.871287,0.690302,1.73782,0.166531,-7.25661
0.881188,0.703777,0.976719,0.0937857,-7.39814
0.891089,0.709642,0.204898,0.0200327,-7.45969
0.90099,0.707834,-0.56919,-0.053931,-7.44058
0.910891,0.698371,-1.33706,-0.127306,-7.34102
0.920792,0.681358,-2.0903,-0.199298,-7.16212
0.930693,0.656981,-2.82067,-0.26913,-6.90589
0.940594,0.625505,-3.52021,-0.336049,-6.57519
0.950495,0.587276,-4.18132,-0.399333,-6.17373
0.960396,0.542709,-4.79684,-0.458302,-5.70598
0.970297,0.492291,-5.36014,-0.512325,-5.17713
0.980198,0.43657,-5.86521,-0.560822,-4.59305
0.990099,0.376151,-6.30669,-0.603279,-3.96018
1,0.311688,-6.67993,-0.639246,-3.28547
1.0099,0.243877,-6.98107,-0.668342,-2.57629
1.0198,0.17345,-7.20704,-0.690265,-1.84035
1.0297,0.101164,-7.3556,-0.704789,-1.08563
1.0396,0.0277953,-7.42536,-0.711768,-0.320244
1.0495,-0.0458722,-7.41577,-0.711136,0.447599
1.05941,-0.119052,-7.32713,-0.702909,1.20972
1.06931,-0.190965,-7.16059,-0.687185,1.95802
1.07921,-0.260847,-6.91809,-0.664141,2.68462
1.08911,-0.327958,-6.60239,-0.634029,3.38188
1.09901,-0.391589,-6.21697,-0.597176,4.04251
1.10891,-0.451069,-5.76605,-0.553982,4.65962
1.11881,-0.505771,-5.25449,-0.504909,5.22683
1.12871,-0.55512,-4.68777,-0.450483,5.73826
1.13861,-0.5986,-4.07191,-0.391282,6.18864
1.14851,-0.635754,-3.41342,-0.327937,6.57336
1.15842,-0.666194,-2.71925,-0.261118,6.88846
1.16832,-0.689602,-1.99666,-0.191532,7.13073
1.17822,-0.705733,-1.25324,-0.119915,7.29768
1.18812,-0.71442,-0.496738,-0.0470236,7.38761
1.19802,-0.71557,0.264941,0.0263741,7.39962
1.20792,-0.709173,1.02385,0.0995035,7.33356
1.21782,-0.695295,1.77207,0.171593,7.19012
1.22772,-0.674082,2.50178,0.241882,6.97077
1.23762,-0.645754,3.20534,0.309628,6.67774
1.24752,-0.610608,3.87536,0.374114,6.31404
1.25743,-0.569012,4.50479,0.434657,5.88341
1.26733,-0.521402,5.08699,0.490615,5.39028
1.27723,-0.468278,5.61575,0.541393,4.83975
1.28713,-0.410197,6.08545,0.58645,4.23752
1.29703,-0.347772,6.49102,0.625302,3.58986
1.30693,-0.281661,6.82806,0.657533,2.90352
1.31683,-0.212562,7.09288,0.682794,2.18571
1.32673,-0.141206,7.28254,0.700811,1.44396
1.33663,-0.068352,7.39487,0.711384,0.686112
1.34653,0.0052271,7.42852,0.714394,-0.079793
1.35644,0.0787473,7.38296,0.7098,-0.8456
1.36634,0.151424,7.25854,0.697645,-1.60312
1.37624,0.22248,7.05642,0.678052,-2.34423
1.38614,0.291154,6.77863,0.651222,-3.06093
1.39604,0.356709,6.42801,0.617436,-3.74548
1.40594,0.41844,6.00822,0.577051,-4.39046
1.41584,0.475682,5.52367,0.530494,-4.98883
1.42574,0.527817,4.97951,0.47826,-5.53408
1.43564,0.574284,4.38152,0.420907,-6.02022
1.44554,0.614579,3.73613,0.359047,-6.44194
1.45545,0.648265,3.05028,0.293343,-6.7946
1.46535,0.674979,2.33137,0.2245,-7.07431
1.47525,0.69443,1.58718,0.153257,-7.27799
1.48515,0.706407,0.82577,0.0803813,-7.40341
1.49505,0.710781,0.0554024,0.0066554,-7.44916
1.50495,0.707504,-0.715563,-0.0671268,-7.41476
1.51485,0.696612,-1.47876,-0.140172,-7.30059
1.52475,0.678223,-2.22592,-0.211693,-7.1079
1.53465,0.652536,-2.94894,-0.280922,-6.83882
1.54455,0.619829,-3.64002,-0.347116,-6.49631
1.55446,0.580457,-4.29169,-0.409563,-6.08415
1.56436,0.534847,-4.89696,-0.467595,-5.60684
1.57426,0.483489,-5.44933,-0.520591,-5.06963
1.58416,0.426941,-5.94292,-0.567985,-4.47836
1.59406,0.365809,-6.37249,-0.609273,-3.83949
1.60396,0.300754,-6.73351,-0.644017,-3.15994
1.61386,0.232474,-7.0222,-0.671849,-2.44707
1.62376,0.161702,-7.23559,-0.692476,-1.70857
1.63366,0.0891955,-7.37151,-0.705685,-0.952398
1.64356,0.0157314,-7.42863,-0.711339,-0.186646
1.65347,-0.0579061,-7.40648,-0.709384,0.5805
1.66337,-0.130932,-7.30541,-0.699847,1.34087
1.67327,-0.202568,-7.12663,-0.682835,2.08638
1.68317,-0.272054,-6.87215,-0.658535,2.80915
1.69307,-0.338652,-6.54477,-0.62721,3.50155
1.70297,-0.401655,-6.14807,-0.589199,4.15629
1.71287,-0.460397,-5.68633,-0.544909,4.76651
1.72277,-0.514257,-5.16451,-0.494814,5.3258
1.73267,-0.562666,-4.58817,-0.439449,5.82833
1.74257,-0.605113,-3.96344,-0.379403,6.26884
1.75248,-0.641151,-3.29695,-0.315314,6.64276
1.76238,-0.6704,-2.59573,-0.247864,6.94619
1.77228,-0.692553,-1.86718,-0.177766,7.17598
1.78218,-0.707375,-1.11897,-0.105765,7.32973
1.79208,-0.714711,-0.358991,-0.0326229,7.40585
1.80198,-0.714484,0.40478,0.0408857,7.40355
1.81188,-0.706695,1.1643,0.113982,7.32285
1.82178,-0.691428,1.91159,0.185893,7.16457
1.83168,-0.668841,2.63876,0.255855,6.93035
1.84158,-0.639174,3.33815,0.323127,6.62263
1.85149,-0.602738,4.00238,0.386995,6.24461
1.86139,-0.559918,4.6244,0.446782,5.80021
1.87129,-0.511165,5.19761,0.50185,5.29408
1.88119,-0.456994,5.71591,0.551614,4.7315
1.89109,-0.397977,6.17375,0.595542,4.11838
1.90099,-0.33474,6.56623,0.633164,3.46115
1.91089,-0.267952,6.88908,0.664077,2.76673
1.92079,-0.198322,7.13881,0.687949,2.04245
1.93069,-0.126589,7.31266,0.70452,1.29597
1.94059,-0.053516,7.40868,0.713609,0.535217
1.9505,0.0201181,7.42575,0.715116,-0.231715
1.9604,0.0935285,7.36359,0.709018,-0.996647
1.9703,0.165931,7.22274,0.695378,-1.7514
1.9802,0.236552,7.00464,0.674335,-2.48788
1.9901,0.304636,6.71151,0.646111,-3.19817
2,0.369453,6.34642,0.611003,-3.87463
2.0099,0.430307,5.91321,0.569384,-4.50995
2.0198,0.486545,5.41648,0.521696,-5.09726
2.0297,0.537563,4.86151,0.468447,-5.63021
2.0396,0.582811,4.25422,0.410206,-6.103
2.0495,0.621804,3.60113,0.347595,-6.5105
2.05941,0.65412,2.90925,0.281285,-6.84828
2.06931,0.679412,2.18601,0.211985,-7.11267
2.07921,0.697407,1.43921,0.14044,-7.30079
2.08911,0.70791,0.676903,0.067415,-7.4106
2.09901,0.71081,-0.0926927,-0.00630493,-7.4409
2.10891,0.706075,-0.861273,-0.0799294,-7.39137
2.11881,0.693756,-1.62055,-0.152669,-7.26256
2.12871,0.673986,-2.36234,-0.223742,-7.05587
2.13861,0.646977,-3.07866,-0.292389,-6.77356
2.14851,0.613023,-3.7618,-0.357873,-6.41871
2.15842,0.572487,-4.40444,-0.419493,-5.99518
2.16832,0.525807,-4.99968,-0.47659,-5.50758
2.17822,0.473485,-5.54118,-0.528555,-4.96119
2.18812,0.416082,-6.02316,-0.574832,-4.36193
2.19802,0.354215,-6.4405,-0.614931,-3.71628
2.20792,0.288548,-6.78881,-0.648424,-3.03119
2.21782,0.219784,-7.06441,-0.674956,-2.31404
2.22772,0.148659,-7.26444,-0.694248,-1.57253
2.23762,0.0759341,-7.38685,-0.706097,-0.814602
2.24752,0.00238526,-7.4304,-0.710381,-0.0483677
2.25743,-0.0712026,-7.39472,-0.707057,0.718003
2.26733,-0.144045,-7.28028,-0.696164,1.47635
2.27723,-0.215367,-7.08836,-0.677824,2.21862
2.28713,-0.284409,-6.82109,-0.652233,2.93693
2.29703,-0.350439,-6.48136,-0.619668,3.6237
2.30693,-0.412754,-6.07286,-0.580478,4.27165
2.31683,-0.470694,-5.59996,-0.535082,4.87396
2.32673,-0.523645,-5.06771,-0.483965,5.42427
2.33663,-0.571046,-4.4818,-0.427671,5.91681
2.34653,-0.612395,-3.84845,-0.366801,6.34638
2.35644,-0.647254,-3.17437,-0.302001,6.70849
2.36634,-0.675254,-2.46671,-0.23396,6.99932
2.37624,-0.6961,-1.73296,-0.1634,7.21582
2.38614,-0.70957,-0.980869,-0.0910721,7.35571
2.39604,-0.715523,-0.218396,-0.0177426,7.41754
2.40594,-0.713895,0.546405,0.0558099,7.40063
2.41584,-0.704703,1.30545,0.128805,7.30516
2.42574,-0.688044,2.05071,0.200467,7.13212
2.43564,-0.664094,2.7743,0.270035,6.88331
2.44554,-0.633107,3.46855,0.33677,6.56134
2.45545,-0.595409,4.12611,0.399962,6.16958
2.46535,-0.551401,4.73999,0.458939,5.71215
2.47525,-0.501547,5.30364,0.513073,5.19384
2.48515,-0.446377,5.81106,0.561786,4.62013
2.49505,-0.386476,6.25681,0.60456,3.99705
2.50495,-0.322479,6.63612,0.640935,3.33119
2.51485,-0.255067,6.94488,0.670522,2.6296
2.52475,-0.184957,7.17976,0.693005,1.89972
2.53465,-0.112893,7.33819,0.708139,1.14928
2.54455,-0.0396457,7.41841,0.715761,0.386291
2.55446,0.0340057,7.41949,0.715787,-0.38113
2.56436,0.107275,7.34136,0.708213,-1.14479
2.57426,0.179379,7.18479,0.693116,-1.89651
2.58416,0.249547,6.95138,0.670657,-2.62825
2.59406,0.317029,6.64358,0.641071,-3.33215
2.60396,0.381103,6.26463,0.604672,-4.00066
2.61386,0.441081,5.81855,0.561849,-4.62657
2.62376,0.496321,5.31007,0.513056,-5.20315
2.63366,0.54623,4.74462,0.458816,-5.72419
2.64356,0.590273,4.12826,0.399706,-6.18405
2.65347,0.627977,3.46757,0.336359,-6.57778
2.66337,0.658937,2.76965,0.269453,-6.90112
2.67327,0.682821,2.04199,0.199703,-7.15058
2.68317,0.699372,1.2924,0.127857,-7.32347
2.69307,0.708413,0.528949,0.0546839,-7.41793
2.70297,0.709846,-0.240169,-0.0190326,-7.43294
2.71287,0.703657,-1.00668,-0.0925029,-7.36834
2.72277,0.689912,-1.76236,-0.16494,-7.22486
2.73267,0.66876,-2.49908,-0.235569,-7.00404
2.74257,0.640426,-3.20894,-0.303634,-6.70829
2.75248,0.605217,-3.88434,-0.368407,-6.34082
2.76238,0.563509,-4.51805,-0.429195,-5.90559
2.77228,0.515751,-5.10329,-0.48535,-5.40731
2.78218,0.462455,-5.63383,-0.536271,-4.85136
2.79208,0.404191,-6.10401,-0.581417,-4.24372
2.80198,0.341584,-6.50885,-0.620306,-3.59094
2.81188,0.275303,-6.84406,-0.652526,-2.90001
2.82178,0.206058,-7.10612,-0.677734,-2.17836
2.83168,0.134588,-7.29228,-0.695663,-1.4337
2.84158,0.0616568,-7.40061,-0.706125,-0.673993
2.85149,-0.0119584,-7.43002,-0.709011,0.0926433
2.86139,-0.0854725,-7.38025,-0.704292,0.858043
2.87129,-0.158102,-7.25188,-0.692021,1.61406
2.88119,-0.229074,-7.04634,-0.672331,2.35266
2.89109,-0.297634,-6.76585,-0.645435,3.066
2.90099,-0.363052,-6.41344,-0.611619,3.74652
2.91089,-0.424634,-5.9929,-0.571247,4.38701
2.92079,-0.481724,-5.50873,-0.524748,4.9807
2.93069,-0.533718,-4.96607,-0.47262,5.52131
2.94059,-0.580063,-4.37073,-0.415416,6.00312
2.9505,-0.620268,-3.72901,-0.353746,6.42104
2.9604,-0.653905,-3.04773,-0.288267,6.77068
2.9703,-0.680619,-2.33413,-0.219673,7.04832
2.9802,-0.700126,-1.59576,-0.148696,7.25103
2.9901,-0.712219,-0.840455,-0.0760884,7.37668
3,-0.716769,-0.076213,-0.00262282,7.42392
3.0099,-0.713728,0.688865,0.0709201,7.39225
3.0198,-0.703127,1.44667,0.143758,7.28199
3.0297,-0.68508,2.18916,0.215118,7.09429
3.0396,-0.659777,2.90846,0.284239,6.83111
3.0495,-0.627486,3.59693,0.350387,6.49523
3.05941,-0.58855,4.24724,0.412858,6.09018
3.06931,-0.543382,4.85247,0.470984,5.62023
3.07921,-0.492461,5.40616,0.524149,5.09033
3.08911,-0.436329,5.90241,0.571783,4.5061
3.09901,-0.375581,6.33589,0.613378,3.87372
3.10891,-0.310865,6.70195,0.648489,3.19989
3.11881,-0.242869,6.99666,0.676741,2.49177
3.12871,-0.172317,7.21683,0.69783,1.75687
3.13861,-0.0999614,7.36005,0.711529,1.00303
3.14851,-0.0265735,7.42476,0.717691,0.238275
3.15842,0.0470635,7.41022,0.716247,-0.529231
3.16832,0.120163,7.31653,0.70721,-1.29129
3.17822,0.191945,7.14464,0.690676,-2.03974
3.18812,0.261641,6.89635,0.666818,-2.76657
3.19802,0.328506,6.57429,0.635891,-3.46401
3.20792,0.391824,6.18186,0.598223,-4.12455
3.21782,0.450918,5.72325,0.554216,-4.74111
3.22772,0.505155,5.20333,0.50434,-5.30707
3.23762,0.553954,4.62767,0.449126,-5.81634
3.24752,0.596792,4.00243,0.389164,-6.26344
3.25743,0.63321,3.33429,0.325097,-6.64357
3.26733,0.662817,2.63043,0.257609,-6.95264
3.27723,0.685297,1.89838,0.187421,-7.18732
3.28713,0.700409,1.146,0.115286,-7.34511
3.29703,0.70799,0.381369,0.0419736,-7.42431
3.30693,0.707961,-0.387323,-0.0317303,-7.42407
3.31683,0.700321,-1.15183,-0.105038,-7.34443
3.32673,0.685153,-1.90395,-0.177164,-7.18624
3.33663,0.662619,-2.63564,-0.247339,-6.95123
3.34653,0.632962,-3.33906,-0.314813,-6.64193
3.35644,0.5965,-4.00669,-0.378863,-6.2617
3.36634,0.553622,-4.63139,-0.438807,-5.81462
3.37624,0.504789,-5.20651,-0.494004,-5.30551
3.38614,0.450524,-5.72592,-0.543867,-4.73985
3.39604,0.391405,-6.1841,-0.587864,-4.12371
3.40594,0.328066,-6.57618,-0.625526,-3.4637
3.41584,0.261184,-6.89802,-0.656453,-2.76689
3.42574,0.191472,-7.14622,-0.680316,-2.04073
3.43564,0.119675,-7.31817,-0.696864,-1.29298
3.44554,0.0465579,-7.41209,-0.705921,-0.531621
3.45545,-0.0270993,-7.42701,-0.707392,0.235227
3.46535,-0.100512,-7.36282,-0.701264,0.999399
3.47525,-0.172898,-7.22024,-0.687603,1.75277
3.48515,-0.243487,-7.00082,-0.666556,2.48732
3.49505,-0.311528,-6.70693,-0.638349,3.19526
3.50495,-0.376298,-6.34171,-0.603284,3.86907
3.51485,-0.437107,-5.90908,-0.561735,4.50161
3.52475,-0.49331,-5.41365,-0.514144,5.08616
3.53465,-0.544309,-4.8607,-0.461019,5.61655
3.54455,-0.589562,-4.2561,-0.402925,6.08713
3.55446,-0.628589,-3.60629,-0.340481,6.49294
3.56436,-0.660974,-2.91816,-0.274352,6.82966
3.57426,-0.686374,-2.19901,-0.20524,7.09373
3.58416,-0.704519,-1.45649,-0.133882,7.28235
3.59406,-0.715215,-0.698465,-0.0610354,7.3935
3.60396,-0.71835,0.0670109,0.0125241,7.426
3.61386,-0.713888,0.831813,0.0860142,7.37949
3.62376,-0.701878,1.58782,0.158653,7.25445
3.63366,-0.682446,2.32699,0.229667,7.05218
3.64356,-0.655798,3.04147,0.2983,6.7748
3.65347,-0.622218,3.72366,0.363821,6.42525
3.66337,-0.582062,4.36628,0.425532,6.00722
3.67327,-0.535757,4.96248,0.482775,5.52511
3.68317,-0.483795,5.5059,0.53494,4.98404
3.69307,-0.426729,5.99072,0.581469,4.38973
3.70297,-0.365166,6.41175,0.621865,3.74851
3.71287,-0.299763,6.76447,0.655696,3.06718
3.72277,-0.231216,7.04509,0.6826,2.35298
3.73267,-0.160256,7.25057,0.702289,1.61353
3.74257,-0.0876404,7.37868,0.71455,0.856701
3.75248,-0.0141437,7.42802,0.719252,0.0905755
3.76238,0.059449,7.39803,0.716343,-0.676665
3.77228,0.132352,7.28899,0.705852,-1.43682
3.78218,0.203785,7.10204,0.687891,-2.18175
3.79208,0.272986,6.83914,0.662649,-2.90348
3.80198,0.339213,6.50309,0.630396,-3.59429
3.81188,0.401759,6.09746,0.591474,-4.24676
3.82178,0.459955,5.62658,0.546301,-4.8539
3.83168,0.513176,5.09548,0.495358,-5.40919
3.84158,0.560855,4.50983,0.439188,-5.90667
3.85149,0.60248,3.87592,0.378394,-6.34102
3.86139,0.637605,3.20052,0.313624,-6.70758
3.87129,0.665856,2.49087,0.245571,-7.0024
3.88119,0.68693,1.75458,0.174962,-7.22235
3.89109,0.7006,0.999544,0.102554,-7.36506
3.90099,0.706723,0.233842,0.0291197,-7.42903
3.91089,0.705231,-0.534319,-0.0445554,-7.41357
3.92079,0.696142,-1.29671,-0.117684,-7.31888
3.93069,0.679554,-2.04518,-0.189484,-7.14599
3.94059,0.655644,-2.77172,-0.259189,-6.89677
3.9505,0.624669,-3.46857,-0.326054,-6.57391
3.9604,0.58696,-4.12829,-0.389365,-6.1809
3.9703,0.542921,-4.74384,-0.448448,-5.72196
3.9802,0.493023,-5.30867,-0.502672,-5.20202
3.9901,0.437799,-5.81676,-0.551459,-4.62666
4,0.37784,-6.26273,-0.594289,-4.00205
4.0099,0.313785,-6.64183,-0.630708,-3.33488
4.0198,0.246319,-6.95005,-0.660327,-2.63226
4.0297,0.17616,-7.18415,-0.682833,-1.90172
4.0396,0.104058,-7.34166,-0.697986,-1.15104
4.0495,0.0307807,-7.42094,-0.705626,-0.388231
4.05941,-0.0428913,-7.42117,-0.705674,0.37859
4.06931,-0.116173,-7.34237,-0.69813,1.14126
4.07921,-0.188285,-7.18543,-0.683075,1.89166
4.08911,-0.258459,-6.95202,-0.660672,2.62183
4.09901,-0.325949,-6.64465,-0.631158,3.324
4.10891,-0.390037,-6.2666,-0.59485,3.99072
4.11881,-0.450041,-5.82191,-0.552135,4.6149
4.12871,-0.505323,-5.31532,-0.503466,5.18994
4.13861,-0.555295,-4.7522,-0.449364,5.70971
4.14851,-0.599426,-4.13855,-0.390403,6.16871
4.15842,-0.637247,-3.48089,-0.327211,6.56206
4.16832,-0.668355,-2.7862,-0.260461,6.88558
4.17822,-0.692419,-2.06185,-0.190862,7.13583
4.18812,-0.709183,-1.31555,-0.119157,7.31014
4.19802,-0.718469,-0.555218,-0.046107,7.40664
4.20792,-0.720178,0.211066,0.0275095,7.42431
4.21782,-0.71429,0.975156,0.100909,7.36292
4.22772,-0.700867,1.72893,0.17331,7.22311
4.23762,-0.680053,2.46435,0.243941,7.00635
4.24752,-0.652068,3.17361,0.312049,6.71491
4.25743,-0.617209,3.84913,0.376909,6.35188
4.26733,-0.575847,4.4837,0.437829,5.92108
4.27723,-0.528422,5.07056,0.494158,5.4271
4.28713,-0.475439,5.60343,0.545296,4.87515
4.29703,-0.417463,6.0766,0.590695,4.27112
4.30693,-0.355111,6.48499,0.629872,3.62141
4.31683,-0.289047,6.82423,0.662406,2.93294
4.32673,-0.219977,7.09066,0.687949,2.21304
4.33663,-0.148638,7.28142,0.706228,1.4694
4.34653,-0.0757908,7.39442,0.717045,0.709946
4.35644,-0.00221382,7.42844,0.720285,-0.057203
4.36634,0.0713069,7.38309,0.715912,-0.823848
4.37624,0.143986,7.25882,0.703971,-1.58179
4.38614,0.215046,7.05695,0.684589,-2.32291
4.39604,0.283727,6.77961,0.657972,-3.03929
4.40594,0.349295,6.42976,0.624405,-3.72323
4.41584,0.411049,6.01114,0.584245,-4.36743
4.42574,0.468327,5.5282,0.537921,-4.96497
4.43564,0.520518,4.98614,0.485929,-5.50945
4.44554,0.567062,4.39073,0.428823,-5.99504
4.45545,0.607463,3.74837,0.367215,-6.41654
4.46535,0.641287,3.06593,0.301763,-6.76945
4.47525,0.668174,2.35072,0.233167,-7.04998
4.48515,0.687836,1.61041,0.16216,-7.25514
4.49505,0.700064,0.852916,0.0895008,-7.38276
4.50495,0.704726,0.0863536,0.0159666,-7.43149
4.51485,0.701774,-0.681075,-0.0576573,-7.40082
4.52475,0.69124,-1.44116,-0.130584,-7.2911
4.53465,0.673236,-2.18579,-0.202035,-7.10353
4.54455,0.647957,-2.90699,-0.271248,-6.84014
4.55446,0.615673,-3.59708,-0.337484,-6.50378
4.56436,0.576728,-4.2487,-0.400036,-6.09806
4.57426,0.53154,-4.85491,-0.458238,-5.62734
4.58416,0.480592,-5.40925,-0.511469,-5.09666
4.59406,0.424427,-5.90584,-0.559163,-4.51172
4.60396,0.363645,-6.3394,-0.600811,-3.87877
4.61386,0.298894,-6.70534,-0.635971,-3.20458
4.62376,0.230866,-6.99978,-0.664268,-2.49634
4.63366,0.160285,-7.21962,-0.685403,-1.7616
4.64356,0.0879029,-7.36253,-0.699152,-1.00821
4.65347,0.0144917,-7.42703,-0.705368,-0.244172
4.66337,-0.0591672,-7.41245,-0.703988,0.522367
4.67327,-0.13229,-7.31897,-0.695025,1.28325
4.68317,-0.204098,-7.14759,-0.678577,2.0304
4.69307,-0.273826,-6.90015,-0.654819,2.75588
4.70297,-0.340735,-6.57931,-0.624005,3.45196
4.71287,-0.40411,-6.18847,-0.586464,4.11127
4.72277,-0.463279,-5.7318,-0.542594,4.72679
4.73267,-0.517611,-5.21416,-0.492864,5.29199
4.74257,-0.56653,-4.64104,-0.437802,5.80086
4.75248,-0.609513,-4.01853,-0.377995,6.24799
4.76238,-0.646105,-3.35325,-0.314079,6.62862
4.77228,-0.675914,-2.65226,-0.246735,6.93869
4.78218,-0.698625,-1.92301,-0.176679,7.17491
4.79208,-0.713994,-1.17325,-0.104658,7.33474
4.80198,-0.721857,-0.410953,-0.0314368,7.41647
4.81188,-0.722131,0.355783,0.0422034,7.41921
4.82178,-0.714812,1.1188,0.115478,7.3429
4.83168,-0.699976,1.86996,0.187607,7.18833
4.84158,-0.677782,2.60127,0.257821,6.95713
4.85149,-0.648465,3.30494,0.325372,6.65172
4.86139,-0.612337,3.97345,0.389538,6.27534
4.87129,-0.569783,4.59966,0.449636,5.83197
4.88119,-0.521255,5.17687,0.505022,5.32631
4.89109,-0.46727,5.69892,0.555107,4.76374
4.90099,-0.408405,6.16019,0.599353,4.15024
4.91089,-0.345286,6.55576,0.637289,3.49233
4.92079,-0.278588,6.88136,0.668508,2.79704
4.93069,-0.209021,7.1335,0.692676,2.07178
4.94059,-0.13733,7.30945,0.709533,1.32428
4.9505,-0.06428,7.40731,0.718899,0.56255
4.9604,0.00934895,7.42602,0.720672,-0.205282
4.9703,0.0827696,7.36534,0.714833,-0.971
4.9802,0.155197,7.22593,0.701444,-1.72641
4.9901,0.225857,7.00924,0.680647,-2.46342
5,0.293994,6.7176,0.652663,-3.17415
5.0099,0.358878,6.35412,0.617792,-3.85097
5.0198,0.419817,5.92268,0.576406,-4.48665
5.0297,0.476159,5.42791,0.528948,-5.07438
5.0396,0.527301,4.8751,0.475924,-5.60786
5.0495,0.572695,4.27018,0.417901,-6.08139
5.05941,0.611858,3.61962,0.3555,-6.4899
5.06931,0.644371,2.93039,0.289388,-6.82904
5.07921,0.669886,2.20988,0.220272,-7.09519
5.08911,0.688131,1.4658,0.14889,-7.28552
5.09901,0.698912,0.706112,0.0760042,-7.39801
5.10891,0.702114,-0.0610516,0.00239439,-7.43148
5.11881,0.697703,-0.827492,-0.0711538,-7.3856
5.12871,0.685728,-1.58502,-0.143855,-7.26089
5.13861,0.666317,-2.32555,-0.214934,-7.05869
5.14851,0.639678,-3.04118,-0.283632,-6.78121
5.15842,0.606096,-3.72428,-0.349216,-6.43143
5.16832,0.565931,-4.36758,-0.410987,-6.01311
5.17822,0.51961,-4.96422,-0.468287,-5.53073
5.18812,0.467629,-5.50788,-0.520507,-4.98946
5.19802,0.410543,-5.99277,-0.567089,-4.3951
5.20792,0.348961,-6.41375,-0.607539,-3.75398
5.21782,0.283538,-6.76636,-0.641426,-3.07296
5.22772,0.214973,-7.04687,-0.66839,-2.3593
5.23762,0.143996,-7.25231,-0.688145,-1.6206
5.24752,0.0713631,-7.38052,-0.700482,-0.864718
5.25743,-0.00215275,-7.43015,-0.705269,-0.099711
5.26733,-0.0757687,-7.40069,-0.702457,0.666289
5.27723,-0.148701,-7.29247,-0.692075,1.42514
5.28713,-0.220174,-7.10665,-0.674236,2.16877
5.29703,-0.289427,-6.84521,-0.64913,2.88927
5.30693,-0.355723,-6.51093,-0.617023,3.579
5.31683,-0.418357,-6.10738,-0.578258,4.23063
5.32673,-0.476662,-5.63884,-0.533248,4.83721
5.33663,-0.530017,-5.11028,-0.482472,5.39232
5.34653,-0.577855,-4.52732,-0.426469,5.89003
5.35644,-0.619667,-3.89615,-0.365837,6.32505
5.36634,-0.655007,-3.22347,-0.301221,6.69274
5.37624,-0.683498,-2.51643,-0.233307,6.98919
5.38614,-0.704837,-1.78255,-0.162821,7.21121
5.39604,-0.718796,-1.02962,-0.0905111,7.35643
5.40594,-0.725225,-0.265653,-0.0171487,7.42328
5.41584,-0.724056,0.501215,0.0564846,7.41102
5.42574,-0.7153,1.26282,0.129604,7.31975
5.43564,-0.699049,2.01104,0.20143,7.15042
5.44554,-0.675477,2.7379,0.271196,6.9048
5.45545,-0.644833,3.43565,0.338158,6.58549
5.46535,-0.607444,4.09682,0.401602,6.19587
5.47525,-0.563707,4.71435,0.460849,5.74007
5.48515,-0.51409,5.28163,0.515266,5.22292
5.49505,-0.45912,5.79258,0.564272,4.64994
5.50495,-0.399385,6.24173,0.607343,4.02721
5.51485,-0.335522,6.62424,0.644019,3.36139
5.52475,-0.268212,6.93602,0.673905,2.65957
5.53465,-0.198175,7.17371,0.696683,1.92925
5.54455,-0.126159,7.33474,0.712108,1.17824
5.55446,-0.0529327,7.41739,0.720014,0.414564
5.56436,0.0207201,7.42074,0.720317,-0.353608
5.57426,0.0940123,7.34475,0.713012,-1.11805
5.58416,0.16616,7.19022,0.698177,-1.87059
5.59406,0.236393,6.95881,0.67597,-2.60316
5.60396,0.303958,6.65299,0.646629,-3.30792
5.61386,0.368135,6.27602,0.610467,-3.97733
5.62376,0.428236,5.83196,0.56787,-4.60422
5.63366,0.483619,5.32556,0.519294,-5.18188
5.64356,0.533692,4.76224,0.465259,-5.70414
5.65347,0.577921,4.14804,0.406341,-6.16542
5.66337,0.615832,3.48956,0.343171,-6.5608
5.67327,0.647021,2.79382,0.276424,-6.88606
5.68317,0.671155,2.0683,0.206814,-7.13774
5.69307,0.687978,1.32075,0.135083,-7.31318
5.70297,0.697309,0.559166,0.0619986,-7.41051
5.71287,0.699051,-0.208309,-0.0116596,-7.42874
5.72277,0.693185,-0.973479,-0.0851052,-7.36768
5.73267,0.679774,-1.72818,-0.157554,-7.22803
5.74257,0.658964,-2.46435,-0.228235,-7.01129
5.75248,0.630976,-3.17415,-0.296392,-6.71982
5.76238,0.59611,-3.85003,-0.361301,-6.35674
5.77228,0.554738,-4.48478,-0.422269,-5.92596
5.78218,0.507302,-5.07167,-0.478647,-5.43209
5.79208,0.454309,-5.60445,-0.529835,-4.8804
5.80198,0.396323,-6.07747,-0.575289,-4.2768
5.81188,0.333963,-6.48571,-0.614525,-3.62772
5.82178,0.267893,-6.82485,-0.647125,-2.94008
5.83168,0.198818,-7.0913,-0.672745,-2.22122
5.84158,0.127472,-7.28224,-0.69111,-1.47877
5.85149,0.0546146,-7.39566,-0.702028,-0.720647
5.86139,-0.0189775,-7.43036,-0.705381,0.0450893
5.87129,-0.0925215,-7.38599,-0.701135,0.810299
5.88119,-0.165235,-7.26301,-0.689335,1.56685
5.89109,-0.236344,-7.06275,-0.670108,2.30669
5.90099,-0.305092,-6.78734,-0.643658,3.02197
5.91089,-0.370747,-6.43968,-0.610267,3.70509
5.92079,-0.43261,-6.02349,-0.57029,4.34876
5.93069,-0.490024,-5.54318,-0.524153,4.94616
5.94059,-0.542376,-5.00384,-0.472346,5.49092
5.9505,-0.58911,-4.4112,-0.415422,5.97724
5.9604,-0.629727,-3.77154,-0.353985,6.39993
5.9703,-0.663794,-3.09168,-0.28869,6.75449
5.9802,-0.690948,-2.37882,-0.220232,7.03711
5.9901,-0.710899,-1.64056,-0.149341,7.24477
6,-0.723434,-0.884732,-0.0767714,7.37524
6.0099,-0.728418,-0.119395,-0.00329668,7.42709
6.0198,-0.725797,0.647302,0.0702997,7.39975
6.0297,-0.7156,1.40719,0.143233,7.29348
6.0396,-0.697932,2.15215,0.214725,7.10938
6.0495,-0.672982,2.87424,0.284012,6.84939
6.05941,-0.641016,3.56574,0.350356,6.51625
6.06931,-0.602373,4.21926,0.413047,6.11349
6.07921,-0.557466,4.82781,0.471415,5.6454
6.08911,-0.506773,5.38485,0.524836,5.11694
6.09901,-0.450835,5.88444,0.57274,4.53376
6.10891,-0.390249,6.3212,0.614613,3.90206
6.11881,-0.325663,6.69044,0.650008,3.22859
6.12871,-0.257765,6.98821,0.678545,2.52054
6.13861,-0.187282,7.2113,0.699919,1.78549
6.14851,-0.114967,7.35731,0.713901,1.03129
6.15842,-0.0415933,7.42466,0.72034,0.266013
6.16832,0.0320553,7.41262,0.719168,-0.502145
6.17822,0.105191,7.32132,0.710397,-1.26496
6.18812,0.177032,7.15174,0.69412,-2.01427
6.19802,0.246809,6.90568,0.67051,-2.74206
6.20792,0.313778,6.5858,0.639821,-3.44054
6.21782,0.377221,6.19552,0.602381,-4.10222
6.22772,0.436461,5.73902,0.558589,-4.72004
6.23762,0.490865,5.22121,0.508915,-5.28739
6.24752,0.539851,4.64763,0.453889,-5.79821
6.25743,0.582897,4.02443,0.394099,-6.24705
6.26733,0.619543,3.3583,0.330185,-6.62912
6.27723,0.649399,2.65636,0.26283,-6.94037
6.28713,0.672145,1.92612,0.192752,-7.17749
6.29703,0.68754,1.1754,0.120701,-7.33797
6.30693,0.695421,0.412226,0.047446,-7.42013
6.31683,0.695703,-0.355263,-0.0262319,-7.42311
6.32673,0.688386,-1.11887,-0.0995463,-7.34691
6.33663,0.673548,-1.87045,-0.171715,-7.19238
6.34653,0.651348,-2.602,-0.24197,-6.96119
6.35644,0.622024,-3.30572,-0.309561,-6.65584
6.36634,0.585888,-3.97413,-0.373769,-6.2796
6.37624,0.543328,-4.60012,-0.43391,-5.83651
6.38614,0.494797,-5.17704,-0.489344,-5.33131
6.39604,0.440813,-5.69877,-0.539481,-4.76938
6.40594,0.38195,-6.15976,-0.583788,-4.15674
6.41584,0.318837,-6.55513,-0.621793,-3.4999
6.42574,0.252146,-6.88068,-0.653093,-2.80586
6.43564,0.182586,-7.13298,-0.677355,-2.08202
6.44554,0.110899,-7.30934,-0.694322,-1.33607
6.45545,0.0378464,-7.40791,-0.703812,-0.575937
6.46535,-0.035793,-7.42764,-0.705726,0.190287
6.47525,-0.109236,-7.36833,-0.700044,0.95446
6.48515,-0.181701,-7.2306,-0.686826,1.70846
6.49505,-0.252416,-7.01592,-0.666213,2.44428
6.50495,-0.32063,-6.72656,-0.638425,3.15408
6.51485,-0.385616,-6.3656,-0.603756,3.83033
6.52475,-0.446682,-5.93686,-0.562576,4.46582
6.53465,-0.503177,-5.44488,-0.515324,5.05379
6.54455,-0.554501,-4.89489,-0.462501,5.58797
6.55446,-0.600106,-4.29273,-0.404671,6.06266
6.56436,-0.639505,-3.64478,-0.342448,6.47281
6.57426,-0.672279,-2.95793,-0.276496,6.81402
6.58416,-0.698078,-2.23948,-0.207517,7.08263
6.59406,-0.716625,-1.49708,-0.136246,7.27577
6.60396,-0.727723,-0.738634,-0.0634423,7.39134
6.61386,-0.731251,0.0277844,0.0101173,7.42809
6.62376,-0.727172,0.794001,0.0836484,7.38558
6.63366,-0.715528,1.55184,0.156366,7.26426
6.64356,-0.696442,2.29321,0.227495,7.06537
6.65347,-0.670117,3.01019,0.296274,6.79102
6.66337,-0.636834,3.69512,0.36197,6.44411
6.67327,-0.596946,4.34065,0.42388,6.02832
6.68317,-0.55088,4.93988,0.481343,5.54808
6.69307,-0.499127,5.4864,0.533743,5.00849
6.70297,-0.442238,5.97433,0.58052,4.41532
6.71287,-0.380823,6.39845,0.621174,3.7749
6.72277,-0.315537,6.7542,0.65527,3.09406
6.73267,-0.247077,7.03776,0.682443,2.3801
6.74257,-0.176175,7.24609,0.7024,1.64064
6.75248,-0.10359,7.37695,0.71493,0.883595
6.76238,-0.0300972,7.42894,0.719897,0.117078
6.77228,0.0435174,7.40149,0.717248,-0.65071
6.78218,0.116467,7.29491,0.707012,-1.41155
6.79208,0.187971,7.11033,0.689297,-2.15729
6.80198,0.257265,6.84974,0.664293,-2.87996
6.81188,0.323609,6.51595,0.632268,-3.57183
6.82178,0.386294,6.11253,0.593564,-4.22549
6.83168,0.444649,5.64381,0.548595,-4.83397
6.84158,0.498052,5.11483,0.497842,-5.39075
6.85149,0.545933,4.53125,0.441848,-5.88992
6.86139,0.58778,3.89934,0.381211,-6.32613
6.87129,0.623148,3.22585,0.316578,-6.69477
6.88119,0.651659,2.518,0.248641,-6.9919
6.89109,0.67301,1.78336,0.178125,-7.21438
6.90099,0.686973,1.02977,0.105782,-7.35987
6.91089,0.693402,0.265302,0.0323849,-7.42684
6.92079,0.692227,-0.501902,-0.041284,-7.4146
6.93069,0.683464,-1.26366,-0.114439,-7.32331
6.94059,0.667205,-2.01185,-0.1863,-7.15397
6.9505,0.643625,-2.73851,-0.256102,-6.90843
6.9604,0.612977,-3.43591,-0.323101,-6.58931
6.9703,0.575588,-4.09663,-0.386584,-6.20005
6.9802,0.531856,-4.71365,-0.445875,-5.7448
6.9901,0.482248,-5.28041,-0.500343,-5.22843
7,0.427294,-5.7909,-0.549409,-4.65645
7.0099,0.367577,-6.2397,-0.59255,-4.03495
7.0198,0.303735,-6.62205,-0.629309,-3.37056
7.0297,0.236447,-6.9339,-0.659294,-2.67034
7.0396,0.16643,-7.17193,-0.682187,-1.94174
7.0495,0.0944288,-7.33363,-0.697745,-1.1925
7.05941,0.0212096,-7.41728,-0.705801,-0.430602
7.06931,-0.0524482,-7.42199,-0.706272,0.335867
7.07921,-0.125761,-7.3477,-0.699151,1.09876
7.08911,-0.197947,-7.19521,-0.684514,1.84996
7.09901,-0.26824,-6.96612,-0.662517,2.58149
7.10891,-0.335891,-6.66287,-0.633395,3.28556
7.11881,-0.400178,-6.28865,-0.597457,3.95468
7.12871,-0.460418,-5.84743,-0.555084,4.58173
7.13861,-0.515969,-5.3439,-0.506729,5.16001
7.14851,-0.566238,-4.7834,-0.452906,5.68338
7.15842,-0.610689,-4.17186,-0.394187,6.14623
7.16832,-0.648849,-3.5158,-0.331198,6.54361
7.17822,-0.680309,-2.82218,-0.26461,6.87128
7.18812,-0.704733,-2.09839,-0.195133,7.1257
7.19802,-0.72186,-1.35212,-0.123507,7.30416
7.20792,-0.731507,-0.591333,-0.0504961,7.4047
7.21782,-0.73357,0.175863,0.0231207,7.42623
7.22772,-0.728024,0.941281,0.0965579,7.3685
7.23762,-0.71493,1.69675,0.169031,7.23208
7.24752,-0.694425,2.43419,0.239767,7.01841
7.25743,-0.666728,3.14572,0.308009,6.72974
7.26733,-0.632133,3.82373,0.373029,6.36914
7.27723,-0.59101,4.46095,0.434131,5.94044
7.28713,-0.543797,5.05055,0.490661,5.4482
7.29703,-0.490999,5.58623,0.542015,4.89769
7.30693,-0.433179,6.06223,0.587644,4.29476
7.31683,-0.370955,6.47345,0.62706,3.64588
7.32673,-0.304992,6.81548,0.65984,2.95797
7.33663,-0.235995,7.08466,0.685633,2.2384
7.34653,-0.164702,7.2781,0.704164,1.49487
7.35644,-0.0918744,7.39372,0.715234,0.735342
7.36634,-0.0182917,7.43029,0.718725,-0.0320566
7.37624,0.0552598,7.38742,0.7146,-0.799108
7.38614,0.127994,7.26558,0.702902,-1.5576
7.39604,0.199133,7.06608,0.683756,-2.29943
7.40594,0.267916,6.79108,0.657369,-3.01664
7.41584,0.333609,6.44352,0.624021,-3.70158
7.42574,0.39551,6.02714,0.58407,-4.34692
7.43564,0.452959,5.54642,0.537944,-4.94578
7.44554,0.505341,5.00651,0.486134,-5.49177
7.45545,0.552098,4.4132,0.429196,-5.97908
7.46535,0.592731,3.77284,0.367737,-6.4025
7.47525,0.626808,3.09229,0.302414,-6.75755
7.48515,0.653965,2.37883,0.233924,-7.04046
7.49505,0.673914,1.64008,0.162999,-7.24824
7.50495,0.686442,0.883931,0.0903947,-7.3787
7.51485,0.691418,0.118456,0.016886,-7.43047
7.52475,0.688788,-0.648186,-0.0567434,-7.40303
7.53465,0.678583,-1.40782,-0.129709,-7.2967
7.54455,0.660911,-2.15237,-0.201233,-7.11265
7.55446,0.635962,-2.8739,-0.270554,-6.85285
7.56436,0.604003,-3.56474,-0.336933,-6.52009
7.57426,0.565373,-4.21755,-0.399665,-6.11794
7.58416,0.520487,-4.8254,-0.458081,-5.65069
7.59406,0.469821,-5.38181,-0.51156,-5.12333
7.60396,0.413916,-5.8809,-0.559533,-4.54147
7.61386,0.353368,-6.31736,-0.601491,-3.91132
7.62376,0.28882,-6.68656,-0.636985,-3.23957
7.63366,0.22096,-6.98458,-0.665641,-2.53336
7.64356,0.150511,-7.20825,-0.687151,-1.80022
7.65347,0.0782226,-7.3552,-0.701289,-1.04794
7.66337,0.00486359,-7.42386,-0.707903,-0.284499
7.67327,-0.0687848,-7.4135,-0.706922,0.481971
7.68317,-0.141939,-7.32422,-0.698358,1.24333
7.69307,-0.213819,-7.15695,-0.682302,1.99148
7.70297,-0.28366,-6.91346,-0.658923,2.71846
7.71287,-0.350719,-6.59633,-0.628471,3.41654
7.72277,-0.414281,-6.20891,-0.591269,4.07827
7.73267,-0.473668,-5.75531,-0.547713,4.6966
7.74257,-0.528247,-5.24034,-0.498266,5.26495
7.75248,-0.577437,-4.66945,-0.443456,5.77724
7.76238,-0.620711,-4.04872,-0.383865,6.22798
7.77228,-0.657609,-3.38474,-0.320129,6.61237
7.78218,-0.687735,-2.68458,-0.252927,6.92627
7.79208,-0.710768,-1.95569,-0.182975,7.16631
7.80198,-0.726461,-1.20583,-0.11102,7.32991
7.81188,-0.734646,-0.443007,-0.0378286,7.41528
7.82178,-0.735233,0.324645,0.0358172,7.42149
7.83168,-0.728217,1.08893,0.109131,7.34845
7.84158,-0.71367,1.84167,0.181331,7.19691
7.85149,-0.691748,2.57482,0.251644,6.96846
7.86139,-0.662683,3.28055,0.31932,6.66553
7.87129,-0.626786,3.95129,0.383634,6.29133
7.88119,-0.58444,4.57985,0.4439,5.84985
7.89109,-0.536096,5.15952,0.499473,5.3458
7.90099,-0.482271,5.68406,0.549757,4.78457
7.91089,-0.42354,6.14787,0.594216,4.17214
7.92079,-0.360531,6.54597,0.632374,3.51508
7.93069,-0.293917,6.8741,0.663822,2.82042
7.94059,-0.22441,7.12874,0.688223,2.09558
7.9505,-0.152754,7.30717,0.705318,1.34834
7.9604,-0.079714,7.40748,0.714923,0.586679
7.9703,-0.00607136,7.42861,0.716936,-0.181238
7.9802,0.0673869,7.37033,0.711334,-0.947194
7.9901,0.139876,7.2333,0.698179,-1.70299
8,0.21062,7.01898,0.677612,-2.44056
8.0099,0.278865,6.72968,0.649852,-3.15199
8.0198,0.343882,6.36853,0.615197,-3.82971
8.0297,0.404975,5.9394,0.574016,-4.46647
8.0396,0.461494,5.4469,0.526752,-5.05547
8.0495,0.512835,4.89631,0.473908,-5.59045
8.05941,0.558451,4.29352,0.41605,-6.0657
8.06931,0.597855,3.64499,0.353796,-6.47618
8.07921,0.630629,2.95765,0.287809,-6.81752
8.08911,0.656423,2.23886,0.218795,-7.08612
8.09901,0.674963,1.49629,0.14749,-7.27914
8.10891,0.686053,0.73786,0.0746541,-7.39453
8.11881,0.689575,-0.0283382,0.0010637,-7.4311
8.12871,0.685492,-0.794141,-0.0724967,-7.38849
8.13861,0.67385,-1.55139,-0.145243,-7.26717
8.14851,0.654772,-2.29204,-0.216401,-7.06846
8.15842,0.628463,-3.00819,-0.285213,-6.79449
8.16832,0.595204,-3.69225,-0.350946,-6.4482
8.17822,0.55535,-4.33693,-0.412901,-6.03329
8.18812,0.509324,-4.9354,-0.470417,-5.55418
8.19802,0.457619,-5.48128,-0.522885,-5.01597
8.20792,0.400784,-5.96879,-0.569744,-4.42441
8.21782,0.339425,-6.39274,-0.610497,-3.78577
8.22772,0.274195,-6.74864,-0.64471,-3.10686
8.23762,0.205788,-7.0327,-0.672019,-2.39489
8.24752,0.134934,-7.24189,-0.692134,-1.65743
8.25743,0.0623846,-7.37399,-0.704839,-0.902318
8.26733,-0.0110862,-7.42758,-0.710001,-0.137582
8.27723,-0.0846964,-7.40209,-0.707564,0.628647
8.28713,-0.157662,-7.29777,-0.697553,1.38822
8.29703,-0.229207,-7.11572,-0.680074,2.13305
8.30693,-0.298568,-6.85785,-0.655314,2.85521
8.31683,-0.365006,-6.52688,-0.623535,3.54701
8.32673,-0.427813,-6.12633,-0.585075,4.20108
8.33663,-0.486319,-5.66044,-0.540345,4.81043
8.34653,-0.5399,-5.13415,-0.489819,5.36856
8.35644,-0.587985,-4.55304,-0.434036,5.8695
8.36634,-0.630059,-3.9233,-0.373591,6.3079
8.37624,-0.665674,-3.25163,-0.309127,6.67905
8.38614,-0.694447,-2.54517,-0.241333,6.97897
8.39604,-0.716073,-1.81145,-0.17093,7.20444
8.40594,-0.730317,-1.0583,-0.0986704,7.35302
8.41584,-0.737029,-0.293765,-0.0253256,7.42309
8.42574,-0.736134,0.474,0.0483214,7.41389
8.43564,-0.727642,1.23679,0.121484,7.32549
8.44554,-0.711643,1.98645,0.19338,7.15881
8.45545,-0.688306,2.71496,0.263242,6.91561
8.46535,-0.657881,3.41452,0.330323,6.59849
8.47525,-0.620692,4.07764,0.393905,6.21081
8.48515,-0.577135,4.69723,0.453309,5.75672
8.49505,-0.527677,5.26663,0.507899,5.24106
8.50495,-0.472845,5.77976,0.557092,4.66934
8.51485,-0.413226,6.23112,0.600361,4.0477
8.52475,-0.349457,6.61588,0.637244,3.38276
8.53465,-0.282219,6.92992,0.667346,2.68166
8.54455,-0.212231,7.16988,0.690346,1.9519
8.55446,-0.140241,7.3332,0.705998,1.20128
8.56436,-0.0670193,7.41815,0.714134,0.437849
8.57426,0.00665249,7.42382,0.714668,-0.330229
8.58416,0.0799869,7.35017,0.707595,-1.09474
8.59406,0.1522,7.198,0.692991,-1.8475
8.60396,0.222522,6.96897,0.671011,-2.58048
8.61386,0.2902,6.66553,0.641892,-3.28583
8.62376,0.354512,6.29096,0.605946,-3.95604
8.63366,0.414773,5.84927,0.563555,-4.58395
8.64356,0.47034,5.3452,0.515175,-5.16287
8.65347,0.520619,4.78416,0.46132,-5.68664
8.66337,0.565076,4.17214,0.402568,-6.14968
8.67327,0.603236,3.51571,0.339545,-6.54708
8.68317,0.634694,2.82186,0.272923,-6.87463
8.69307,0.659115,2.09801,0.203414,-7.12884
8.70297,0.67624,1.35189,0.131758,-7.30704
8.71287,0.685886,0.591455,0.0587197,-7.40735
8.72277,0.687952,-0.1752,-0.0149224,-7.42873
8.73267,0.682417,-0.939906,-0.0883839,-7.37096
8.74257,0.66934,-1.69452,-0.160882,-7.23469
8.75248,0.648862,-2.43102,-0.231645,-7.02139
8.76238,0.621202,-3.14157,-0.29992,-6.73334
8.77228,0.586653,-3.81862,-0.364979,-6.37362
8.78218,0.545585,-4.45496,-0.426131,-5.94606
8.79208,0.498436,-5.04384,-0.482723,-5.45522
8.80198,0.445707,-5.579,-0.534155,-4.90633
8.81188,0.387961,-6.05474,-0.579879,-4.30522
8.82178,0.325811,-6.46602,-0.619407,-3.65828
8.83168,0.259921,-6.80845,-0.65232,-2.9724
8.84158,0.19099,-7.0784,-0.678266,-2.25487
8.85149,0.119754,-7.27298,-0.696971,-1.51331
8.86139,0.0469707,-7.39012,-0.708233,-0.755608
8.87129,-0.026585,-7.42855,-0.711933,0.0101732
8.88119,-0.100129,-7.38786,-0.708031,0.77589
8.89109,-0.172879,-7.26845,-0.696569,1.53339
8.90099,-0.244059,-7.07158,-0.677667,2.27462
8.91089,-0.312911,-6.79933,-0.651526,2.99166
8.92079,-0.378699,-6.45457,-0.618425,3.67689
8.93069,-0.440724,-6.04096,-0.578716,4.32298
8.94059,-0.498322,-5.56288,-0.532822,4.92304
8.9505,-0.550879,-5.0254,-0.48123,5.47066
8.9604,-0.597834,-4.43425,-0.424491,5.95998
8.9703,-0.638686,-3.7957,-0.36321,6.38576
8.9802,-0.672996,-3.11657,-0.298041,6.74343
8.9901,-0.700399,-2.40408,-0.229677,7.02915
9,-0.720602,-1.66584,-0.158849,7.23985
9.0099,-0.733386,-0.909724,-0.0863136,7.37326
9.0198,-0.738615,-0.143807,-0.0128443,7.42793
9.0297,-0.736233,0.623725,0.0607739,7.40325
9.0396,-0.726264,1.38467,0.133754,7.29946
9.0495,-0.708814,2.13088,0.205318,7.11767
9.05941,-0.684068,2.85438,0.274698,6.8598
9.06931,-0.652291,3.54742,0.341155,6.5286
9.07921,-0.613822,4.20259,0.403977,6.12759
9.08911,-0.569071,4.81287,0.462493,5.66108
9.09901,-0.518518,5.37173,0.516077,5.13403
9.10891,-0.462701,5.87318,0.564157,4.5521
9.11881,-0.402217,6.31187,0.606218,3.92151
9.12871,-0.337713,6.6831,0.641811,3.24901
9.13861,-0.269879,6.98289,0.670555,2.5418
9.14851,-0.199438,7.20807,0.692143,1.80745
9.15842,-0.127145,7.35621,0.706346,1.05381
9.16832,-0.0537708,7.42577,0.713011,0.288956
9.17822,0.0199,7.41599,0.712068,-0.478937
9.18812,0.0930804,7.32701,0.703527,-1.24166
9.19802,0.164989,7.15979,0.687481,-1.99107
9.20792,0.234859,6.91616,0.664101,-2.71916
9.21782,0.301943,6.59872,0.633637,-3.41815
9.22772,0.365526,6.21089,0.596415,-4.08058
9.23762,0.424931,5.75683,0.552833,-4.69941
9.24752,0.479524,5.24141,0.503357,-5.26804
9.25743,0.528722,4.67015,0.448516,-5.78041
9.26733,0.572002,4.04915,0.388894,-6.23108
9.27723,0.608904,3.38505,0.325128,-6.61526
9.28713,0.639033,2.68495,0.257899,-6.92889
9.29703,0.662071,1.9563,0.187923,-7.16863
9.30693,0.677772,1.20689,0.115946,-7.33195
9.31683,0.68597,0.444699,0.0427355,-7.41714
9.32673,0.686579,-0.322157,-0.0309284,-7.42331
9.33663,0.679591,-1.08551,-0.104261,-7.35041
9.34653,0.665084,-1.83724,-0.176481,-7.19922
9.35644,0.643211,-2.56935,-0.24682,-6.97137
9.36634,0.614206,-3.27406,-0.314528,-6.66931
9.37624,0.578378,-3.94386,-0.378886,-6.29624
9.38614,0.536109,-4.57164,-0.439207,-5.85614
9.39604,0.48785,-5.15072,-0.494849,-5.35369
9.40594,0.434115,-5.67495,-0.54522,-4.79425
9.41584,0.375475,-6.13874,-0.589785,-4.18376
9.42574,0.312555,-6.53717,-0.628067,-3.52871
9.43564,0.246026,-6.86597,-0.65966,-2.83606
9.44554,0.176595,-7.12166,-0.684227,-2.11318
9.45545,0.105003,-7.3015,-0.701505,-1.36776
9.46535,0.0320111,-7.40355,-0.711311,-0.607734
9.47525,-0.0416023,-7.42673,-0.713539,0.158822
9.48515,-0.115053,-7.37076,-0.708166,0.923743
9.49505,-0.187558,-7.23622,-0.695247,1.67888
9.50495,-0.258344,-7.02453,-0.67492,2.41619
9.51485,-0.326657,-6.73791,-0.647401,3.12781
9.52475,-0.391768,-6.37941,-0.612983,3.80615
9.53465,-0.452982,-5.95282,-0.572032,4.44396
9.54455,-0.509646,-5.46268,-0.524983,5.03442
9.55446,-0.561154,-4.91418,-0.47234,5.57122
9.56436,-0.606956,-4.31317,-0.414662,6.04863
9.57426,-0.646563,-3.66606,-0.352565,6.46153
9.58416,-0.67955,-2.97973,-0.286711,6.80548
9.59406,-0.705567,-2.2615,-0.217803,7.0768
9.60396,-0.724332,-1.51906,-0.146576,7.27256
9.61386,-0.735647,-0.760312,-0.0737917,7.39067
9.62376,-0.739388,0.00662328,-0.000226504,7.42983
9.63366,-0.735515,0.77355,0.0733335,7.38962
9.64356,-0.72407,1.53227,0.146102,7.27044
9.65347,-0.705173,2.27466,0.217303,7.07358
9.66337,-0.679027,2.99279,0.286173,6.80111
9.67327,-0.64591,3.67897,0.351978,6.45595
9.68317,-0.606176,4.32585,0.414013,6.04179
9.69307,-0.560249,4.92652,0.471617,5.56305
9.70297,-0.508621,5.47455,0.524173,5.02487
9.71287,-0.451842,5.96408,0.571119,4.43299
9.72277,-0.390521,6.38988,0.611955,3.79375
9.73267,-0.32531,6.7474,0.646243,3.114
9.74257,-0.256909,7.03282,0.673618,2.401
9.75248,-0.186047,7.24311,0.693788,1.66239
9.76238,-0.113481,7.37603,0.706537,0.906065
9.77228,-0.0399866,7.43018,0.71173,0.140114
9.78218,0.0336513,7.40498,0.709312,-0.627276
9.79208,0.106647,7.30074,0.699309,-1.38791
9.80198,0.17822,7.11857,0.681829,-2.13366
9.81188,0.247609,6.86046,0.657059,-2.85657
9.82178,0.314071,6.52917,0.625263,-3.54893
9.83168,0.376899,6.12826,0.586783,-4.20335
9.84158,0.435423,5.66203,0.542029,-4.81288
9.85149,0.489019,5.13546,0.491479,-5.37101
9.86139,0.537116,4.55419,0.435672,-5.87181
9.87129,0.579201,3.92443,0.375205,-6.30996
9.88119,0.614828,3.2529,0.310723,-6.68081
9.89109,0.643616,2.54678,0.242912,-6.98042
